# https://github.com/mikedh/trimesh

o CircularMaze
v -5.14285700 0.80000000 -4.57142900
v -5.14285700 0.80000000 -4.54857100
v -4.66285700 0.80000000 -4.77714300
v -4.66285700 0.00000000 -4.77714300
v -5.14285700 0.00000000 -4.54857100
v -5.14285700 0.00000000 -4.57142900
v -4.82285700 0.80000000 -4.89142900
v -4.82285700 0.00000000 -4.89142900
v -4.80000000 0.80000000 -4.89142900
v -4.80000000 0.00000000 -4.89142900
v -4.66285700 0.80000000 -5.02857100
v -4.66285700 0.00000000 -5.02857100
v -4.64000000 0.80000000 -5.02857100
v -4.64000000 0.00000000 -5.02857100
v -4.36571400 0.80000000 -5.28000000
v -4.41142900 0.80000000 -5.00571400
v -4.41142900 0.00000000 -5.00571400
v -4.36571400 0.00000000 -5.28000000
v -4.38857100 0.80000000 -5.00571400
v -4.38857100 0.00000000 -5.00571400
v -4.25142900 0.80000000 -5.14285700
v -4.25142900 0.00000000 -5.14285700
v -4.34285700 0.80000000 -5.28000000
v -4.34285700 0.00000000 -5.28000000
v -4.25142900 0.80000000 -5.37142900
v -4.22857100 0.80000000 -5.37142900
v -4.22857100 0.00000000 -5.37142900
v -4.25142900 0.00000000 -5.37142900
v -4.16000000 0.80000000 -5.44000000
v -4.13714300 0.80000000 -5.44000000
v -4.13714300 0.00000000 -5.44000000
v -4.16000000 0.00000000 -5.44000000
v -3.93142900 0.80000000 -5.60000000
v -4.00000000 0.80000000 -5.53142900
v -3.90857100 0.80000000 -5.60000000
v -3.90857100 0.00000000 -5.60000000
v -4.00000000 0.00000000 -5.53142900
v -3.93142900 0.00000000 -5.60000000
v -3.79428600 0.80000000 -5.69142900
v -3.70285700 0.80000000 -5.53142900
v -3.70285700 0.00000000 -5.53142900
v -3.79428600 0.00000000 -5.69142900
v -3.72571400 0.80000000 -5.71428600
v -3.72571400 0.00000000 -5.71428600
v -3.49714300 0.80000000 -5.87428600
v -3.54285700 0.80000000 -5.82857100
v -3.40571400 0.80000000 -5.71428600
v -3.40571400 0.00000000 -5.71428600
v -3.54285700 0.00000000 -5.82857100
v -3.49714300 0.00000000 -5.87428600
v -3.33714300 0.80000000 -5.73714300
v -3.33714300 0.00000000 -5.73714300
v -3.29142900 0.80000000 -5.78285700
v -3.29142900 0.00000000 -5.78285700
v -3.33714300 0.80000000 -5.94285700
v -3.33714300 0.00000000 -5.94285700
v -3.29142900 0.80000000 -5.98857100
v -3.29142900 0.00000000 -5.98857100
v -2.69714300 0.80000000 -6.08000000
v -2.69714300 0.00000000 -6.08000000
v -2.83428600 0.80000000 -6.21714300
v -2.83428600 0.00000000 -6.21714300
v -2.78857100 0.80000000 -6.21714300
v -2.78857100 0.00000000 -6.21714300
v -2.62857100 0.80000000 -6.30857100
v -2.65142900 0.80000000 -6.08000000
v -2.65142900 0.00000000 -6.08000000
v -2.62857100 0.00000000 -6.30857100
v -2.49142900 0.80000000 -6.17142900
v -2.49142900 0.00000000 -6.17142900
v -2.58285700 0.80000000 -6.30857100
v -2.58285700 0.00000000 -6.30857100
v -2.51428600 0.80000000 -6.35428600
v -2.51428600 0.00000000 -6.35428600
v -2.37714300 0.80000000 -6.19428600
v -2.37714300 0.00000000 -6.19428600
v -2.40000000 0.80000000 -6.37714300
v -2.40000000 0.00000000 -6.37714300
v -2.33142900 0.80000000 -6.42285700
v -2.30857100 0.80000000 -6.24000000
v -2.30857100 0.00000000 -6.24000000
v -2.33142900 0.00000000 -6.42285700
v -2.28571400 0.80000000 -6.42285700
v -2.28571400 0.00000000 -6.42285700
v -2.26285700 0.80000000 -6.44571400
v -2.21714300 0.80000000 -6.44571400
v -2.21714300 0.00000000 -6.44571400
v -2.26285700 0.00000000 -6.44571400
v -2.19428600 0.80000000 -6.46857100
v -2.14857100 0.80000000 -6.46857100
v -2.14857100 0.00000000 -6.46857100
v -2.19428600 0.00000000 -6.46857100
v -2.05714300 0.80000000 -6.51428600
v -2.03428600 0.80000000 -6.33142900
v -2.03428600 0.00000000 -6.33142900
v -2.05714300 0.00000000 -6.51428600
v -1.96571400 0.80000000 -6.35428600
v -1.96571400 0.00000000 -6.35428600
v -1.98857100 0.80000000 -6.51428600
v -1.98857100 0.00000000 -6.51428600
v -1.82857100 0.80000000 -6.58285700
v -1.92000000 0.80000000 -6.53714300
v -1.82857100 0.80000000 -6.40000000
v -1.82857100 0.00000000 -6.40000000
v -1.92000000 0.00000000 -6.53714300
v -1.82857100 0.00000000 -6.58285700
v -1.76000000 0.80000000 -6.58285700
v -1.76000000 0.00000000 -6.58285700
v -1.66857100 0.80000000 -6.62857100
v -1.64571400 0.80000000 -6.44571400
v -1.64571400 0.00000000 -6.44571400
v -1.66857100 0.00000000 -6.62857100
v -1.57714300 0.80000000 -6.62857100
v -1.57714300 0.00000000 -6.62857100
v -1.48571400 0.80000000 -6.67428600
v -1.46285700 0.80000000 -6.65142900
v -1.46285700 0.00000000 -6.65142900
v -1.48571400 0.00000000 -6.67428600
v -1.37142900 0.80000000 -6.69714300
v -1.39428600 0.80000000 -6.67428600
v -1.28000000 0.80000000 -6.69714300
v -1.28000000 0.00000000 -6.69714300
v -1.39428600 0.00000000 -6.67428600
v -1.37142900 0.00000000 -6.69714300
v -1.25714300 0.80000000 -6.72000000
v -1.14285700 0.80000000 -6.72000000
v -1.14285700 0.00000000 -6.72000000
v -1.25714300 0.00000000 -6.72000000
v -1.12000000 0.80000000 -6.74285700
v -1.12000000 0.80000000 -6.56000000
v -1.12000000 0.00000000 -6.56000000
v -1.12000000 0.00000000 -6.74285700
v -0.98285700 0.80000000 -6.56000000
v -0.98285700 0.00000000 -6.56000000
v -0.98285700 0.80000000 -6.74285700
v -0.98285700 0.00000000 -6.74285700
v -0.82285700 0.80000000 -6.78857100
v -0.84571400 0.80000000 -6.76571400
v -0.66285700 0.80000000 -6.60571400
v -0.66285700 0.00000000 -6.60571400
v -0.84571400 0.00000000 -6.76571400
v -0.82285700 0.00000000 -6.78857100
v -0.64000000 0.80000000 -6.62857100
v -0.64000000 0.00000000 -6.62857100
v -0.64000000 0.80000000 -6.78857100
v -0.64000000 0.00000000 -6.78857100
v -0.61714300 0.80000000 -6.81142900
v -0.61714300 0.00000000 -6.81142900
v -0.36571400 0.80000000 -6.62857100
v -0.36571400 0.00000000 -6.62857100
v -0.34285700 0.80000000 -6.65142900
v -0.34285700 0.00000000 -6.65142900
v -0.20571400 0.80000000 -6.81142900
v -0.20571400 0.00000000 -6.81142900
v -0.20571400 0.80000000 -6.65142900
v -0.20571400 0.00000000 -6.65142900
v -0.18285700 0.80000000 -6.67428600
v -0.18285700 0.00000000 -6.67428600
v -0.18285700 0.80000000 -6.78857100
v -0.18285700 0.00000000 -6.78857100
v 1.23428600 0.80000000 -6.72000000
v 1.16571400 0.80000000 -6.72000000
v 1.14285700 0.80000000 -6.62857100
v 1.14285700 0.00000000 -6.62857100
v 1.16571400 0.00000000 -6.72000000
v 1.23428600 0.00000000 -6.72000000
v 1.25714300 0.80000000 -6.69714300
v 1.25714300 0.00000000 -6.69714300
v 1.37142900 0.80000000 -6.69714300
v 1.25714300 0.80000000 -6.53714300
v 1.25714300 0.00000000 -6.53714300
v 1.37142900 0.00000000 -6.69714300
v 1.39428600 0.80000000 -6.67428600
v 1.39428600 0.00000000 -6.67428600
v 1.46285700 0.80000000 -6.67428600
v 1.48571400 0.80000000 -6.65142900
v 1.48571400 0.00000000 -6.65142900
v 1.46285700 0.00000000 -6.67428600
v 1.55428600 0.80000000 -6.65142900
v 1.57714300 0.80000000 -6.62857100
v 1.57714300 0.00000000 -6.62857100
v 1.55428600 0.00000000 -6.65142900
v 1.64571400 0.80000000 -6.62857100
v 1.66857100 0.80000000 -6.60571400
v 1.66857100 0.00000000 -6.60571400
v 1.64571400 0.00000000 -6.62857100
v 1.82857100 0.80000000 -6.58285700
v 1.73714300 0.80000000 -6.42285700
v 1.73714300 0.00000000 -6.42285700
v 1.82857100 0.00000000 -6.58285700
v 1.85142900 0.80000000 -6.56000000
v 1.85142900 0.00000000 -6.56000000
v 2.05714300 0.80000000 -6.51428600
v 1.98857100 0.80000000 -6.51428600
v 2.08000000 0.80000000 -6.49142900
v 2.08000000 0.00000000 -6.49142900
v 1.98857100 0.00000000 -6.51428600
v 2.05714300 0.00000000 -6.51428600
v 2.19428600 0.80000000 -6.46857100
v 2.10285700 0.80000000 -6.30857100
v 2.10285700 0.00000000 -6.30857100
v 2.19428600 0.00000000 -6.46857100
v 2.17142900 0.80000000 -6.28571400
v 2.17142900 0.00000000 -6.28571400
v 2.26285700 0.80000000 -6.42285700
v 2.26285700 0.00000000 -6.42285700
v 2.51428600 0.80000000 -6.35428600
v 2.40000000 0.80000000 -6.37714300
v 2.37714300 0.80000000 -6.21714300
v 2.37714300 0.00000000 -6.21714300
v 2.40000000 0.00000000 -6.37714300
v 2.51428600 0.00000000 -6.35428600
v 2.62857100 0.80000000 -6.28571400
v 2.62857100 0.00000000 -6.28571400
v 2.67428600 0.80000000 -6.28571400
v 2.65142900 0.80000000 -6.08000000
v 2.65142900 0.00000000 -6.08000000
v 2.67428600 0.00000000 -6.28571400
v 2.69714300 0.80000000 -6.08000000
v 2.69714300 0.00000000 -6.08000000
v 2.88000000 0.80000000 -6.17142900
v 2.88000000 0.00000000 -6.17142900
v 2.92571400 0.80000000 -6.17142900
v 2.92571400 0.00000000 -6.17142900
v 3.24571400 0.80000000 -5.80571400
v 3.24571400 0.00000000 -5.80571400
v 3.24571400 0.80000000 -6.01142900
v 3.24571400 0.00000000 -6.01142900
v 3.29142900 0.80000000 -5.96571400
v 3.29142900 0.00000000 -5.96571400
v 3.45142900 0.80000000 -5.89714300
v 3.45142900 0.00000000 -5.89714300
v 3.29142900 0.80000000 -5.76000000
v 3.29142900 0.00000000 -5.76000000
v 3.49714300 0.80000000 -5.85142900
v 3.49714300 0.00000000 -5.85142900
v 3.56571400 0.80000000 -5.82857100
v 3.52000000 0.80000000 -5.64571400
v 3.52000000 0.00000000 -5.64571400
v 3.56571400 0.00000000 -5.82857100
v 3.68000000 0.80000000 -5.73714300
v 3.68000000 0.00000000 -5.73714300
v 3.74857100 0.80000000 -5.71428600
v 3.79428600 0.80000000 -5.66857100
v 3.79428600 0.00000000 -5.66857100
v 3.74857100 0.00000000 -5.71428600
v 3.81714300 0.80000000 -5.66857100
v 3.86285700 0.80000000 -5.62285700
v 3.86285700 0.00000000 -5.62285700
v 3.81714300 0.00000000 -5.66857100
v 3.95428600 0.80000000 -5.57714300
v 3.84000000 0.80000000 -5.44000000
v 3.84000000 0.00000000 -5.44000000
v 3.95428600 0.00000000 -5.57714300
v 4.02285700 0.80000000 -5.50857100
v 4.02285700 0.00000000 -5.50857100
v 4.11428600 0.80000000 -5.46285700
v 4.02285700 0.80000000 -5.30285700
v 4.02285700 0.00000000 -5.30285700
v 4.11428600 0.00000000 -5.46285700
v 4.11428600 0.80000000 -5.21142900
v 4.11428600 0.00000000 -5.21142900
v 4.29714300 0.80000000 -5.30285700
v 4.29714300 0.00000000 -5.30285700
v 4.32000000 0.80000000 -5.30285700
v 4.41142900 0.80000000 -5.21142900
v 4.41142900 0.00000000 -5.21142900
v 4.32000000 0.00000000 -5.30285700
v 4.43428600 0.80000000 -5.21142900
v 4.32000000 0.80000000 -5.07428600
v 4.32000000 0.00000000 -5.07428600
v 4.43428600 0.00000000 -5.21142900
v 4.59428600 0.80000000 -5.05142900
v 4.59428600 0.00000000 -5.05142900
v 4.61714300 0.80000000 -5.05142900
v 4.52571400 0.80000000 -4.89142900
v 4.52571400 0.00000000 -4.89142900
v 4.61714300 0.00000000 -5.05142900
v 4.82285700 0.80000000 -4.84571400
v 4.82285700 0.00000000 -4.84571400
v 4.84571400 0.80000000 -4.84571400
v 4.91428600 0.80000000 -4.75428600
v 4.91428600 0.00000000 -4.75428600
v 4.84571400 0.00000000 -4.84571400
v 4.91428600 0.80000000 -4.77714300
v 4.91428600 0.00000000 -4.77714300
v 5.14285700 0.80000000 -4.52571400
v 4.98285700 0.80000000 -4.43428600
v 4.98285700 0.00000000 -4.43428600
v 5.14285700 0.00000000 -4.52571400
v 5.14285700 0.80000000 -4.50285700
v 5.14285700 0.00000000 -4.50285700
v 5.41714300 0.80000000 -4.20571400
v 5.28000000 0.80000000 -4.09142900
v 5.28000000 0.00000000 -4.09142900
v 5.41714300 0.00000000 -4.20571400
v 5.41714300 0.80000000 -4.18285700
v 5.41714300 0.00000000 -4.18285700
v 5.50857100 0.80000000 -4.09142900
v 5.50857100 0.80000000 -4.06857100
v 5.50857100 0.00000000 -4.06857100
v 5.50857100 0.00000000 -4.09142900
v 5.64571400 0.80000000 -3.90857100
v 5.41714300 0.80000000 -3.90857100
v 5.41714300 0.00000000 -3.90857100
v 5.64571400 0.00000000 -3.90857100
v 5.48571400 0.80000000 -3.81714300
v 5.48571400 0.00000000 -3.81714300
v 5.64571400 0.80000000 -3.88571400
v 5.64571400 0.00000000 -3.88571400
v 5.85142900 0.80000000 -3.61142900
v 5.78285700 0.80000000 -3.68000000
v 5.66857100 0.80000000 -3.54285700
v 5.66857100 0.00000000 -3.54285700
v 5.78285700 0.00000000 -3.68000000
v 5.85142900 0.00000000 -3.61142900
v 5.73714300 0.80000000 -3.45142900
v 5.73714300 0.00000000 -3.45142900
v 5.87428600 0.80000000 -3.54285700
v 5.87428600 0.00000000 -3.54285700
v 5.92000000 0.80000000 -3.49714300
v 5.92000000 0.00000000 -3.49714300
v 5.94285700 0.80000000 -3.42857100
v 5.94285700 0.00000000 -3.42857100
v 5.98857100 0.80000000 -3.38285700
v 5.85142900 0.80000000 -3.22285700
v 5.85142900 0.00000000 -3.22285700
v 5.98857100 0.00000000 -3.38285700
v 6.03428600 0.80000000 -3.26857100
v 6.03428600 0.00000000 -3.26857100
v 6.08000000 0.80000000 -3.22285700
v 5.89714300 0.80000000 -3.17714300
v 5.89714300 0.00000000 -3.17714300
v 6.08000000 0.00000000 -3.22285700
v 5.96571400 0.80000000 -3.01714300
v 5.96571400 0.00000000 -3.01714300
v 6.01142900 0.80000000 -2.97142900
v 6.01142900 0.00000000 -2.97142900
v 6.37714300 0.80000000 -2.62857100
v 6.37714300 0.00000000 -2.62857100
v 6.14857100 0.80000000 -2.69714300
v 6.14857100 0.00000000 -2.69714300
v 6.14857100 0.80000000 -2.65142900
v 6.14857100 0.00000000 -2.65142900
v 6.24000000 0.80000000 -2.49142900
v 6.24000000 0.00000000 -2.49142900
v 6.37714300 0.80000000 -2.58285700
v 6.37714300 0.00000000 -2.58285700
v 6.44571400 0.80000000 -2.46857100
v 6.44571400 0.00000000 -2.46857100
v 6.24000000 0.80000000 -2.44571400
v 6.24000000 0.00000000 -2.44571400
v 6.44571400 0.80000000 -2.42285700
v 6.44571400 0.00000000 -2.42285700
v 6.49142900 0.80000000 -2.35428600
v 6.30857100 0.80000000 -2.33142900
v 6.30857100 0.00000000 -2.33142900
v 6.49142900 0.00000000 -2.35428600
v 6.33142900 0.80000000 -2.21714300
v 6.33142900 0.00000000 -2.21714300
v 6.51428600 0.80000000 -2.24000000
v 6.51428600 0.00000000 -2.24000000
v 6.56000000 0.80000000 -2.17142900
v 6.37714300 0.80000000 -2.14857100
v 6.37714300 0.00000000 -2.14857100
v 6.56000000 0.00000000 -2.17142900
v 6.56000000 0.80000000 -2.12571400
v 6.56000000 0.00000000 -2.12571400
v 6.58285700 0.80000000 -2.10285700
v 6.58285700 0.80000000 -2.05714300
v 6.58285700 0.00000000 -2.05714300
v 6.58285700 0.00000000 -2.10285700
v 6.60571400 0.80000000 -2.03428600
v 6.60571400 0.80000000 -1.98857100
v 6.60571400 0.00000000 -1.98857100
v 6.60571400 0.00000000 -2.03428600
v 6.62857100 0.80000000 -1.96571400
v 6.62857100 0.80000000 -1.92000000
v 6.62857100 0.00000000 -1.92000000
v 6.62857100 0.00000000 -1.96571400
v 6.65142900 0.80000000 -1.89714300
v 6.65142900 0.80000000 -1.85142900
v 6.65142900 0.00000000 -1.85142900
v 6.65142900 0.00000000 -1.89714300
v 6.69714300 0.80000000 -1.76000000
v 6.51428600 0.80000000 -1.73714300
v 6.51428600 0.00000000 -1.73714300
v 6.69714300 0.00000000 -1.76000000
v 6.69714300 0.80000000 -1.69142900
v 6.69714300 0.00000000 -1.69142900
v 6.78857100 0.80000000 -1.41714300
v 6.74285700 0.80000000 -1.50857100
v 6.60571400 0.80000000 -1.39428600
v 6.60571400 0.00000000 -1.39428600
v 6.74285700 0.00000000 -1.50857100
v 6.78857100 0.00000000 -1.41714300
v 6.78857100 0.80000000 -1.32571400
v 6.78857100 0.00000000 -1.32571400
v 6.81142900 0.80000000 -1.30285700
v 6.81142900 0.80000000 -1.21142900
v 6.81142900 0.00000000 -1.21142900
v 6.81142900 0.00000000 -1.30285700
v 6.83428600 0.80000000 -1.18857100
v 6.83428600 0.80000000 -1.09714300
v 6.83428600 0.00000000 -1.09714300
v 6.83428600 0.00000000 -1.18857100
v 6.85714300 0.80000000 -1.07428600
v 6.69714300 0.80000000 -0.98285700
v 6.69714300 0.00000000 -0.98285700
v 6.85714300 0.00000000 -1.07428600
v 6.85714300 0.80000000 -0.93714300
v 6.85714300 0.00000000 -0.93714300
v 6.90285700 0.80000000 -0.80000000
v 6.88000000 0.80000000 -0.82285700
v 6.74285700 0.80000000 -0.64000000
v 6.74285700 0.00000000 -0.64000000
v 6.88000000 0.00000000 -0.82285700
v 6.90285700 0.00000000 -0.80000000
v 6.90285700 0.80000000 -0.64000000
v 6.90285700 0.00000000 -0.64000000
v 6.92571400 0.80000000 -0.61714300
v 6.74285700 0.80000000 -0.43428600
v 6.74285700 0.00000000 -0.43428600
v 6.92571400 0.00000000 -0.61714300
v 6.76571400 0.80000000 -0.41142900
v 6.76571400 0.00000000 -0.41142900
v 6.92571400 0.80000000 -0.38857100
v 6.92571400 0.00000000 -0.38857100
v 6.94857100 0.80000000 -0.36571400
v 6.94857100 0.00000000 -0.36571400
v 6.76571400 0.80000000 -0.02285700
v 6.76571400 0.00000000 -0.02285700
v 6.78857100 0.80000000 -0.00000000
v 6.78857100 0.00000000 -0.00000000
v 6.94857100 0.80000000 0.75428600
v 6.94857100 0.00000000 0.75428600
v 4.84571400 0.80000000 5.25714300
v 4.96000000 0.80000000 5.14285700
v 4.82285700 0.80000000 5.25714300
v 4.82285700 0.00000000 5.25714300
v 4.96000000 0.00000000 5.14285700
v 4.84571400 0.00000000 5.25714300
v 4.52571400 0.80000000 5.55428600
v 4.52571400 0.80000000 5.30285700
v 4.52571400 0.00000000 5.30285700
v 4.52571400 0.00000000 5.55428600
v 4.50285700 0.80000000 5.30285700
v 4.50285700 0.00000000 5.30285700
v 4.50285700 0.80000000 5.55428600
v 4.50285700 0.00000000 5.55428600
v 4.25142900 0.80000000 5.78285700
v 4.34285700 0.80000000 5.46285700
v 4.34285700 0.00000000 5.46285700
v 4.25142900 0.00000000 5.78285700
v 4.32000000 0.80000000 5.46285700
v 4.32000000 0.00000000 5.46285700
v 4.09142900 0.80000000 5.66857100
v 4.09142900 0.00000000 5.66857100
v 4.16000000 0.80000000 5.82857100
v 4.16000000 0.00000000 5.82857100
v 4.06857100 0.80000000 5.92000000
v 4.04571400 0.80000000 5.92000000
v 4.04571400 0.00000000 5.92000000
v 4.06857100 0.00000000 5.92000000
v 3.84000000 0.80000000 6.08000000
v 3.90857100 0.80000000 6.01142900
v 3.77142900 0.80000000 5.89714300
v 3.77142900 0.00000000 5.89714300
v 3.90857100 0.00000000 6.01142900
v 3.84000000 0.00000000 6.08000000
v 3.77142900 0.80000000 6.10285700
v 3.77142900 0.00000000 6.10285700
v 3.58857100 0.80000000 6.24000000
v 3.61142900 0.80000000 6.01142900
v 3.61142900 0.00000000 6.01142900
v 3.58857100 0.00000000 6.24000000
v 3.47428600 0.80000000 6.08000000
v 3.47428600 0.00000000 6.08000000
v 3.52000000 0.80000000 6.26285700
v 3.52000000 0.00000000 6.26285700
v 3.47428600 0.80000000 6.30857100
v 3.42857100 0.80000000 6.12571400
v 3.42857100 0.00000000 6.12571400
v 3.47428600 0.00000000 6.30857100
v 3.40571400 0.80000000 6.33142900
v 3.40571400 0.00000000 6.33142900
v 3.36000000 0.80000000 6.37714300
v 3.36000000 0.00000000 6.37714300
v 2.97142900 0.80000000 6.35428600
v 2.97142900 0.00000000 6.35428600
v 2.85714300 0.80000000 6.62857100
v 2.85714300 0.00000000 6.62857100
v 2.88000000 0.80000000 6.42285700
v 2.88000000 0.00000000 6.42285700
v 2.83428600 0.80000000 6.42285700
v 2.83428600 0.00000000 6.42285700
v 2.81142900 0.80000000 6.62857100
v 2.81142900 0.00000000 6.62857100
v 2.69714300 0.80000000 6.69714300
v 2.72000000 0.80000000 6.49142900
v 2.72000000 0.00000000 6.49142900
v 2.69714300 0.00000000 6.69714300
v 2.67428600 0.80000000 6.49142900
v 2.67428600 0.00000000 6.49142900
v 2.65142900 0.80000000 6.69714300
v 2.65142900 0.00000000 6.69714300
v 2.42285700 0.80000000 6.81142900
v 2.53714300 0.80000000 6.74285700
v 2.44571400 0.80000000 6.60571400
v 2.44571400 0.00000000 6.60571400
v 2.53714300 0.00000000 6.74285700
v 2.42285700 0.00000000 6.81142900
v 2.40000000 0.80000000 6.60571400
v 2.40000000 0.00000000 6.60571400
v 2.33142900 0.80000000 6.65142900
v 2.33142900 0.00000000 6.65142900
v 2.37714300 0.80000000 6.81142900
v 2.37714300 0.00000000 6.81142900
v 2.35428600 0.80000000 6.83428600
v 2.28571400 0.80000000 6.83428600
v 2.28571400 0.00000000 6.83428600
v 2.35428600 0.00000000 6.83428600
v 2.21714300 0.80000000 6.88000000
v 2.19428600 0.80000000 6.69714300
v 2.19428600 0.00000000 6.69714300
v 2.21714300 0.00000000 6.88000000
v 2.17142900 0.80000000 6.88000000
v 2.17142900 0.00000000 6.88000000
v 2.14857100 0.80000000 6.90285700
v 2.10285700 0.80000000 6.90285700
v 2.10285700 0.00000000 6.90285700
v 2.14857100 0.00000000 6.90285700
v 2.01142900 0.80000000 6.94857100
v 1.98857100 0.80000000 6.76571400
v 1.98857100 0.00000000 6.76571400
v 2.01142900 0.00000000 6.94857100
v 1.94285700 0.80000000 6.94857100
v 1.94285700 0.00000000 6.94857100
v 1.66857100 0.80000000 7.04000000
v 1.69142900 0.80000000 7.01714300
v 1.60000000 0.80000000 7.04000000
v 1.60000000 0.00000000 7.04000000
v 1.69142900 0.00000000 7.01714300
v 1.66857100 0.00000000 7.04000000
v 1.57714300 0.80000000 7.06285700
v 1.48571400 0.80000000 7.06285700
v 1.48571400 0.00000000 7.06285700
v 1.57714300 0.00000000 7.06285700
v 1.46285700 0.80000000 7.08571400
v 1.37142900 0.80000000 7.08571400
v 1.37142900 0.00000000 7.08571400
v 1.46285700 0.00000000 7.08571400
v 1.34857100 0.80000000 7.10857100
v 1.28000000 0.80000000 6.94857100
v 1.28000000 0.00000000 6.94857100
v 1.34857100 0.00000000 7.10857100
v 1.23428600 0.80000000 7.10857100
v 1.23428600 0.00000000 7.10857100
v 1.12000000 0.80000000 7.15428600
v 1.14285700 0.80000000 7.13142900
v 0.98285700 0.80000000 6.99428600
v 0.98285700 0.00000000 6.99428600
v 1.14285700 0.00000000 7.13142900
v 1.12000000 0.00000000 7.15428600
v 0.98285700 0.80000000 7.15428600
v 0.98285700 0.00000000 7.15428600
v 0.96000000 0.80000000 7.17714300
v 0.80000000 0.80000000 6.99428600
v 0.80000000 0.00000000 6.99428600
v 0.96000000 0.00000000 7.17714300
v 0.80000000 0.80000000 7.17714300
v 0.80000000 0.00000000 7.17714300
v 0.77714300 0.80000000 7.20000000
v 0.77714300 0.80000000 7.01714300
v 0.77714300 0.00000000 7.01714300
v 0.77714300 0.00000000 7.20000000
v 0.57142900 0.80000000 7.01714300
v 0.57142900 0.00000000 7.01714300
v 0.54857100 0.80000000 7.20000000
v 0.54857100 0.00000000 7.20000000
v 0.52571400 0.80000000 7.22285700
v 0.34285700 0.80000000 7.04000000
v 0.34285700 0.00000000 7.04000000
v 0.52571400 0.00000000 7.22285700
v 0.32000000 0.80000000 7.06285700
v 0.32000000 0.00000000 7.06285700
v 0.27428600 0.80000000 7.22285700
v 0.27428600 0.00000000 7.22285700
v 0.25142900 0.80000000 7.24571400
v 0.22857100 0.80000000 7.22285700
v 0.22857100 0.00000000 7.22285700
v 0.25142900 0.00000000 7.24571400
v 0.20571400 0.80000000 7.24571400
v -0.16000000 0.80000000 7.22285700
v -0.16000000 0.00000000 7.22285700
v 0.20571400 0.00000000 7.24571400
v -0.13714300 0.80000000 7.24571400
v -0.13714300 0.00000000 7.24571400
v -0.18285700 0.80000000 7.24571400
v -0.20571400 0.80000000 7.22285700
v -0.20571400 0.00000000 7.22285700
v -0.18285700 0.00000000 7.24571400
v -0.70857100 0.80000000 7.20000000
v -0.45714300 0.80000000 7.20000000
v -0.50285700 0.80000000 7.04000000
v -0.50285700 0.00000000 7.04000000
v -0.45714300 0.00000000 7.20000000
v -0.70857100 0.00000000 7.20000000
v -0.52571400 0.80000000 7.01714300
v -0.52571400 0.00000000 7.01714300
v -0.73142900 0.80000000 7.17714300
v -0.73142900 0.00000000 7.17714300
v -0.91428600 0.80000000 7.17714300
v -0.75428600 0.80000000 7.01714300
v -0.75428600 0.00000000 7.01714300
v -0.91428600 0.00000000 7.17714300
v -0.77714300 0.80000000 6.99428600
v -0.77714300 0.00000000 6.99428600
v -0.93714300 0.80000000 7.15428600
v -0.93714300 0.00000000 7.15428600
v -1.09714300 0.80000000 7.15428600
v -0.93714300 0.80000000 6.99428600
v -0.93714300 0.00000000 6.99428600
v -1.09714300 0.00000000 7.15428600
v -1.07428600 0.80000000 6.97142900
v -1.07428600 0.00000000 6.97142900
v -1.12000000 0.80000000 7.13142900
v -1.12000000 0.00000000 7.13142900
v -1.32571400 0.80000000 7.10857100
v -1.21142900 0.80000000 7.10857100
v -1.23428600 0.80000000 6.94857100
v -1.23428600 0.00000000 6.94857100
v -1.21142900 0.00000000 7.10857100
v -1.32571400 0.00000000 7.10857100
v -1.34857100 0.80000000 7.08571400
v -1.34857100 0.00000000 7.08571400
v -1.44000000 0.80000000 7.08571400
v -1.46285700 0.80000000 7.06285700
v -1.46285700 0.00000000 7.06285700
v -1.44000000 0.00000000 7.08571400
v -1.64571400 0.80000000 7.04000000
v -1.55428600 0.80000000 7.04000000
v -1.62285700 0.80000000 6.85714300
v -1.62285700 0.00000000 6.85714300
v -1.55428600 0.00000000 7.04000000
v -1.64571400 0.00000000 7.04000000
v -1.73714300 0.80000000 6.99428600
v -1.73714300 0.00000000 6.99428600
v -1.89714300 0.80000000 6.97142900
v -1.80571400 0.80000000 6.78857100
v -1.80571400 0.00000000 6.78857100
v -1.89714300 0.00000000 6.97142900
v -1.87428600 0.80000000 6.78857100
v -1.87428600 0.00000000 6.78857100
v -1.98857100 0.80000000 6.92571400
v -1.98857100 0.00000000 6.92571400
v -2.05714300 0.80000000 6.92571400
v -2.03428600 0.80000000 6.74285700
v -2.03428600 0.00000000 6.74285700
v -2.05714300 0.00000000 6.92571400
v -2.12571400 0.80000000 6.88000000
v -2.12571400 0.00000000 6.88000000
v -2.19428600 0.80000000 6.88000000
v -2.21714300 0.80000000 6.85714300
v -2.21714300 0.00000000 6.85714300
v -2.19428600 0.00000000 6.88000000
v -2.33142900 0.80000000 6.83428600
v -2.24000000 0.80000000 6.67428600
v -2.24000000 0.00000000 6.67428600
v -2.33142900 0.00000000 6.83428600
v -2.30857100 0.80000000 6.65142900
v -2.30857100 0.00000000 6.65142900
v -2.40000000 0.80000000 6.78857100
v -2.40000000 0.00000000 6.78857100
v -2.62857100 0.80000000 6.72000000
v -2.58285700 0.80000000 6.72000000
v -2.60571400 0.80000000 6.53714300
v -2.60571400 0.00000000 6.53714300
v -2.58285700 0.00000000 6.72000000
v -2.62857100 0.00000000 6.72000000
v -2.69714300 0.80000000 6.67428600
v -2.69714300 0.00000000 6.67428600
v -2.74285700 0.80000000 6.67428600
v -2.72000000 0.80000000 6.46857100
v -2.72000000 0.00000000 6.46857100
v -2.74285700 0.00000000 6.67428600
v -2.76571400 0.80000000 6.46857100
v -2.76571400 0.00000000 6.46857100
v -2.90285700 0.80000000 6.58285700
v -2.90285700 0.00000000 6.58285700
v -2.94857100 0.80000000 6.58285700
v -2.94857100 0.00000000 6.58285700
v -3.36000000 0.80000000 6.17142900
v -3.36000000 0.00000000 6.17142900
v -3.36000000 0.80000000 6.37714300
v -3.36000000 0.00000000 6.37714300
v -3.40571400 0.80000000 6.33142900
v -3.40571400 0.00000000 6.33142900
v -3.52000000 0.80000000 6.28571400
v -3.52000000 0.00000000 6.28571400
v -3.40571400 0.80000000 6.12571400
v -3.40571400 0.00000000 6.12571400
v -3.47428600 0.80000000 6.10285700
v -3.47428600 0.00000000 6.10285700
v -3.56571400 0.80000000 6.24000000
v -3.56571400 0.00000000 6.24000000
v -3.68000000 0.80000000 6.19428600
v -3.58857100 0.80000000 6.03428600
v -3.58857100 0.00000000 6.03428600
v -3.68000000 0.00000000 6.19428600
v -3.63428600 0.80000000 5.98857100
v -3.63428600 0.00000000 5.98857100
v -3.79428600 0.80000000 6.10285700
v -3.79428600 0.00000000 6.10285700
v -3.93142900 0.80000000 6.03428600
v -3.77142900 0.80000000 5.92000000
v -3.77142900 0.00000000 5.92000000
v -3.93142900 0.00000000 6.03428600
v -4.00000000 0.80000000 5.96571400
v -4.00000000 0.00000000 5.96571400
v -4.09142900 0.80000000 5.92000000
v -3.97714300 0.80000000 5.78285700
v -3.97714300 0.00000000 5.78285700
v -4.09142900 0.00000000 5.92000000
v -4.16000000 0.80000000 5.85142900
v -4.16000000 0.00000000 5.85142900
v -4.25142900 0.80000000 5.80571400
v -4.09142900 0.80000000 5.69142900
v -4.09142900 0.00000000 5.69142900
v -4.25142900 0.00000000 5.80571400
v -4.18285700 0.80000000 5.62285700
v -4.18285700 0.00000000 5.62285700
v -4.29714300 0.80000000 5.53142900
v -4.29714300 0.00000000 5.53142900
v -4.45714300 0.80000000 5.62285700
v -4.45714300 0.00000000 5.62285700
v -4.48000000 0.80000000 5.62285700
v -4.64000000 0.80000000 5.46285700
v -4.64000000 0.00000000 5.46285700
v -4.48000000 0.00000000 5.62285700
v -4.66285700 0.80000000 5.46285700
v -4.59428600 0.80000000 5.28000000
v -4.59428600 0.00000000 5.28000000
v -4.66285700 0.00000000 5.46285700
v -5.07428600 0.80000000 4.80000000
v -5.07428600 0.00000000 4.80000000
v -5.25714300 0.80000000 4.86857100
v -5.25714300 0.00000000 4.86857100
v -5.25714300 0.80000000 4.84571400
v -5.25714300 0.00000000 4.84571400
v -5.39428600 0.80000000 4.70857100
v -5.16571400 0.80000000 4.68571400
v -5.16571400 0.00000000 4.68571400
v -5.39428600 0.00000000 4.70857100
v -5.39428600 0.80000000 4.68571400
v -5.39428600 0.00000000 4.68571400
v -5.57714300 0.80000000 4.48000000
v -5.30285700 0.80000000 4.52571400
v -5.30285700 0.00000000 4.52571400
v -5.57714300 0.00000000 4.48000000
v -5.39428600 0.80000000 4.41142900
v -5.39428600 0.00000000 4.41142900
v -5.57714300 0.80000000 4.45714300
v -5.57714300 0.00000000 4.45714300
v -5.76000000 0.80000000 4.22857100
v -5.69142900 0.80000000 4.29714300
v -5.76000000 0.80000000 4.20571400
v -5.76000000 0.00000000 4.20571400
v -5.69142900 0.00000000 4.29714300
v -5.76000000 0.00000000 4.22857100
v -5.85142900 0.80000000 4.09142900
v -5.64571400 0.80000000 4.06857100
v -5.64571400 0.00000000 4.06857100
v -5.85142900 0.00000000 4.09142900
v -5.69142900 0.80000000 3.97714300
v -5.69142900 0.00000000 3.97714300
v -5.87428600 0.80000000 4.02285700
v -5.87428600 0.00000000 4.02285700
v -5.96571400 0.80000000 3.90857100
v -5.78285700 0.80000000 3.86285700
v -5.78285700 0.00000000 3.86285700
v -5.96571400 0.00000000 3.90857100
v -5.98857100 0.80000000 3.84000000
v -5.98857100 0.00000000 3.84000000
v -6.03428600 0.80000000 3.79428600
v -5.89714300 0.80000000 3.63428600
v -5.89714300 0.00000000 3.63428600
v -6.03428600 0.00000000 3.79428600
v -6.08000000 0.80000000 3.68000000
v -6.08000000 0.00000000 3.68000000
v -6.12571400 0.80000000 3.63428600
v -5.94285700 0.80000000 3.58857100
v -5.94285700 0.00000000 3.58857100
v -6.12571400 0.00000000 3.63428600
v -6.40000000 0.80000000 3.08571400
v -6.40000000 0.00000000 3.08571400
v -6.28571400 0.80000000 2.90285700
v -6.28571400 0.00000000 2.90285700
v -6.40000000 0.80000000 3.04000000
v -6.40000000 0.00000000 3.04000000
v -6.53714300 0.80000000 2.76571400
v -6.33142900 0.80000000 2.78857100
v -6.33142900 0.00000000 2.78857100
v -6.53714300 0.00000000 2.76571400
v -6.33142900 0.80000000 2.74285700
v -6.33142900 0.00000000 2.74285700
v -6.37714300 0.80000000 2.67428600
v -6.37714300 0.00000000 2.67428600
v -6.53714300 0.80000000 2.72000000
v -6.53714300 0.00000000 2.72000000
v -6.62857100 0.80000000 2.51428600
v -6.58285700 0.80000000 2.58285700
v -6.46857100 0.80000000 2.42285700
v -6.46857100 0.00000000 2.42285700
v -6.58285700 0.00000000 2.58285700
v -6.62857100 0.00000000 2.51428600
v -6.62857100 0.80000000 2.46857100
v -6.62857100 0.00000000 2.46857100
v -6.65142900 0.80000000 2.44571400
v -6.65142900 0.80000000 2.40000000
v -6.65142900 0.00000000 2.40000000
v -6.65142900 0.00000000 2.44571400
v -6.69714300 0.80000000 2.30857100
v -6.51428600 0.80000000 2.28571400
v -6.51428600 0.00000000 2.28571400
v -6.69714300 0.00000000 2.30857100
v -6.69714300 0.80000000 2.24000000
v -6.69714300 0.00000000 2.24000000
v -6.76571400 0.80000000 2.08000000
v -6.72000000 0.80000000 2.17142900
v -6.58285700 0.80000000 2.05714300
v -6.58285700 0.00000000 2.05714300
v -6.72000000 0.00000000 2.17142900
v -6.76571400 0.00000000 2.08000000
v -6.76571400 0.80000000 1.98857100
v -6.76571400 0.00000000 1.98857100
v -6.81142900 0.80000000 1.89714300
v -6.62857100 0.80000000 1.89714300
v -6.62857100 0.00000000 1.89714300
v -6.81142900 0.00000000 1.89714300
v -6.81142900 0.80000000 1.82857100
v -6.81142900 0.00000000 1.82857100
v -6.83428600 0.80000000 1.80571400
v -6.83428600 0.80000000 1.71428600
v -6.83428600 0.00000000 1.71428600
v -6.83428600 0.00000000 1.80571400
v -6.85714300 0.80000000 1.69142900
v -6.85714300 0.80000000 1.60000000
v -6.85714300 0.00000000 1.60000000
v -6.85714300 0.00000000 1.69142900
v -6.88000000 0.80000000 1.57714300
v -6.72000000 0.80000000 1.48571400
v -6.72000000 0.00000000 1.48571400
v -6.88000000 0.00000000 1.57714300
v -6.88000000 0.80000000 1.46285700
v -6.88000000 0.00000000 1.46285700
v -6.92571400 0.80000000 1.34857100
v -6.90285700 0.80000000 1.37142900
v -6.92571400 0.80000000 1.23428600
v -6.92571400 0.00000000 1.23428600
v -6.90285700 0.00000000 1.37142900
v -6.92571400 0.00000000 1.34857100
v -6.94857100 0.80000000 1.21142900
v -6.76571400 0.80000000 1.21142900
v -6.76571400 0.00000000 1.21142900
v -6.94857100 0.00000000 1.21142900
v -6.94857100 0.80000000 1.05142900
v -6.94857100 0.00000000 1.05142900
v -6.97142900 0.80000000 1.02857100
v -6.78857100 0.80000000 1.02857100
v -6.78857100 0.00000000 1.02857100
v -6.97142900 0.00000000 1.02857100
v -6.78857100 0.80000000 0.80000000
v -6.78857100 0.00000000 0.80000000
v -6.97142900 0.80000000 0.77714300
v -6.97142900 0.00000000 0.77714300
v -6.99428600 0.80000000 0.75428600
v -6.83428600 0.80000000 0.59428600
v -6.83428600 0.00000000 0.59428600
v -6.99428600 0.00000000 0.75428600
v -6.83428600 0.80000000 0.09142900
v -6.83428600 0.00000000 0.09142900
v -6.99428600 0.80000000 -0.38857100
v -6.99428600 0.00000000 -0.38857100
v -6.83428600 0.80000000 0.04571400
v -6.83428600 0.00000000 0.04571400
v -6.83428600 0.80000000 -0.22857100
v -6.83428600 0.00000000 -0.22857100
v -6.97142900 0.80000000 -0.41142900
v -6.97142900 0.00000000 -0.41142900
v -6.97142900 0.80000000 -0.64000000
v -6.78857100 0.80000000 -0.43428600
v -6.78857100 0.00000000 -0.43428600
v -6.97142900 0.00000000 -0.64000000
v -6.78857100 0.80000000 -0.66285700
v -6.78857100 0.00000000 -0.66285700
v -6.94857100 0.80000000 -0.66285700
v -6.94857100 0.00000000 -0.66285700
v -6.94857100 0.80000000 -0.82285700
v -6.94857100 0.00000000 -0.82285700
v -6.92571400 0.80000000 -0.84571400
v -6.92571400 0.00000000 -0.84571400
v -6.92571400 0.80000000 -0.98285700
v -6.90285700 0.80000000 -1.00571400
v -6.90285700 0.00000000 -1.00571400
v -6.92571400 0.00000000 -0.98285700
v -6.88000000 0.80000000 -1.21142900
v -6.88000000 0.80000000 -1.09714300
v -6.72000000 0.80000000 -1.12000000
v -6.72000000 0.00000000 -1.12000000
v -6.88000000 0.00000000 -1.09714300
v -6.88000000 0.00000000 -1.21142900
v -6.85714300 0.80000000 -1.23428600
v -6.85714300 0.00000000 -1.23428600
v -6.85714300 0.80000000 -1.32571400
v -6.83428600 0.80000000 -1.34857100
v -6.83428600 0.00000000 -1.34857100
v -6.85714300 0.00000000 -1.32571400
v -6.81142900 0.80000000 -1.53142900
v -6.81142900 0.80000000 -1.44000000
v -6.78857100 0.80000000 -1.55428600
v -6.78857100 0.00000000 -1.55428600
v -6.81142900 0.00000000 -1.44000000
v -6.81142900 0.00000000 -1.53142900
v -6.74285700 0.80000000 -1.78285700
v -6.74285700 0.80000000 -1.69142900
v -6.72000000 0.80000000 -1.80571400
v -6.72000000 0.00000000 -1.80571400
v -6.74285700 0.00000000 -1.69142900
v -6.74285700 0.00000000 -1.78285700
v -6.72000000 0.80000000 -1.85142900
v -6.69714300 0.80000000 -1.87428600
v -6.69714300 0.00000000 -1.87428600
v -6.72000000 0.00000000 -1.85142900
v -6.69714300 0.80000000 -1.92000000
v -6.67428600 0.80000000 -1.94285700
v -6.67428600 0.00000000 -1.94285700
v -6.69714300 0.00000000 -1.92000000
v -6.67428600 0.80000000 -1.98857100
v -6.65142900 0.80000000 -2.01142900
v -6.65142900 0.00000000 -2.01142900
v -6.67428600 0.00000000 -1.98857100
v -6.65142900 0.80000000 -2.05714300
v -6.62857100 0.80000000 -2.08000000
v -6.62857100 0.00000000 -2.08000000
v -6.65142900 0.00000000 -2.05714300
v -6.60571400 0.80000000 -2.19428600
v -6.44571400 0.80000000 -2.10285700
v -6.44571400 0.00000000 -2.10285700
v -6.60571400 0.00000000 -2.19428600
v -6.42285700 0.80000000 -2.17142900
v -6.42285700 0.00000000 -2.17142900
v -6.51428600 0.80000000 -2.37714300
v -6.51428600 0.00000000 -2.37714300
v -6.49142900 0.80000000 -2.49142900
v -6.30857100 0.80000000 -2.40000000
v -6.30857100 0.00000000 -2.40000000
v -6.49142900 0.00000000 -2.49142900
v -6.30857100 0.80000000 -2.44571400
v -6.30857100 0.00000000 -2.44571400
v -6.42285700 0.80000000 -2.60571400
v -6.42285700 0.00000000 -2.60571400
v -6.42285700 0.80000000 -2.65142900
v -6.26285700 0.80000000 -2.56000000
v -6.26285700 0.00000000 -2.56000000
v -6.42285700 0.00000000 -2.65142900
v -6.19428600 0.80000000 -3.10857100
v -6.19428600 0.00000000 -3.10857100
v -5.98857100 0.80000000 -3.10857100
v -5.98857100 0.00000000 -3.10857100
v -6.14857100 0.80000000 -3.15428600
v -6.14857100 0.00000000 -3.15428600
v -6.08000000 0.80000000 -3.31428600
v -6.08000000 0.00000000 -3.31428600
v -5.89714300 0.80000000 -3.22285700
v -5.89714300 0.00000000 -3.22285700
v -5.85142900 0.80000000 -3.33714300
v -5.85142900 0.00000000 -3.33714300
v -5.94285700 0.80000000 -3.49714300
v -5.94285700 0.00000000 -3.49714300
v -5.92000000 0.80000000 -3.56571400
v -5.87428600 0.80000000 -3.61142900
v -5.87428600 0.00000000 -3.61142900
v -5.92000000 0.00000000 -3.56571400
v -5.87428600 0.80000000 -3.63428600
v -5.82857100 0.80000000 -3.68000000
v -5.82857100 0.00000000 -3.68000000
v -5.87428600 0.00000000 -3.63428600
v -5.78285700 0.80000000 -3.77142900
v -5.66857100 0.80000000 -3.61142900
v -5.66857100 0.00000000 -3.61142900
v -5.78285700 0.00000000 -3.77142900
v -5.62285700 0.80000000 -3.68000000
v -5.62285700 0.00000000 -3.68000000
v -5.71428600 0.80000000 -3.84000000
v -5.71428600 0.00000000 -3.84000000
v -5.60000000 0.80000000 -4.02285700
v -5.60000000 0.80000000 -4.00000000
v -5.53142900 0.80000000 -4.09142900
v -5.53142900 0.00000000 -4.09142900
v -5.60000000 0.00000000 -4.00000000
v -5.60000000 0.00000000 -4.02285700
v -5.53142900 0.80000000 -4.11428600
v -5.37142900 0.80000000 -4.02285700
v -5.37142900 0.00000000 -4.02285700
v -5.53142900 0.00000000 -4.11428600
v -5.41714300 0.80000000 -4.22857100
v -5.41714300 0.00000000 -4.22857100
v -5.41714300 0.80000000 -4.25142900
v -5.25714300 0.80000000 -4.16000000
v -5.25714300 0.00000000 -4.16000000
v -5.41714300 0.00000000 -4.25142900
v -5.28000000 0.80000000 -4.38857100
v -5.28000000 0.00000000 -4.38857100
v -5.28000000 0.80000000 -4.41142900
v -5.09714300 0.80000000 -4.34285700
v -5.09714300 0.00000000 -4.34285700
v -5.28000000 0.00000000 -4.41142900
v -3.74857100 0.80000000 -3.86285700
v -3.70285700 0.80000000 -4.09142900
v -3.70285700 0.00000000 -4.09142900
v -3.74857100 0.00000000 -3.86285700
v -4.50285700 0.80000000 -4.89142900
v -4.50285700 0.00000000 -4.89142900
v -4.50285700 0.80000000 -4.91428600
v -4.50285700 0.00000000 -4.91428600
v -4.16000000 0.80000000 -5.18857100
v -4.16000000 0.00000000 -5.18857100
v -4.00000000 0.80000000 -5.32571400
v -4.00000000 0.00000000 -5.32571400
v -4.09142900 0.80000000 -5.48571400
v -4.09142900 0.00000000 -5.48571400
v -3.90857100 0.80000000 -5.37142900
v -3.90857100 0.00000000 -5.37142900
v -3.86285700 0.80000000 -5.41714300
v -3.86285700 0.00000000 -5.41714300
v -3.84000000 0.80000000 -5.41714300
v -3.84000000 0.00000000 -5.41714300
v -3.52000000 0.80000000 -5.62285700
v -3.52000000 0.00000000 -5.62285700
v -3.68000000 0.80000000 -5.76000000
v -3.68000000 0.00000000 -5.76000000
v -2.19428600 0.80000000 -6.26285700
v -2.19428600 0.00000000 -6.26285700
v -2.17142900 0.80000000 -6.28571400
v -2.17142900 0.00000000 -6.28571400
v -2.10285700 0.80000000 -6.30857100
v -2.10285700 0.00000000 -6.30857100
v -2.05714300 0.80000000 -6.30857100
v -2.05714300 0.00000000 -6.30857100
v -1.98857100 0.80000000 -6.33142900
v -1.98857100 0.00000000 -6.33142900
v -1.92000000 0.80000000 -6.35428600
v -1.89714300 0.80000000 -6.37714300
v -1.89714300 0.00000000 -6.37714300
v -1.92000000 0.00000000 -6.35428600
v -1.96571400 0.80000000 -6.53714300
v -1.96571400 0.00000000 -6.53714300
v -1.85142900 0.80000000 -6.37714300
v -1.85142900 0.00000000 -6.37714300
v -1.66857100 0.80000000 -6.42285700
v -1.66857100 0.00000000 -6.42285700
v -1.57714300 0.80000000 -6.44571400
v -1.55428600 0.80000000 -6.46857100
v -1.55428600 0.00000000 -6.46857100
v -1.57714300 0.00000000 -6.44571400
v -1.46285700 0.80000000 -6.49142900
v -1.46285700 0.00000000 -6.49142900
v -1.37142900 0.80000000 -6.51428600
v -1.37142900 0.00000000 -6.51428600
v -1.44000000 0.80000000 -6.67428600
v -1.44000000 0.00000000 -6.67428600
v -1.25714300 0.80000000 -6.53714300
v -1.25714300 0.00000000 -6.53714300
v -1.14285700 0.80000000 -6.53714300
v -1.14285700 0.00000000 -6.53714300
v -0.96000000 0.80000000 -6.58285700
v -0.96000000 0.00000000 -6.58285700
v -0.86857100 0.80000000 -6.60571400
v -0.86857100 0.00000000 -6.60571400
v -0.96000000 0.80000000 -6.76571400
v -0.96000000 0.00000000 -6.76571400
v 1.14285700 0.80000000 -6.69714300
v 1.14285700 0.00000000 -6.69714300
v 1.12000000 0.80000000 -6.60571400
v 1.14285700 0.80000000 -6.53714300
v 1.14285700 0.00000000 -6.53714300
v 1.12000000 0.00000000 -6.60571400
v 1.28000000 0.80000000 -6.51428600
v 1.37142900 0.80000000 -6.51428600
v 1.37142900 0.00000000 -6.51428600
v 1.28000000 0.00000000 -6.51428600
v 1.48571400 0.80000000 -6.49142900
v 1.48571400 0.00000000 -6.49142900
v 1.57714300 0.80000000 -6.44571400
v 1.57714300 0.00000000 -6.44571400
v 1.76000000 0.80000000 -6.40000000
v 1.82857100 0.80000000 -6.40000000
v 1.82857100 0.00000000 -6.40000000
v 1.76000000 0.00000000 -6.40000000
v 1.89714300 0.80000000 -6.56000000
v 1.89714300 0.00000000 -6.56000000
v 1.92000000 0.80000000 -6.35428600
v 1.92000000 0.00000000 -6.35428600
v 1.96571400 0.80000000 -6.35428600
v 1.96571400 0.00000000 -6.35428600
v 2.03428600 0.80000000 -6.33142900
v 2.03428600 0.00000000 -6.33142900
v 2.05714300 0.80000000 -6.30857100
v 2.05714300 0.00000000 -6.30857100
v 2.12571400 0.80000000 -6.28571400
v 2.12571400 0.00000000 -6.28571400
v 2.19428600 0.80000000 -6.26285700
v 2.24000000 0.80000000 -6.26285700
v 2.24000000 0.00000000 -6.26285700
v 2.19428600 0.00000000 -6.26285700
v 2.33142900 0.80000000 -6.40000000
v 2.33142900 0.00000000 -6.40000000
v 2.30857100 0.80000000 -6.42285700
v 2.30857100 0.00000000 -6.42285700
v 2.37714300 0.80000000 -6.40000000
v 2.37714300 0.00000000 -6.40000000
v 2.30857100 0.80000000 -6.21714300
v 2.30857100 0.00000000 -6.21714300
v 3.77142900 0.80000000 -5.46285700
v 3.77142900 0.00000000 -5.46285700
v 3.93142900 0.80000000 -5.34857100
v 3.93142900 0.00000000 -5.34857100
v 4.20571400 0.80000000 -5.16571400
v 4.20571400 0.00000000 -5.16571400
v 4.29714300 0.80000000 -5.07428600
v 4.29714300 0.00000000 -5.07428600
v 4.50285700 0.80000000 -4.89142900
v 4.50285700 0.00000000 -4.89142900
v 4.98285700 0.80000000 -4.41142900
v 4.98285700 0.00000000 -4.41142900
v 5.32571400 0.80000000 -4.00000000
v 5.32571400 0.00000000 -4.00000000
v 5.41714300 0.80000000 -3.88571400
v 5.41714300 0.00000000 -3.88571400
v 5.48571400 0.80000000 -3.79428600
v 5.55428600 0.80000000 -3.72571400
v 5.55428600 0.00000000 -3.72571400
v 5.48571400 0.00000000 -3.79428600
v 5.69142900 0.80000000 -3.81714300
v 5.69142900 0.00000000 -3.81714300
v 5.69142900 0.80000000 -3.84000000
v 5.69142900 0.00000000 -3.84000000
v 5.73714300 0.80000000 -3.77142900
v 5.73714300 0.00000000 -3.77142900
v 5.57714300 0.80000000 -3.65714300
v 5.57714300 0.00000000 -3.65714300
v 5.66857100 0.80000000 -3.52000000
v 5.66857100 0.00000000 -3.52000000
v 6.40000000 0.80000000 -2.03428600
v 6.40000000 0.00000000 -2.03428600
v 6.42285700 0.80000000 -2.01142900
v 6.42285700 0.00000000 -2.01142900
v 6.44571400 0.80000000 -1.94285700
v 6.44571400 0.00000000 -1.94285700
v 6.44571400 0.80000000 -1.87428600
v 6.44571400 0.00000000 -1.87428600
v 6.53714300 0.80000000 -1.57714300
v 6.53714300 0.00000000 -1.57714300
v 6.56000000 0.80000000 -1.55428600
v 6.56000000 0.00000000 -1.55428600
v 6.72000000 0.80000000 -1.66857100
v 6.72000000 0.00000000 -1.66857100
v 6.56000000 0.80000000 -1.48571400
v 6.56000000 0.00000000 -1.48571400
v 6.60571400 0.80000000 -1.32571400
v 6.62857100 0.80000000 -1.30285700
v 6.62857100 0.00000000 -1.30285700
v 6.60571400 0.00000000 -1.32571400
v 6.65142900 0.80000000 -1.18857100
v 6.65142900 0.00000000 -1.18857100
v 6.65142900 0.80000000 -1.07428600
v 6.65142900 0.00000000 -1.07428600
v 6.67428600 0.80000000 -0.93714300
v 6.69714300 0.80000000 -0.91428600
v 6.69714300 0.00000000 -0.91428600
v 6.67428600 0.00000000 -0.93714300
v 6.72000000 0.80000000 -0.82285700
v 6.72000000 0.00000000 -0.82285700
v 6.88000000 0.80000000 -0.91428600
v 6.88000000 0.00000000 -0.91428600
v 6.72000000 0.80000000 -0.66285700
v 6.72000000 0.00000000 -0.66285700
v 6.78857100 0.80000000 0.38857100
v 6.78857100 0.00000000 0.38857100
v 6.76571400 0.80000000 0.41142900
v 6.76571400 0.00000000 0.41142900
v 6.76571400 0.80000000 0.82285700
v 6.76571400 0.00000000 0.82285700
v 6.92571400 0.80000000 0.77714300
v 6.92571400 0.00000000 0.77714300
v 6.92571400 0.80000000 1.00571400
v 6.92571400 0.00000000 1.00571400
v 6.74285700 0.80000000 0.84571400
v 6.74285700 0.00000000 0.84571400
v 6.90285700 0.80000000 1.02857100
v 6.90285700 0.00000000 1.02857100
v 6.90285700 0.80000000 1.21142900
v 6.74285700 0.80000000 1.02857100
v 6.74285700 0.00000000 1.02857100
v 6.90285700 0.00000000 1.21142900
v 6.72000000 0.80000000 1.05142900
v 6.72000000 0.00000000 1.05142900
v 6.72000000 0.80000000 1.21142900
v 6.72000000 0.00000000 1.21142900
v 6.88000000 0.80000000 1.23428600
v 6.88000000 0.00000000 1.23428600
v 6.83428600 0.80000000 1.57714300
v 6.83428600 0.80000000 1.46285700
v 6.81142900 0.80000000 1.60000000
v 6.81142900 0.00000000 1.60000000
v 6.83428600 0.00000000 1.46285700
v 6.83428600 0.00000000 1.57714300
v 6.81142900 0.80000000 1.69142900
v 6.65142900 0.80000000 1.57714300
v 6.65142900 0.00000000 1.57714300
v 6.81142900 0.00000000 1.69142900
v 6.62857100 0.80000000 1.69142900
v 6.62857100 0.00000000 1.69142900
v 6.76571400 0.80000000 1.78285700
v 6.76571400 0.00000000 1.78285700
v 6.78857100 0.80000000 1.80571400
v 6.74285700 0.80000000 1.89714300
v 6.74285700 0.00000000 1.89714300
v 6.78857100 0.00000000 1.80571400
v 6.69714300 0.80000000 2.14857100
v 6.72000000 0.80000000 1.98857100
v 6.53714300 0.80000000 2.05714300
v 6.53714300 0.00000000 2.05714300
v 6.72000000 0.00000000 1.98857100
v 6.69714300 0.00000000 2.14857100
v 6.67428600 0.80000000 2.17142900
v 6.67428600 0.00000000 2.17142900
v 6.60571400 0.80000000 2.44571400
v 6.60571400 0.80000000 2.37714300
v 6.42285700 0.80000000 2.42285700
v 6.42285700 0.00000000 2.42285700
v 6.60571400 0.00000000 2.37714300
v 6.60571400 0.00000000 2.44571400
v 6.53714300 0.80000000 2.58285700
v 6.53714300 0.00000000 2.58285700
v 6.53714300 0.80000000 2.62857100
v 6.35428600 0.80000000 2.56000000
v 6.35428600 0.00000000 2.56000000
v 6.53714300 0.00000000 2.62857100
v 6.33142900 0.80000000 2.67428600
v 6.33142900 0.00000000 2.67428600
v 6.46857100 0.80000000 2.76571400
v 6.46857100 0.00000000 2.76571400
v 6.46857100 0.80000000 2.81142900
v 6.26285700 0.80000000 2.78857100
v 6.26285700 0.00000000 2.78857100
v 6.46857100 0.00000000 2.81142900
v 6.24000000 0.80000000 2.90285700
v 6.24000000 0.00000000 2.90285700
v 6.35428600 0.80000000 3.04000000
v 6.35428600 0.00000000 3.04000000
v 6.35428600 0.80000000 3.08571400
v 6.19428600 0.80000000 2.99428600
v 6.19428600 0.00000000 2.99428600
v 6.35428600 0.00000000 3.08571400
v 6.12571400 0.80000000 3.10857100
v 6.12571400 0.00000000 3.10857100
v 6.12571400 0.80000000 3.15428600
v 6.12571400 0.00000000 3.15428600
v 6.01142900 0.80000000 3.38285700
v 6.01142900 0.00000000 3.38285700
v 6.08000000 0.80000000 3.63428600
v 6.08000000 0.00000000 3.63428600
v 5.96571400 0.80000000 3.42857100
v 5.96571400 0.00000000 3.42857100
v 5.87428600 0.80000000 3.63428600
v 5.87428600 0.00000000 3.63428600
v 6.03428600 0.80000000 3.68000000
v 6.03428600 0.00000000 3.68000000
v 5.98857100 0.80000000 3.79428600
v 5.98857100 0.00000000 3.79428600
v 5.78285700 0.80000000 3.74857100
v 5.78285700 0.00000000 3.74857100
v 5.89714300 0.80000000 3.90857100
v 5.89714300 0.00000000 3.90857100
v 5.87428600 0.80000000 3.97714300
v 5.69142900 0.80000000 3.93142900
v 5.69142900 0.00000000 3.93142900
v 5.87428600 0.00000000 3.97714300
v 5.78285700 0.80000000 4.09142900
v 5.78285700 0.00000000 4.09142900
v 5.76000000 0.80000000 4.16000000
v 5.60000000 0.80000000 4.06857100
v 5.60000000 0.00000000 4.06857100
v 5.76000000 0.00000000 4.16000000
v 5.69142900 0.80000000 4.22857100
v 5.69142900 0.00000000 4.22857100
v 5.64571400 0.80000000 4.32000000
v 5.48571400 0.80000000 4.22857100
v 5.48571400 0.00000000 4.22857100
v 5.64571400 0.00000000 4.32000000
v 5.44000000 0.80000000 4.29714300
v 5.44000000 0.00000000 4.29714300
v 5.50857100 0.80000000 4.48000000
v 5.50857100 0.00000000 4.48000000
v 5.46285700 0.80000000 4.57142900
v 5.37142900 0.80000000 4.38857100
v 5.37142900 0.00000000 4.38857100
v 5.46285700 0.00000000 4.57142900
v 5.28000000 0.80000000 4.50285700
v 5.28000000 0.00000000 4.50285700
v 5.34857100 0.80000000 4.68571400
v 5.34857100 0.00000000 4.68571400
v 5.34857100 0.80000000 4.70857100
v 5.23428600 0.80000000 4.82285700
v 5.23428600 0.00000000 4.82285700
v 5.34857100 0.00000000 4.70857100
v 5.23428600 0.80000000 4.84571400
v 4.98285700 0.80000000 4.82285700
v 4.98285700 0.00000000 4.82285700
v 5.23428600 0.00000000 4.84571400
v 4.98285700 0.80000000 4.84571400
v 4.98285700 0.00000000 4.84571400
v 4.96000000 0.80000000 5.12000000
v 4.96000000 0.00000000 5.12000000
v 4.06857100 0.80000000 5.66857100
v 4.06857100 0.00000000 5.66857100
v 3.90857100 0.80000000 5.80571400
v 3.90857100 0.00000000 5.80571400
v 4.00000000 0.80000000 5.96571400
v 4.00000000 0.00000000 5.96571400
v 3.81714300 0.80000000 5.85142900
v 3.81714300 0.00000000 5.85142900
v 3.74857100 0.80000000 5.89714300
v 3.74857100 0.00000000 5.89714300
v 2.56000000 0.80000000 6.56000000
v 2.56000000 0.00000000 6.56000000
v 2.58285700 0.80000000 6.74285700
v 2.58285700 0.00000000 6.74285700
v 2.51428600 0.80000000 6.56000000
v 2.51428600 0.00000000 6.56000000
v 2.26285700 0.80000000 6.65142900
v 2.26285700 0.00000000 6.65142900
v 2.08000000 0.80000000 6.72000000
v 2.08000000 0.00000000 6.72000000
v 2.05714300 0.80000000 6.74285700
v 2.05714300 0.00000000 6.74285700
v 2.01142900 0.80000000 6.74285700
v 2.01142900 0.00000000 6.74285700
v 1.82857100 0.80000000 6.78857100
v 1.82857100 0.00000000 6.78857100
v 1.92000000 0.80000000 6.97142900
v 1.92000000 0.00000000 6.97142900
v 1.76000000 0.80000000 6.83428600
v 1.76000000 0.00000000 6.83428600
v 1.76000000 0.80000000 6.99428600
v 1.76000000 0.00000000 6.99428600
v 1.73714300 0.80000000 7.01714300
v 1.73714300 0.00000000 7.01714300
v 1.66857100 0.80000000 6.85714300
v 1.66857100 0.00000000 6.85714300
v 1.55428600 0.80000000 6.88000000
v 1.55428600 0.00000000 6.88000000
v 1.46285700 0.80000000 6.90285700
v 1.46285700 0.00000000 6.90285700
v 1.37142900 0.80000000 6.90285700
v 1.37142900 0.00000000 6.90285700
v 1.16571400 0.80000000 6.94857100
v 1.16571400 0.00000000 6.94857100
v 1.14285700 0.80000000 6.97142900
v 1.14285700 0.00000000 6.97142900
v 1.21142900 0.80000000 7.13142900
v 1.21142900 0.00000000 7.13142900
v 1.00571400 0.80000000 6.97142900
v 1.00571400 0.00000000 6.97142900
v 0.54857100 0.80000000 7.04000000
v 0.54857100 0.00000000 7.04000000
v -0.27428600 0.80000000 7.06285700
v -0.27428600 0.00000000 7.06285700
v -0.43428600 0.80000000 7.22285700
v -0.43428600 0.00000000 7.22285700
v -0.29714300 0.80000000 7.04000000
v -0.29714300 0.00000000 7.04000000
v -0.96000000 0.80000000 6.97142900
v -0.96000000 0.00000000 6.97142900
v -1.09714300 0.80000000 6.94857100
v -1.09714300 0.00000000 6.94857100
v -1.18857100 0.80000000 7.13142900
v -1.18857100 0.00000000 7.13142900
v -1.32571400 0.80000000 6.90285700
v -1.32571400 0.00000000 6.90285700
v -1.44000000 0.80000000 6.90285700
v -1.44000000 0.00000000 6.90285700
v -1.53142900 0.80000000 7.06285700
v -1.53142900 0.00000000 7.06285700
v -1.53142900 0.80000000 6.88000000
v -1.53142900 0.00000000 6.88000000
v -1.55428600 0.80000000 6.85714300
v -1.55428600 0.00000000 6.85714300
v -1.64571400 0.80000000 6.83428600
v -1.71428600 0.80000000 6.83428600
v -1.71428600 0.00000000 6.83428600
v -1.64571400 0.00000000 6.83428600
v -1.96571400 0.80000000 6.74285700
v -1.96571400 0.00000000 6.74285700
v -2.12571400 0.80000000 6.69714300
v -2.12571400 0.00000000 6.69714300
v -2.17142900 0.80000000 6.69714300
v -2.17142900 0.00000000 6.69714300
v -2.19428600 0.80000000 6.67428600
v -2.19428600 0.00000000 6.67428600
v -2.26285700 0.80000000 6.65142900
v -2.26285700 0.00000000 6.65142900
v -2.33142900 0.80000000 6.62857100
v -2.37714300 0.80000000 6.62857100
v -2.37714300 0.00000000 6.62857100
v -2.33142900 0.00000000 6.62857100
v -2.44571400 0.80000000 6.78857100
v -2.44571400 0.00000000 6.78857100
v -2.56000000 0.80000000 6.53714300
v -2.56000000 0.00000000 6.53714300
v -3.52000000 0.80000000 6.05714300
v -3.52000000 0.00000000 6.05714300
v -3.90857100 0.80000000 5.80571400
v -3.90857100 0.00000000 5.80571400
v -4.06857100 0.80000000 5.69142900
v -4.06857100 0.00000000 5.69142900
v -4.16000000 0.80000000 5.62285700
v -4.16000000 0.00000000 5.62285700
v -4.27428600 0.80000000 5.53142900
v -4.27428600 0.00000000 5.53142900
v -4.57142900 0.80000000 5.28000000
v -4.57142900 0.00000000 5.28000000
v -5.07428600 0.80000000 4.77714300
v -5.07428600 0.00000000 4.77714300
v -5.16571400 0.80000000 4.66285700
v -5.16571400 0.00000000 4.66285700
v -5.30285700 0.80000000 4.50285700
v -5.30285700 0.00000000 4.50285700
v -5.39428600 0.80000000 4.38857100
v -5.39428600 0.00000000 4.38857100
v -5.55428600 0.80000000 4.20571400
v -5.55428600 0.00000000 4.20571400
v -5.69142900 0.80000000 4.32000000
v -5.69142900 0.00000000 4.32000000
v -5.57714300 0.80000000 4.13714300
v -5.57714300 0.00000000 4.13714300
v -5.73714300 0.80000000 3.93142900
v -5.73714300 0.00000000 3.93142900
v -5.73714300 0.80000000 3.90857100
v -5.73714300 0.00000000 3.90857100
v -6.28571400 0.80000000 2.85714300
v -6.28571400 0.00000000 2.85714300
v -6.40000000 0.80000000 2.56000000
v -6.56000000 0.80000000 2.69714300
v -6.56000000 0.00000000 2.69714300
v -6.40000000 0.00000000 2.56000000
v -6.42285700 0.80000000 2.53714300
v -6.42285700 0.00000000 2.53714300
v -6.42285700 0.80000000 2.49142900
v -6.42285700 0.00000000 2.49142900
v -6.49142900 0.80000000 2.30857100
v -6.49142900 0.00000000 2.30857100
v -6.51428600 0.80000000 2.21714300
v -6.51428600 0.00000000 2.21714300
v -6.56000000 0.80000000 2.12571400
v -6.56000000 0.00000000 2.12571400
v -6.72000000 0.80000000 2.21714300
v -6.72000000 0.00000000 2.21714300
v -6.56000000 0.80000000 2.08000000
v -6.56000000 0.00000000 2.08000000
v -6.58285700 0.80000000 1.98857100
v -6.58285700 0.00000000 1.98857100
v -6.62857100 0.80000000 1.80571400
v -6.65142900 0.80000000 1.78285700
v -6.65142900 0.00000000 1.78285700
v -6.62857100 0.00000000 1.80571400
v -6.67428600 0.80000000 1.69142900
v -6.67428600 0.00000000 1.69142900
v -6.67428600 0.80000000 1.57714300
v -6.67428600 0.00000000 1.57714300
v -6.69714300 0.80000000 1.46285700
v -6.72000000 0.80000000 1.44000000
v -6.72000000 0.00000000 1.44000000
v -6.69714300 0.00000000 1.46285700
v -6.74285700 0.80000000 1.34857100
v -6.74285700 0.00000000 1.34857100
v -6.90285700 0.80000000 1.44000000
v -6.90285700 0.00000000 1.44000000
v -6.74285700 0.80000000 1.23428600
v -6.74285700 0.00000000 1.23428600
v -6.76571400 0.80000000 1.05142900
v -6.76571400 0.00000000 1.05142900
v -6.81142900 0.80000000 0.77714300
v -6.81142900 0.00000000 0.77714300
v -6.81142900 0.80000000 0.61714300
v -6.81142900 0.00000000 0.61714300
v -6.81142900 0.80000000 0.06857100
v -6.81142900 0.00000000 0.06857100
v -6.81142900 0.80000000 -0.25142900
v -6.81142900 0.00000000 -0.25142900
v -6.81142900 0.80000000 -0.41142900
v -6.81142900 0.00000000 -0.41142900
v -6.76571400 0.80000000 -0.68571400
v -6.76571400 0.00000000 -0.68571400
v -6.76571400 0.80000000 -0.82285700
v -6.76571400 0.00000000 -0.82285700
v -6.74285700 0.80000000 -0.84571400
v -6.74285700 0.00000000 -0.84571400
v -6.74285700 0.80000000 -0.98285700
v -6.74285700 0.00000000 -0.98285700
v -6.90285700 0.80000000 -1.07428600
v -6.90285700 0.00000000 -1.07428600
v -6.72000000 0.80000000 -1.07428600
v -6.72000000 0.00000000 -1.07428600
v -6.69714300 0.80000000 -1.09714300
v -6.69714300 0.00000000 -1.09714300
v -6.67428600 0.80000000 -1.21142900
v -6.67428600 0.00000000 -1.21142900
v -6.67428600 0.80000000 -1.30285700
v -6.67428600 0.00000000 -1.30285700
v -6.65142900 0.80000000 -1.39428600
v -6.65142900 0.00000000 -1.39428600
v -6.83428600 0.80000000 -1.41714300
v -6.83428600 0.00000000 -1.41714300
v -6.62857100 0.80000000 -1.50857100
v -6.62857100 0.00000000 -1.50857100
v -6.78857100 0.80000000 -1.60000000
v -6.78857100 0.00000000 -1.60000000
v -6.58285700 0.80000000 -1.60000000
v -6.58285700 0.00000000 -1.60000000
v -6.58285700 0.80000000 -1.66857100
v -6.58285700 0.00000000 -1.66857100
v -6.56000000 0.80000000 -1.76000000
v -6.56000000 0.00000000 -1.76000000
v -6.51428600 0.80000000 -1.85142900
v -6.51428600 0.00000000 -1.85142900
v -6.51428600 0.80000000 -1.92000000
v -6.51428600 0.00000000 -1.92000000
v -6.44571400 0.80000000 -2.05714300
v -6.44571400 0.00000000 -2.05714300
v -6.42285700 0.80000000 -2.12571400
v -6.42285700 0.00000000 -2.12571400
v -6.37714300 0.80000000 -2.24000000
v -6.37714300 0.80000000 -2.28571400
v -6.37714300 0.00000000 -2.28571400
v -6.37714300 0.00000000 -2.24000000
v -6.26285700 0.80000000 -2.51428600
v -6.26285700 0.00000000 -2.51428600
v -5.66857100 0.80000000 -3.58857100
v -5.66857100 0.00000000 -3.58857100
v -5.62285700 0.80000000 -3.65714300
v -5.62285700 0.00000000 -3.65714300
v -5.57714300 0.80000000 -3.72571400
v -5.57714300 0.80000000 -3.74857100
v -5.57714300 0.00000000 -3.74857100
v -5.57714300 0.00000000 -3.72571400
v -5.71428600 0.80000000 -3.86285700
v -5.71428600 0.00000000 -3.86285700
v -5.41714300 0.80000000 -3.93142900
v -5.41714300 0.00000000 -3.93142900
v -5.25714300 0.80000000 -4.13714300
v -5.25714300 0.00000000 -4.13714300
v -5.09714300 0.80000000 -4.32000000
v -5.09714300 0.00000000 -4.32000000
v -3.74857100 0.80000000 -3.84000000
v -3.61142900 0.80000000 -3.97714300
v -3.61142900 0.00000000 -3.97714300
v -3.74857100 0.00000000 -3.84000000
v -3.70285700 0.80000000 -4.06857100
v -3.70285700 0.00000000 -4.06857100
v -3.04000000 0.80000000 -4.41142900
v -3.20000000 0.80000000 -4.27428600
v -3.01714300 0.80000000 -4.20571400
v -3.01714300 0.00000000 -4.20571400
v -3.20000000 0.00000000 -4.27428600
v -3.04000000 0.00000000 -4.41142900
v -2.92571400 0.80000000 -4.25142900
v -2.92571400 0.00000000 -4.25142900
v -2.88000000 0.80000000 -4.29714300
v -2.88000000 0.00000000 -4.29714300
v -2.90285700 0.80000000 -4.48000000
v -2.90285700 0.00000000 -4.48000000
v -2.72000000 0.80000000 -4.61714300
v -2.74285700 0.80000000 -4.38857100
v -2.74285700 0.00000000 -4.38857100
v -2.72000000 0.00000000 -4.61714300
v -2.67428600 0.80000000 -4.43428600
v -2.67428600 0.00000000 -4.43428600
v -2.56000000 0.80000000 -4.48000000
v -2.56000000 0.00000000 -4.48000000
v -2.51428600 0.80000000 -4.52571400
v -2.51428600 0.00000000 -4.52571400
v -2.03428600 0.80000000 -4.96000000
v -2.03428600 0.00000000 -4.96000000
v -2.05714300 0.80000000 -4.75428600
v -2.05714300 0.00000000 -4.75428600
v -2.01142900 0.80000000 -4.75428600
v -2.01142900 0.00000000 -4.75428600
v -1.94285700 0.80000000 -4.80000000
v -1.94285700 0.00000000 -4.80000000
v -1.92000000 0.80000000 -4.98285700
v -1.92000000 0.00000000 -4.98285700
v -1.80571400 0.80000000 -5.05142900
v -1.85142900 0.80000000 -4.84571400
v -1.85142900 0.00000000 -4.84571400
v -1.80571400 0.00000000 -5.05142900
v -1.78285700 0.80000000 -4.84571400
v -1.78285700 0.00000000 -4.84571400
v -1.71428600 0.80000000 -4.89142900
v -1.71428600 0.00000000 -4.89142900
v -1.76000000 0.80000000 -5.05142900
v -1.76000000 0.00000000 -5.05142900
v -2.12571400 0.80000000 -6.28571400
v -2.12571400 0.00000000 -6.28571400
v -1.48571400 0.80000000 -6.46857100
v -1.48571400 0.00000000 -6.46857100
v -1.39428600 0.80000000 -6.49142900
v -1.39428600 0.00000000 -6.49142900
v -1.28000000 0.80000000 -6.51428600
v -1.28000000 0.00000000 -6.51428600
v -0.84571400 0.80000000 -5.30285700
v -0.86857100 0.80000000 -5.28000000
v -0.73142900 0.80000000 -5.14285700
v -0.73142900 0.00000000 -5.14285700
v -0.86857100 0.00000000 -5.28000000
v -0.84571400 0.00000000 -5.30285700
v -0.70857100 0.80000000 -5.30285700
v -0.70857100 0.00000000 -5.30285700
v -0.68571400 0.80000000 -5.32571400
v -0.61714300 0.80000000 -5.16571400
v -0.61714300 0.00000000 -5.16571400
v -0.68571400 0.00000000 -5.32571400
v -0.52571400 0.80000000 -5.32571400
v -0.52571400 0.00000000 -5.32571400
v -0.50285700 0.80000000 -5.34857100
v -0.41142900 0.80000000 -5.18857100
v -0.41142900 0.00000000 -5.18857100
v -0.50285700 0.00000000 -5.34857100
v -0.34285700 0.80000000 -5.34857100
v -0.34285700 0.00000000 -5.34857100
v -0.32000000 0.80000000 -5.37142900
v -0.32000000 0.00000000 -5.37142900
v 0.43428600 0.80000000 -5.18857100
v 0.43428600 0.00000000 -5.18857100
v 0.36571400 0.80000000 -5.37142900
v 0.36571400 0.00000000 -5.37142900
v 0.38857100 0.80000000 -5.34857100
v 0.38857100 0.00000000 -5.34857100
v 1.12000000 0.80000000 -6.56000000
v 1.12000000 0.00000000 -6.56000000
v 1.39428600 0.80000000 -6.49142900
v 1.39428600 0.00000000 -6.49142900
v 1.98857100 0.80000000 -6.33142900
v 1.98857100 0.00000000 -6.33142900
v 2.01142900 0.80000000 -4.98285700
v 1.96571400 0.80000000 -4.98285700
v 1.98857100 0.80000000 -4.80000000
v 1.98857100 0.00000000 -4.80000000
v 1.96571400 0.00000000 -4.98285700
v 2.01142900 0.00000000 -4.98285700
v 2.12571400 0.80000000 -4.91428600
v 2.12571400 0.00000000 -4.91428600
v 2.17142900 0.80000000 -4.91428600
v 2.19428600 0.80000000 -4.68571400
v 2.19428600 0.00000000 -4.68571400
v 2.17142900 0.00000000 -4.91428600
v 2.28571400 0.80000000 -4.84571400
v 2.28571400 0.00000000 -4.84571400
v 2.33142900 0.80000000 -4.84571400
v 2.24000000 0.80000000 -4.68571400
v 2.24000000 0.00000000 -4.68571400
v 2.33142900 0.00000000 -4.84571400
v 2.42285700 0.80000000 -4.77714300
v 2.42285700 0.00000000 -4.77714300
v 2.37714300 0.80000000 -4.61714300
v 2.37714300 0.00000000 -4.61714300
v 2.42285700 0.80000000 -4.57142900
v 2.42285700 0.00000000 -4.57142900
v 2.58285700 0.80000000 -4.50285700
v 2.58285700 0.00000000 -4.50285700
v 2.78857100 0.80000000 -4.59428600
v 2.78857100 0.00000000 -4.59428600
v 2.62857100 0.80000000 -4.45714300
v 2.62857100 0.00000000 -4.45714300
v 2.69714300 0.80000000 -4.43428600
v 2.69714300 0.00000000 -4.43428600
v 2.83428600 0.80000000 -4.54857100
v 2.83428600 0.00000000 -4.54857100
v 2.85714300 0.80000000 -4.54857100
v 2.90285700 0.80000000 -4.50285700
v 2.90285700 0.00000000 -4.50285700
v 2.85714300 0.00000000 -4.54857100
v 2.92571400 0.80000000 -4.50285700
v 2.97142900 0.80000000 -4.45714300
v 2.97142900 0.00000000 -4.45714300
v 2.92571400 0.00000000 -4.50285700
v 3.20000000 0.80000000 -4.32000000
v 3.10857100 0.80000000 -4.36571400
v 3.10857100 0.80000000 -4.16000000
v 3.10857100 0.00000000 -4.16000000
v 3.10857100 0.00000000 -4.36571400
v 3.20000000 0.00000000 -4.32000000
v 3.17714300 0.80000000 -4.11428600
v 3.17714300 0.00000000 -4.11428600
v 3.38285700 0.80000000 -4.16000000
v 3.38285700 0.00000000 -4.16000000
v 3.40571400 0.80000000 -4.16000000
v 3.29142900 0.80000000 -4.02285700
v 3.29142900 0.00000000 -4.02285700
v 3.40571400 0.00000000 -4.16000000
v 3.42857100 0.80000000 -3.88571400
v 3.42857100 0.00000000 -3.88571400
v 3.45142900 0.80000000 -3.88571400
v 3.45142900 0.00000000 -3.88571400
v 3.72571400 0.80000000 -3.86285700
v 3.72571400 0.00000000 -3.86285700
v 4.20571400 0.80000000 -3.36000000
v 4.06857100 0.80000000 -3.49714300
v 3.93142900 0.80000000 -3.38285700
v 3.93142900 0.00000000 -3.38285700
v 4.06857100 0.00000000 -3.49714300
v 4.20571400 0.00000000 -3.36000000
v 4.20571400 0.80000000 -3.33714300
v 4.20571400 0.00000000 -3.33714300
v 4.64000000 0.80000000 -2.76571400
v 4.59428600 0.80000000 -2.81142900
v 4.48000000 0.80000000 -2.67428600
v 4.48000000 0.00000000 -2.67428600
v 4.59428600 0.00000000 -2.81142900
v 4.64000000 0.00000000 -2.76571400
v 4.52571400 0.80000000 -2.60571400
v 4.52571400 0.00000000 -2.60571400
v 4.68571400 0.80000000 -2.65142900
v 4.68571400 0.00000000 -2.65142900
v 4.73142900 0.80000000 -2.60571400
v 4.59428600 0.80000000 -2.49142900
v 4.59428600 0.00000000 -2.49142900
v 4.73142900 0.00000000 -2.60571400
v 4.80000000 0.80000000 -2.44571400
v 4.80000000 0.00000000 -2.44571400
v 4.84571400 0.80000000 -2.40000000
v 4.84571400 0.00000000 -2.40000000
v 4.96000000 0.80000000 -2.12571400
v 4.96000000 0.00000000 -2.12571400
v 4.96000000 0.80000000 -2.17142900
v 4.96000000 0.00000000 -2.17142900
v 5.05142900 0.80000000 -1.96571400
v 4.89142900 0.80000000 -1.89714300
v 4.89142900 0.00000000 -1.89714300
v 5.05142900 0.00000000 -1.96571400
v 5.05142900 0.80000000 -1.92000000
v 5.05142900 0.00000000 -1.92000000
v 5.14285700 0.80000000 -1.73714300
v 4.98285700 0.80000000 -1.66857100
v 4.98285700 0.00000000 -1.66857100
v 5.14285700 0.00000000 -1.73714300
v 5.14285700 0.80000000 -1.69142900
v 5.14285700 0.00000000 -1.69142900
v 5.16571400 0.80000000 -1.66857100
v 5.16571400 0.80000000 -1.62285700
v 5.16571400 0.00000000 -1.62285700
v 5.16571400 0.00000000 -1.66857100
v 6.42285700 0.80000000 -1.96571400
v 6.42285700 0.00000000 -1.96571400
v 6.62857100 0.80000000 -1.21142900
v 6.62857100 0.00000000 -1.21142900
v 6.69714300 0.80000000 -0.84571400
v 6.69714300 0.00000000 -0.84571400
v 5.46285700 0.80000000 -0.36571400
v 5.44000000 0.80000000 -0.38857100
v 5.30285700 0.80000000 -0.27428600
v 5.30285700 0.00000000 -0.27428600
v 5.44000000 0.00000000 -0.38857100
v 5.46285700 0.00000000 -0.36571400
v 5.46285700 0.80000000 -0.22857100
v 5.46285700 0.00000000 -0.22857100
v 5.48571400 0.80000000 -0.20571400
v 5.48571400 0.00000000 -0.20571400
v 5.48571400 0.80000000 0.59428600
v 5.48571400 0.00000000 0.59428600
v 6.69714300 0.80000000 1.23428600
v 6.69714300 0.80000000 1.30285700
v 6.69714300 0.00000000 1.30285700
v 6.69714300 0.00000000 1.23428600
v 6.85714300 0.80000000 1.32571400
v 6.85714300 0.00000000 1.32571400
v 6.88000000 0.80000000 1.30285700
v 6.88000000 0.00000000 1.30285700
v 6.85714300 0.80000000 1.44000000
v 6.69714300 0.80000000 1.34857100
v 6.69714300 0.00000000 1.34857100
v 6.85714300 0.00000000 1.44000000
v 6.67428600 0.80000000 1.44000000
v 6.67428600 0.00000000 1.44000000
v 6.65142900 0.80000000 1.46285700
v 6.65142900 0.00000000 1.46285700
v 6.62857100 0.80000000 1.60000000
v 6.62857100 0.00000000 1.60000000
v 6.60571400 0.80000000 1.71428600
v 6.60571400 0.80000000 1.78285700
v 6.60571400 0.00000000 1.78285700
v 6.60571400 0.00000000 1.71428600
v 6.58285700 0.80000000 1.85142900
v 6.58285700 0.00000000 1.85142900
v 6.74285700 0.80000000 1.96571400
v 6.74285700 0.00000000 1.96571400
v 6.56000000 0.80000000 1.96571400
v 6.56000000 0.00000000 1.96571400
v 6.53714300 0.80000000 1.98857100
v 6.53714300 0.00000000 1.98857100
v 6.51428600 0.80000000 2.08000000
v 6.51428600 0.80000000 2.12571400
v 6.51428600 0.00000000 2.12571400
v 6.51428600 0.00000000 2.08000000
v 6.65142900 0.80000000 2.24000000
v 6.65142900 0.00000000 2.24000000
v 6.67428600 0.80000000 2.21714300
v 6.67428600 0.00000000 2.21714300
v 6.65142900 0.80000000 2.28571400
v 6.49142900 0.80000000 2.21714300
v 6.49142900 0.00000000 2.21714300
v 6.65142900 0.00000000 2.28571400
v 6.42285700 0.80000000 2.35428600
v 6.42285700 0.00000000 2.35428600
v 6.40000000 0.80000000 2.44571400
v 6.40000000 0.80000000 2.49142900
v 6.40000000 0.00000000 2.49142900
v 6.40000000 0.00000000 2.44571400
v 6.19428600 0.80000000 2.94857100
v 6.19428600 0.00000000 2.94857100
v 5.60000000 0.80000000 4.04571400
v 5.60000000 0.00000000 4.04571400
v 5.53142900 0.80000000 4.13714300
v 5.53142900 0.00000000 4.13714300
v 5.44000000 0.80000000 4.27428600
v 5.44000000 0.00000000 4.27428600
v 5.37142900 0.80000000 4.36571400
v 5.37142900 0.00000000 4.36571400
v 5.28000000 0.80000000 4.48000000
v 5.28000000 0.00000000 4.48000000
v 4.04571400 0.80000000 3.93142900
v 4.04571400 0.80000000 3.90857100
v 3.42857100 0.80000000 4.27428600
v 3.42857100 0.00000000 4.27428600
v 4.04571400 0.00000000 3.90857100
v 4.04571400 0.00000000 3.93142900
v 3.61142900 0.80000000 4.36571400
v 3.61142900 0.00000000 4.36571400
v 3.58857100 0.80000000 4.36571400
v 3.58857100 0.00000000 4.36571400
v 3.45142900 0.80000000 4.50285700
v 3.45142900 0.00000000 4.50285700
v 3.42857100 0.80000000 4.50285700
v 3.42857100 0.00000000 4.50285700
v 3.36000000 0.80000000 4.57142900
v 3.33714300 0.80000000 4.57142900
v 3.33714300 0.00000000 4.57142900
v 3.36000000 0.00000000 4.57142900
v 2.81142900 0.80000000 4.96000000
v 3.06285700 0.80000000 4.77714300
v 2.78857100 0.80000000 4.75428600
v 2.78857100 0.00000000 4.75428600
v 3.06285700 0.00000000 4.77714300
v 2.81142900 0.00000000 4.96000000
v 2.65142900 0.80000000 4.82285700
v 2.65142900 0.00000000 4.82285700
v 2.74285700 0.80000000 4.98285700
v 2.74285700 0.00000000 4.98285700
v 2.69714300 0.80000000 5.02857100
v 2.60571400 0.80000000 4.86857100
v 2.60571400 0.00000000 4.86857100
v 2.69714300 0.00000000 5.02857100
v 2.53714300 0.80000000 5.09714300
v 2.53714300 0.00000000 5.09714300
v 2.49142900 0.80000000 5.14285700
v 2.49142900 0.00000000 5.14285700
v 2.26285700 0.80000000 5.23428600
v 2.26285700 0.00000000 5.23428600
v 2.30857100 0.80000000 5.23428600
v 2.30857100 0.00000000 5.23428600
v 2.10285700 0.80000000 5.32571400
v 1.96571400 0.80000000 5.18857100
v 1.96571400 0.00000000 5.18857100
v 2.10285700 0.00000000 5.32571400
v 2.05714300 0.80000000 5.32571400
v 2.05714300 0.00000000 5.32571400
v 1.94285700 0.80000000 5.39428600
v 1.94285700 0.00000000 5.39428600
v 1.85142900 0.80000000 5.21142900
v 1.85142900 0.00000000 5.21142900
v 1.89714300 0.80000000 5.39428600
v 1.89714300 0.00000000 5.39428600
v 1.69142900 0.80000000 6.83428600
v 1.69142900 0.00000000 6.83428600
v 1.57714300 0.80000000 6.85714300
v 1.57714300 0.00000000 6.85714300
v 1.48571400 0.80000000 6.88000000
v 1.48571400 0.00000000 6.88000000
v 0.73142900 0.80000000 5.71428600
v 0.75428600 0.80000000 5.69142900
v 0.73142900 0.80000000 5.53142900
v 0.73142900 0.00000000 5.53142900
v 0.75428600 0.00000000 5.69142900
v 0.73142900 0.00000000 5.71428600
v 0.57142900 0.80000000 5.53142900
v 0.57142900 0.00000000 5.53142900
v 0.54857100 0.80000000 5.55428600
v 0.54857100 0.00000000 5.55428600
v 0.54857100 0.80000000 5.71428600
v 0.54857100 0.00000000 5.71428600
v 0.52571400 0.80000000 5.73714300
v 0.52571400 0.00000000 5.73714300
v 0.25142900 0.80000000 5.55428600
v 0.25142900 0.00000000 5.55428600
v 0.22857100 0.80000000 5.57714300
v 0.22857100 0.00000000 5.57714300
v 0.13714300 0.80000000 5.73714300
v 0.13714300 0.00000000 5.73714300
v 0.11428600 0.80000000 5.76000000
v -0.09142900 0.80000000 5.73714300
v -0.09142900 0.00000000 5.73714300
v 0.11428600 0.00000000 5.76000000
v -0.06857100 0.80000000 5.76000000
v -0.06857100 0.00000000 5.76000000
v -0.50285700 0.80000000 5.73714300
v -0.18285700 0.80000000 5.57714300
v -0.18285700 0.00000000 5.57714300
v -0.50285700 0.00000000 5.73714300
v -0.20571400 0.80000000 5.55428600
v -0.20571400 0.00000000 5.55428600
v -0.52571400 0.80000000 5.55428600
v -0.52571400 0.00000000 5.55428600
v -0.52571400 0.80000000 5.71428600
v -0.52571400 0.00000000 5.71428600
v -0.70857100 0.80000000 5.71428600
v -0.70857100 0.00000000 5.71428600
v -0.54857100 0.80000000 5.53142900
v -0.54857100 0.00000000 5.53142900
v -0.70857100 0.80000000 5.53142900
v -0.70857100 0.00000000 5.53142900
v -0.73142900 0.80000000 5.69142900
v -0.73142900 0.00000000 5.69142900
v -1.46285700 0.80000000 6.88000000
v -1.46285700 0.00000000 6.88000000
v -1.39428600 0.80000000 5.57714300
v -1.30285700 0.80000000 5.57714300
v -1.30285700 0.80000000 5.41714300
v -1.30285700 0.00000000 5.41714300
v -1.30285700 0.00000000 5.57714300
v -1.39428600 0.00000000 5.57714300
v -1.39428600 0.80000000 5.37142900
v -1.39428600 0.00000000 5.37142900
v -1.48571400 0.80000000 5.53142900
v -1.48571400 0.00000000 5.53142900
v -1.55428600 0.80000000 5.53142900
v -1.57714300 0.80000000 5.50857100
v -1.57714300 0.00000000 5.50857100
v -1.55428600 0.00000000 5.53142900
v -2.19428600 0.80000000 5.30285700
v -2.14857100 0.80000000 5.30285700
v -2.30857100 0.80000000 5.02857100
v -2.30857100 0.00000000 5.02857100
v -2.14857100 0.00000000 5.30285700
v -2.19428600 0.00000000 5.30285700
v -2.35428600 0.80000000 5.02857100
v -2.35428600 0.00000000 5.02857100
v -2.40000000 0.80000000 5.00571400
v -2.40000000 0.00000000 5.00571400
v -2.74285700 0.80000000 5.02857100
v -2.74285700 0.00000000 5.02857100
v -2.44571400 0.80000000 4.96000000
v -2.44571400 0.00000000 4.96000000
v -2.76571400 0.80000000 4.80000000
v -2.76571400 0.00000000 4.80000000
v -2.78857100 0.80000000 4.98285700
v -2.78857100 0.00000000 4.98285700
v -2.97142900 0.80000000 4.89142900
v -2.97142900 0.00000000 4.89142900
v -3.04000000 0.80000000 4.82285700
v -3.04000000 0.00000000 4.82285700
v -3.06285700 0.80000000 4.82285700
v -3.10857100 0.80000000 4.77714300
v -3.10857100 0.00000000 4.77714300
v -3.06285700 0.00000000 4.82285700
v -4.52571400 0.80000000 3.38285700
v -4.38857100 0.80000000 3.54285700
v -4.32000000 0.80000000 3.36000000
v -4.32000000 0.00000000 3.36000000
v -4.38857100 0.00000000 3.54285700
v -4.52571400 0.00000000 3.38285700
v -4.52571400 0.80000000 3.36000000
v -4.52571400 0.00000000 3.36000000
v -4.61714300 0.80000000 3.24571400
v -4.41142900 0.80000000 3.22285700
v -4.41142900 0.00000000 3.22285700
v -4.61714300 0.00000000 3.24571400
v -4.45714300 0.80000000 3.15428600
v -4.45714300 0.00000000 3.15428600
v -4.64000000 0.80000000 3.17714300
v -4.64000000 0.00000000 3.17714300
v -4.68571400 0.80000000 3.13142900
v -4.50285700 0.80000000 3.08571400
v -4.50285700 0.00000000 3.08571400
v -4.68571400 0.00000000 3.13142900
v -4.70857100 0.80000000 3.06285700
v -4.70857100 0.00000000 3.06285700
v -4.75428600 0.80000000 3.01714300
v -4.59428600 0.80000000 2.90285700
v -4.59428600 0.00000000 2.90285700
v -4.75428600 0.00000000 3.01714300
v -4.77714300 0.80000000 2.94857100
v -4.77714300 0.00000000 2.94857100
v -4.82285700 0.80000000 2.90285700
v -4.64000000 0.80000000 2.85714300
v -4.64000000 0.00000000 2.85714300
v -4.82285700 0.00000000 2.90285700
v -5.02857100 0.80000000 2.49142900
v -5.02857100 0.00000000 2.49142900
v -4.89142900 0.80000000 2.35428600
v -4.89142900 0.00000000 2.35428600
v -5.02857100 0.80000000 2.44571400
v -5.02857100 0.00000000 2.44571400
v -5.07428600 0.80000000 2.37714300
v -5.07428600 0.00000000 2.37714300
v -5.07428600 0.80000000 2.33142900
v -5.07428600 0.00000000 2.33142900
v -5.16571400 0.80000000 2.14857100
v -4.98285700 0.80000000 2.12571400
v -4.98285700 0.00000000 2.12571400
v -5.16571400 0.00000000 2.14857100
v -5.16571400 0.80000000 2.10285700
v -5.16571400 0.00000000 2.10285700
v -6.65142900 0.80000000 1.71428600
v -6.65142900 0.00000000 1.71428600
v -6.72000000 0.80000000 1.37142900
v -6.72000000 0.00000000 1.37142900
v -5.48571400 0.80000000 0.84571400
v -5.46285700 0.80000000 0.86857100
v -5.46285700 0.80000000 0.82285700
v -5.46285700 0.00000000 0.82285700
v -5.46285700 0.00000000 0.86857100
v -5.48571400 0.00000000 0.84571400
v -5.48571400 0.80000000 0.75428600
v -5.46285700 0.80000000 0.77714300
v -5.32571400 0.80000000 0.61714300
v -5.32571400 0.00000000 0.61714300
v -5.46285700 0.00000000 0.77714300
v -5.48571400 0.00000000 0.75428600
v -5.48571400 0.80000000 0.61714300
v -5.48571400 0.00000000 0.61714300
v -5.50857100 0.80000000 0.59428600
v -5.50857100 0.00000000 0.59428600
v -5.50857100 0.80000000 -0.18285700
v -5.50857100 0.00000000 -0.18285700
v -5.32571400 0.80000000 -0.20571400
v -5.32571400 0.00000000 -0.20571400
v -5.48571400 0.80000000 -0.20571400
v -5.48571400 0.00000000 -0.20571400
v -5.48571400 0.80000000 -0.36571400
v -5.48571400 0.00000000 -0.36571400
v -5.46285700 0.80000000 -0.38857100
v -5.46285700 0.00000000 -0.38857100
v -5.48571400 0.80000000 -0.43428600
v -5.46285700 0.80000000 -0.45714300
v -5.46285700 0.00000000 -0.45714300
v -5.48571400 0.00000000 -0.43428600
v -6.72000000 0.80000000 -1.00571400
v -6.72000000 0.00000000 -1.00571400
v -6.65142900 0.80000000 -1.32571400
v -6.65142900 0.00000000 -1.32571400
v -6.62857100 0.80000000 -1.41714300
v -6.62857100 0.00000000 -1.41714300
v -6.56000000 0.80000000 -1.69142900
v -6.56000000 0.00000000 -1.69142900
v -5.14285700 0.80000000 -1.80571400
v -5.14285700 0.80000000 -1.76000000
v -4.93714300 0.80000000 -1.78285700
v -4.93714300 0.00000000 -1.78285700
v -5.14285700 0.00000000 -1.76000000
v -5.14285700 0.00000000 -1.80571400
v -5.09714300 0.80000000 -1.87428600
v -5.09714300 0.00000000 -1.87428600
v -5.09714300 0.80000000 -1.92000000
v -4.93714300 0.80000000 -1.82857100
v -4.93714300 0.00000000 -1.82857100
v -5.09714300 0.00000000 -1.92000000
v -4.86857100 0.80000000 -1.94285700
v -4.86857100 0.00000000 -1.94285700
v -5.00571400 0.80000000 -2.08000000
v -5.00571400 0.00000000 -2.08000000
v -4.91428600 0.80000000 -2.30857100
v -5.00571400 0.80000000 -2.12571400
v -4.86857100 0.80000000 -1.98857100
v -4.86857100 0.00000000 -1.98857100
v -5.00571400 0.00000000 -2.12571400
v -4.91428600 0.00000000 -2.30857100
v -4.70857100 0.80000000 -2.30857100
v -4.70857100 0.00000000 -2.30857100
v -4.86857100 0.80000000 -2.35428600
v -4.86857100 0.00000000 -2.35428600
v -4.77714300 0.80000000 -2.56000000
v -4.66285700 0.80000000 -2.35428600
v -4.66285700 0.00000000 -2.35428600
v -4.77714300 0.00000000 -2.56000000
v -4.54857100 0.80000000 -2.58285700
v -4.54857100 0.00000000 -2.58285700
v -4.68571400 0.80000000 -2.67428600
v -4.68571400 0.00000000 -2.67428600
v -4.66285700 0.80000000 -2.74285700
v -4.66285700 0.00000000 -2.74285700
v -4.61714300 0.80000000 -2.78857100
v -4.61714300 0.00000000 -2.78857100
v -4.20571400 0.80000000 -3.36000000
v -4.20571400 0.80000000 -3.33714300
v -4.06857100 0.80000000 -3.24571400
v -4.06857100 0.00000000 -3.24571400
v -4.20571400 0.00000000 -3.33714300
v -4.20571400 0.00000000 -3.36000000
v -3.84000000 0.80000000 -3.47428600
v -3.84000000 0.00000000 -3.47428600
v -3.84000000 0.80000000 -3.49714300
v -3.84000000 0.00000000 -3.49714300
v -3.40571400 0.80000000 -3.90857100
v -3.40571400 0.00000000 -3.90857100
v -3.58857100 0.80000000 -3.97714300
v -3.58857100 0.00000000 -3.97714300
v -3.31428600 0.80000000 -3.97714300
v -3.31428600 0.00000000 -3.97714300
v -3.26857100 0.80000000 -4.25142900
v -3.26857100 0.00000000 -4.25142900
v -3.20000000 0.80000000 -4.06857100
v -3.20000000 0.00000000 -4.06857100
v -3.10857100 0.80000000 -4.13714300
v -3.10857100 0.00000000 -4.13714300
v -3.08571400 0.80000000 -4.13714300
v -3.08571400 0.00000000 -4.13714300
v -2.85714300 0.80000000 -4.29714300
v -2.81142900 0.80000000 -4.34285700
v -2.81142900 0.00000000 -4.34285700
v -2.85714300 0.00000000 -4.29714300
v -2.78857100 0.80000000 -4.34285700
v -2.78857100 0.00000000 -4.34285700
v -2.72000000 0.80000000 -4.38857100
v -2.72000000 0.00000000 -4.38857100
v -1.89714300 0.80000000 -4.80000000
v -1.89714300 0.00000000 -4.80000000
v -1.60000000 0.80000000 -4.91428600
v -1.69142900 0.80000000 -5.07428600
v -1.69142900 0.00000000 -5.07428600
v -1.60000000 0.00000000 -4.91428600
v -1.73714300 0.80000000 -5.07428600
v -1.73714300 0.00000000 -5.07428600
v -1.66857100 0.80000000 -5.09714300
v -1.62285700 0.80000000 -5.09714300
v -1.62285700 0.00000000 -5.09714300
v -1.66857100 0.00000000 -5.09714300
v -1.60000000 0.80000000 -5.12000000
v -1.55428600 0.80000000 -5.12000000
v -1.55428600 0.00000000 -5.12000000
v -1.60000000 0.00000000 -5.12000000
v -1.46285700 0.80000000 -5.16571400
v -1.46285700 0.80000000 -4.96000000
v -1.46285700 0.00000000 -4.96000000
v -1.46285700 0.00000000 -5.16571400
v -1.37142900 0.80000000 -5.00571400
v -1.37142900 0.00000000 -5.00571400
v -1.39428600 0.80000000 -5.16571400
v -1.39428600 0.00000000 -5.16571400
v -1.37142900 0.80000000 -5.18857100
v -1.30285700 0.80000000 -5.18857100
v -1.30285700 0.00000000 -5.18857100
v -1.37142900 0.00000000 -5.18857100
v -1.28000000 0.80000000 -5.21142900
v -1.21142900 0.80000000 -5.21142900
v -1.21142900 0.00000000 -5.21142900
v -1.28000000 0.00000000 -5.21142900
v -1.18857100 0.80000000 -5.23428600
v -1.12000000 0.80000000 -5.23428600
v -1.12000000 0.00000000 -5.23428600
v -1.18857100 0.00000000 -5.23428600
v -0.98285700 0.80000000 -5.28000000
v -1.00571400 0.80000000 -5.25714300
v -0.86857100 0.80000000 -5.12000000
v -0.86857100 0.00000000 -5.12000000
v -1.00571400 0.00000000 -5.25714300
v -0.98285700 0.00000000 -5.28000000
v -0.75428600 0.80000000 -5.12000000
v -0.75428600 0.00000000 -5.12000000
v -0.64000000 0.80000000 -5.14285700
v -0.64000000 0.00000000 -5.14285700
v -0.43428600 0.80000000 -5.16571400
v -0.43428600 0.00000000 -5.16571400
v 0.45714300 0.80000000 -5.16571400
v 0.54857100 0.80000000 -5.32571400
v 0.54857100 0.00000000 -5.32571400
v 0.45714300 0.00000000 -5.16571400
v 0.52571400 0.80000000 -5.34857100
v 0.52571400 0.00000000 -5.34857100
v 0.73142900 0.80000000 -5.32571400
v 0.66285700 0.80000000 -5.16571400
v 0.66285700 0.00000000 -5.16571400
v 0.73142900 0.00000000 -5.32571400
v 0.75428600 0.80000000 -5.30285700
v 0.75428600 0.00000000 -5.30285700
v 0.89142900 0.80000000 -5.30285700
v 0.75428600 0.80000000 -5.14285700
v 0.75428600 0.00000000 -5.14285700
v 0.89142900 0.00000000 -5.30285700
v 0.91428600 0.80000000 -5.28000000
v 0.91428600 0.00000000 -5.28000000
v 1.02857100 0.80000000 -5.28000000
v 0.91428600 0.80000000 -5.12000000
v 0.91428600 0.00000000 -5.12000000
v 1.02857100 0.00000000 -5.28000000
v 1.05142900 0.80000000 -5.25714300
v 1.05142900 0.00000000 -5.25714300
v 1.14285700 0.80000000 -5.25714300
v 1.02857100 0.80000000 -5.09714300
v 1.02857100 0.00000000 -5.09714300
v 1.14285700 0.00000000 -5.25714300
v 1.14285700 0.80000000 -5.07428600
v 1.14285700 0.00000000 -5.07428600
v 1.23428600 0.80000000 -5.21142900
v 1.23428600 0.00000000 -5.21142900
v 1.32571400 0.80000000 -5.21142900
v 1.23428600 0.80000000 -5.02857100
v 1.23428600 0.00000000 -5.02857100
v 1.32571400 0.00000000 -5.21142900
v 1.39428600 0.80000000 -5.00571400
v 1.39428600 0.00000000 -5.00571400
v 1.41714300 0.80000000 -5.16571400
v 1.41714300 0.00000000 -5.16571400
v 1.57714300 0.80000000 -5.14285700
v 1.48571400 0.80000000 -4.98285700
v 1.48571400 0.00000000 -4.98285700
v 1.57714300 0.00000000 -5.14285700
v 1.64571400 0.80000000 -5.09714300
v 1.64571400 0.00000000 -5.09714300
v 1.69142900 0.80000000 -5.09714300
v 1.71428600 0.80000000 -5.07428600
v 1.71428600 0.00000000 -5.07428600
v 1.69142900 0.00000000 -5.09714300
v 1.78285700 0.80000000 -5.07428600
v 1.69142900 0.80000000 -4.91428600
v 1.69142900 0.00000000 -4.91428600
v 1.78285700 0.00000000 -5.07428600
v 1.76000000 0.80000000 -4.89142900
v 1.76000000 0.00000000 -4.89142900
v 1.85142900 0.80000000 -5.02857100
v 1.85142900 0.00000000 -5.02857100
v 1.89714300 0.80000000 -5.02857100
v 1.87428600 0.80000000 -4.84571400
v 1.87428600 0.00000000 -4.84571400
v 1.89714300 0.00000000 -5.02857100
v 1.94285700 0.80000000 -4.80000000
v 1.94285700 0.00000000 -4.80000000
v 2.74285700 0.80000000 -4.38857100
v 2.74285700 0.00000000 -4.38857100
v 2.81142900 0.80000000 -4.36571400
v 2.81142900 0.00000000 -4.36571400
v 2.92571400 0.80000000 -4.27428600
v 2.92571400 0.00000000 -4.27428600
v 2.94857100 0.80000000 -4.27428600
v 2.94857100 0.00000000 -4.27428600
v 3.04000000 0.80000000 -4.41142900
v 3.04000000 0.00000000 -4.41142900
v 2.99428600 0.80000000 -4.45714300
v 2.99428600 0.00000000 -4.45714300
v 3.06285700 0.80000000 -4.41142900
v 3.06285700 0.00000000 -4.41142900
v 3.01714300 0.80000000 -4.20571400
v 3.01714300 0.00000000 -4.20571400
v 3.15428600 0.80000000 -4.11428600
v 3.15428600 0.00000000 -4.11428600
v 3.26857100 0.80000000 -4.02285700
v 3.26857100 0.00000000 -4.02285700
v 3.93142900 0.80000000 -3.40571400
v 3.90857100 0.80000000 -3.68000000
v 3.90857100 0.00000000 -3.68000000
v 3.93142900 0.00000000 -3.40571400
v 3.74857100 0.80000000 -3.86285700
v 3.74857100 0.00000000 -3.86285700
v 3.90857100 0.80000000 -3.70285700
v 3.90857100 0.00000000 -3.70285700
v 4.06857100 0.80000000 -3.52000000
v 4.06857100 0.00000000 -3.52000000
v 4.16000000 0.80000000 -3.13142900
v 4.16000000 0.00000000 -3.13142900
v 4.38857100 0.80000000 -3.13142900
v 4.38857100 0.00000000 -3.13142900
v 4.20571400 0.80000000 -3.04000000
v 4.20571400 0.00000000 -3.04000000
v 4.38857100 0.80000000 -3.10857100
v 4.38857100 0.00000000 -3.10857100
v 4.43428600 0.80000000 -3.06285700
v 4.43428600 0.80000000 -3.04000000
v 4.43428600 0.00000000 -3.04000000
v 4.43428600 0.00000000 -3.06285700
v 4.48000000 0.80000000 -2.99428600
v 4.29714300 0.80000000 -2.94857100
v 4.29714300 0.00000000 -2.94857100
v 4.48000000 0.00000000 -2.99428600
v 4.34285700 0.80000000 -2.85714300
v 4.34285700 0.00000000 -2.85714300
v 4.52571400 0.80000000 -2.90285700
v 4.52571400 0.00000000 -2.90285700
v 4.59428600 0.80000000 -2.83428600
v 4.59428600 0.00000000 -2.83428600
v 4.43428600 0.80000000 -2.74285700
v 4.43428600 0.00000000 -2.74285700
v 4.43428600 0.80000000 -2.72000000
v 4.43428600 0.00000000 -2.72000000
v 4.48000000 0.80000000 -2.65142900
v 4.48000000 0.00000000 -2.65142900
v 4.54857100 0.80000000 -2.53714300
v 4.54857100 0.00000000 -2.53714300
v 4.89142900 0.80000000 -1.85142900
v 4.89142900 0.00000000 -1.85142900
v 5.00571400 0.80000000 -1.55428600
v 5.00571400 0.00000000 -1.55428600
v 5.02857100 0.80000000 -1.53142900
v 5.02857100 0.00000000 -1.53142900
v 5.18857100 0.80000000 -1.60000000
v 5.18857100 0.00000000 -1.60000000
v 5.21142900 0.80000000 -1.48571400
v 5.21142900 0.00000000 -1.48571400
v 5.25714300 0.80000000 -1.41714300
v 5.07428600 0.80000000 -1.39428600
v 5.07428600 0.00000000 -1.39428600
v 5.25714300 0.00000000 -1.41714300
v 5.09714300 0.80000000 -1.32571400
v 5.09714300 0.00000000 -1.32571400
v 5.28000000 0.80000000 -1.25714300
v 5.28000000 0.00000000 -1.25714300
v 5.32571400 0.80000000 -1.16571400
v 5.14285700 0.80000000 -1.16571400
v 5.14285700 0.00000000 -1.16571400
v 5.32571400 0.00000000 -1.16571400
v 5.16571400 0.80000000 -1.09714300
v 5.16571400 0.00000000 -1.09714300
v 5.32571400 0.80000000 -1.07428600
v 5.32571400 0.00000000 -1.07428600
v 5.37142900 0.80000000 -0.98285700
v 5.18857100 0.80000000 -0.98285700
v 5.18857100 0.00000000 -0.98285700
v 5.37142900 0.00000000 -0.98285700
v 5.21142900 0.80000000 -0.89142900
v 5.21142900 0.00000000 -0.89142900
v 5.39428600 0.80000000 -0.77714300
v 5.39428600 0.00000000 -0.77714300
v 5.41714300 0.80000000 -0.75428600
v 5.25714300 0.80000000 -0.61714300
v 5.25714300 0.00000000 -0.61714300
v 5.41714300 0.00000000 -0.75428600
v 5.41714300 0.80000000 -0.59428600
v 5.41714300 0.00000000 -0.59428600
v 5.44000000 0.80000000 -0.57142900
v 5.28000000 0.80000000 -0.50285700
v 5.28000000 0.00000000 -0.50285700
v 5.44000000 0.00000000 -0.57142900
v 5.28000000 0.80000000 -0.29714300
v 5.28000000 0.00000000 -0.29714300
v 5.30285700 0.80000000 0.66285700
v 5.30285700 0.00000000 0.66285700
v 5.46285700 0.80000000 0.61714300
v 5.46285700 0.00000000 0.61714300
v 5.46285700 0.80000000 0.75428600
v 5.46285700 0.00000000 0.75428600
v 5.44000000 0.80000000 0.77714300
v 5.44000000 0.00000000 0.77714300
v 5.46285700 0.80000000 0.82285700
v 5.44000000 0.80000000 0.84571400
v 5.44000000 0.00000000 0.84571400
v 5.46285700 0.00000000 0.82285700
v 5.44000000 0.80000000 0.93714300
v 5.28000000 0.80000000 0.86857100
v 5.28000000 0.00000000 0.86857100
v 5.44000000 0.00000000 0.93714300
v 5.34857100 0.80000000 0.98285700
v 5.34857100 0.00000000 0.98285700
v 5.39428600 0.80000000 0.98285700
v 5.39428600 0.00000000 0.98285700
v 6.67428600 0.80000000 1.32571400
v 6.67428600 0.00000000 1.32571400
v 6.67428600 0.80000000 1.37142900
v 6.67428600 0.00000000 1.37142900
v 6.58285700 0.80000000 1.80571400
v 6.58285700 0.00000000 1.80571400
v 6.56000000 0.80000000 1.87428600
v 6.56000000 0.00000000 1.87428600
v 6.49142900 0.80000000 2.14857100
v 6.49142900 0.00000000 2.14857100
v 5.09714300 0.80000000 2.19428600
v 5.05142900 0.80000000 2.14857100
v 4.89142900 0.80000000 2.24000000
v 4.89142900 0.00000000 2.24000000
v 5.05142900 0.00000000 2.14857100
v 5.09714300 0.00000000 2.19428600
v 4.98285700 0.80000000 2.42285700
v 4.98285700 0.00000000 2.42285700
v 4.98285700 0.80000000 2.46857100
v 4.82285700 0.80000000 2.37714300
v 4.82285700 0.00000000 2.37714300
v 4.98285700 0.00000000 2.46857100
v 4.77714300 0.80000000 2.42285700
v 4.77714300 0.00000000 2.42285700
v 4.70857100 0.80000000 2.60571400
v 4.70857100 0.00000000 2.60571400
v 4.73142900 0.80000000 2.97142900
v 4.73142900 0.00000000 2.97142900
v 4.59428600 0.80000000 2.85714300
v 4.59428600 0.00000000 2.85714300
v 4.68571400 0.80000000 3.01714300
v 4.68571400 0.00000000 3.01714300
v 4.64000000 0.80000000 3.13142900
v 4.52571400 0.80000000 2.97142900
v 4.52571400 0.00000000 2.97142900
v 4.64000000 0.00000000 3.13142900
v 4.48000000 0.80000000 3.01714300
v 4.48000000 0.00000000 3.01714300
v 4.59428600 0.80000000 3.17714300
v 4.59428600 0.00000000 3.17714300
v 4.59428600 0.80000000 3.20000000
v 4.54857100 0.80000000 3.24571400
v 4.54857100 0.00000000 3.24571400
v 4.59428600 0.00000000 3.20000000
v 4.20571400 0.80000000 3.74857100
v 4.25142900 0.80000000 3.65714300
v 4.11428600 0.80000000 3.56571400
v 4.11428600 0.00000000 3.56571400
v 4.25142900 0.00000000 3.65714300
v 4.20571400 0.00000000 3.74857100
v 4.00000000 0.80000000 3.68000000
v 4.00000000 0.00000000 3.68000000
v 4.00000000 0.80000000 3.70285700
v 4.00000000 0.00000000 3.70285700
v 3.40571400 0.80000000 4.27428600
v 3.40571400 0.00000000 4.27428600
v 3.26857100 0.80000000 4.41142900
v 3.26857100 0.00000000 4.41142900
v 3.24571400 0.80000000 4.41142900
v 3.24571400 0.00000000 4.41142900
v 3.15428600 0.80000000 4.50285700
v 3.15428600 0.00000000 4.50285700
v 3.15428600 0.80000000 4.73142900
v 3.15428600 0.00000000 4.73142900
v 3.06285700 0.80000000 4.54857100
v 3.06285700 0.00000000 4.54857100
v 3.13142900 0.80000000 4.73142900
v 3.13142900 0.00000000 4.73142900
v 3.08571400 0.80000000 4.77714300
v 3.08571400 0.00000000 4.77714300
v 3.01714300 0.80000000 4.59428600
v 3.01714300 0.00000000 4.59428600
v 2.92571400 0.80000000 4.66285700
v 2.92571400 0.00000000 4.66285700
v 2.83428600 0.80000000 4.70857100
v 2.83428600 0.00000000 4.70857100
v 1.82857100 0.80000000 5.23428600
v 1.82857100 0.00000000 5.23428600
v 1.82857100 0.80000000 5.41714300
v 1.82857100 0.00000000 5.41714300
v 1.87428600 0.80000000 5.41714300
v 1.87428600 0.00000000 5.41714300
v 1.80571400 0.80000000 5.44000000
v 1.71428600 0.80000000 5.28000000
v 1.71428600 0.00000000 5.28000000
v 1.80571400 0.00000000 5.44000000
v 1.69142900 0.80000000 5.46285700
v 1.69142900 0.00000000 5.46285700
v 1.62285700 0.80000000 5.50857100
v 1.57714300 0.80000000 5.32571400
v 1.57714300 0.00000000 5.32571400
v 1.62285700 0.00000000 5.50857100
v 1.50857100 0.80000000 5.34857100
v 1.50857100 0.00000000 5.34857100
v 1.46285700 0.80000000 5.53142900
v 1.46285700 0.00000000 5.53142900
v 1.37142900 0.80000000 5.57714300
v 1.37142900 0.80000000 5.37142900
v 1.37142900 0.00000000 5.37142900
v 1.37142900 0.00000000 5.57714300
v 1.28000000 0.80000000 5.41714300
v 1.28000000 0.00000000 5.41714300
v 1.28000000 0.80000000 5.57714300
v 1.28000000 0.00000000 5.57714300
v 1.18857100 0.80000000 5.62285700
v 1.18857100 0.80000000 5.44000000
v 1.18857100 0.00000000 5.44000000
v 1.18857100 0.00000000 5.62285700
v 1.07428600 0.80000000 5.46285700
v 1.07428600 0.00000000 5.46285700
v 1.09714300 0.80000000 5.62285700
v 1.09714300 0.00000000 5.62285700
v 1.07428600 0.80000000 5.64571400
v 0.98285700 0.80000000 5.64571400
v 0.98285700 0.00000000 5.64571400
v 1.07428600 0.00000000 5.64571400
v 0.96000000 0.80000000 5.66857100
v 0.84571400 0.80000000 5.66857100
v 0.84571400 0.00000000 5.66857100
v 0.96000000 0.00000000 5.66857100
v 0.82285700 0.80000000 5.69142900
v 0.82285700 0.00000000 5.69142900
v 0.82285700 0.80000000 5.50857100
v 0.82285700 0.00000000 5.50857100
v 0.75428600 0.80000000 5.50857100
v 0.75428600 0.00000000 5.50857100
v -0.73142900 0.80000000 5.50857100
v -0.82285700 0.80000000 5.50857100
v -0.82285700 0.00000000 5.50857100
v -0.73142900 0.00000000 5.50857100
v -0.84571400 0.80000000 5.66857100
v -0.84571400 0.00000000 5.66857100
v -0.82285700 0.80000000 5.69142900
v -0.82285700 0.00000000 5.69142900
v -0.98285700 0.80000000 5.66857100
v -0.96000000 0.80000000 5.48571400
v -0.96000000 0.00000000 5.48571400
v -0.98285700 0.00000000 5.66857100
v -1.00571400 0.80000000 5.64571400
v -1.00571400 0.00000000 5.64571400
v -1.21142900 0.80000000 5.62285700
v -1.07428600 0.80000000 5.46285700
v -1.07428600 0.00000000 5.46285700
v -1.21142900 0.00000000 5.62285700
v -1.18857100 0.80000000 5.44000000
v -1.18857100 0.00000000 5.44000000
v -1.21142900 0.80000000 5.41714300
v -1.21142900 0.00000000 5.41714300
v -1.44000000 0.80000000 5.37142900
v -1.44000000 0.00000000 5.37142900
v -1.53142900 0.80000000 5.34857100
v -1.53142900 0.00000000 5.34857100
v -1.64571400 0.80000000 5.48571400
v -1.64571400 0.00000000 5.48571400
v -1.62285700 0.80000000 5.50857100
v -1.62285700 0.00000000 5.50857100
v -1.69142900 0.80000000 5.48571400
v -1.71428600 0.80000000 5.46285700
v -1.71428600 0.00000000 5.46285700
v -1.69142900 0.00000000 5.48571400
v -1.76000000 0.80000000 5.46285700
v -1.78285700 0.80000000 5.44000000
v -1.78285700 0.00000000 5.44000000
v -1.76000000 0.00000000 5.46285700
v -1.82857100 0.80000000 5.44000000
v -1.85142900 0.80000000 5.41714300
v -1.85142900 0.00000000 5.41714300
v -1.82857100 0.00000000 5.44000000
v -1.96571400 0.80000000 5.39428600
v -1.80571400 0.80000000 5.25714300
v -1.80571400 0.00000000 5.25714300
v -1.96571400 0.00000000 5.39428600
v -1.87428600 0.80000000 5.21142900
v -1.87428600 0.00000000 5.21142900
v -1.94285700 0.80000000 5.21142900
v -1.94285700 0.00000000 5.21142900
v -2.03428600 0.80000000 5.34857100
v -2.03428600 0.00000000 5.34857100
v -2.08000000 0.80000000 5.34857100
v -2.08000000 0.00000000 5.34857100
v -3.01714300 0.80000000 4.61714300
v -3.01714300 0.00000000 4.61714300
v -3.04000000 0.80000000 4.61714300
v -3.04000000 0.00000000 4.61714300
v -3.20000000 0.80000000 4.73142900
v -3.20000000 0.00000000 4.73142900
v -3.10857100 0.80000000 4.57142900
v -3.10857100 0.00000000 4.57142900
v -3.26857100 0.80000000 4.66285700
v -3.26857100 0.00000000 4.66285700
v -3.29142900 0.80000000 4.66285700
v -3.29142900 0.80000000 4.43428600
v -3.29142900 0.00000000 4.43428600
v -3.29142900 0.00000000 4.66285700
v -3.42857100 0.80000000 4.54857100
v -3.42857100 0.00000000 4.54857100
v -3.45142900 0.80000000 4.54857100
v -3.42857100 0.80000000 4.32000000
v -3.42857100 0.00000000 4.32000000
v -3.45142900 0.00000000 4.54857100
v -3.58857100 0.80000000 4.41142900
v -3.58857100 0.00000000 4.41142900
v -3.61142900 0.80000000 4.41142900
v -3.58857100 0.80000000 4.18285700
v -3.58857100 0.00000000 4.18285700
v -3.61142900 0.00000000 4.41142900
v -3.63428600 0.80000000 4.13714300
v -3.63428600 0.00000000 4.13714300
v -4.13714300 0.80000000 3.88571400
v -4.13714300 0.00000000 3.88571400
v -3.90857100 0.80000000 3.86285700
v -3.90857100 0.00000000 3.86285700
v -3.95428600 0.80000000 3.81714300
v -3.95428600 0.00000000 3.81714300
v -4.13714300 0.80000000 3.86285700
v -4.13714300 0.00000000 3.86285700
v -4.25142900 0.80000000 3.74857100
v -4.04571400 0.80000000 3.70285700
v -4.04571400 0.00000000 3.70285700
v -4.25142900 0.00000000 3.74857100
v -4.25142900 0.80000000 3.72571400
v -4.25142900 0.00000000 3.72571400
v -4.34285700 0.80000000 3.63428600
v -4.16000000 0.80000000 3.56571400
v -4.16000000 0.00000000 3.56571400
v -4.34285700 0.00000000 3.63428600
v -4.16000000 0.80000000 3.54285700
v -4.16000000 0.00000000 3.54285700
v -4.36571400 0.80000000 3.26857100
v -4.36571400 0.00000000 3.26857100
v -4.41142900 0.80000000 3.20000000
v -4.41142900 0.00000000 3.20000000
v -4.45714300 0.80000000 3.13142900
v -4.45714300 0.00000000 3.13142900
v -4.89142900 0.80000000 2.30857100
v -4.89142900 0.00000000 2.30857100
v -4.93714300 0.80000000 2.24000000
v -4.93714300 0.00000000 2.24000000
v -4.93714300 0.80000000 2.19428600
v -4.93714300 0.00000000 2.19428600
v -5.00571400 0.80000000 2.01142900
v -5.00571400 0.00000000 2.01142900
v -5.02857100 0.80000000 1.98857100
v -5.02857100 0.00000000 1.98857100
v -5.18857100 0.80000000 2.03428600
v -5.18857100 0.00000000 2.03428600
v -5.18857100 0.80000000 2.08000000
v -5.18857100 0.00000000 2.08000000
v -5.21142900 0.80000000 2.01142900
v -5.21142900 0.80000000 1.96571400
v -5.21142900 0.00000000 1.96571400
v -5.21142900 0.00000000 2.01142900
v -5.23428600 0.80000000 1.94285700
v -5.23428600 0.80000000 1.89714300
v -5.23428600 0.00000000 1.89714300
v -5.23428600 0.00000000 1.94285700
v -5.25714300 0.80000000 1.87428600
v -5.25714300 0.80000000 1.82857100
v -5.25714300 0.00000000 1.82857100
v -5.25714300 0.00000000 1.87428600
v -5.30285700 0.80000000 1.73714300
v -5.12000000 0.80000000 1.71428600
v -5.12000000 0.00000000 1.71428600
v -5.30285700 0.00000000 1.73714300
v -5.30285700 0.80000000 1.66857100
v -5.30285700 0.00000000 1.66857100
v -5.32571400 0.80000000 1.64571400
v -5.32571400 0.80000000 1.57714300
v -5.32571400 0.00000000 1.57714300
v -5.32571400 0.00000000 1.64571400
v -5.34857100 0.80000000 1.55428600
v -5.34857100 0.80000000 1.46285700
v -5.34857100 0.00000000 1.46285700
v -5.34857100 0.00000000 1.55428600
v -5.37142900 0.80000000 1.44000000
v -5.37142900 0.80000000 1.39428600
v -5.37142900 0.00000000 1.39428600
v -5.37142900 0.00000000 1.44000000
v -5.39428600 0.80000000 1.37142900
v -5.39428600 0.80000000 1.28000000
v -5.39428600 0.00000000 1.28000000
v -5.39428600 0.00000000 1.37142900
v -5.41714300 0.80000000 1.25714300
v -5.41714300 0.80000000 1.14285700
v -5.41714300 0.00000000 1.14285700
v -5.41714300 0.00000000 1.25714300
v -5.44000000 0.80000000 1.12000000
v -5.44000000 0.80000000 0.98285700
v -5.44000000 0.00000000 0.98285700
v -5.44000000 0.00000000 1.12000000
v -5.46285700 0.80000000 0.96000000
v -5.46285700 0.00000000 0.96000000
v -5.30285700 0.80000000 0.86857100
v -5.30285700 0.00000000 0.86857100
v -5.30285700 0.80000000 0.64000000
v -5.30285700 0.00000000 0.64000000
v -5.30285700 0.80000000 -0.22857100
v -5.30285700 0.00000000 -0.22857100
v -5.30285700 0.80000000 -0.45714300
v -5.30285700 0.00000000 -0.45714300
v -5.44000000 0.80000000 -0.57142900
v -5.44000000 0.00000000 -0.57142900
v -5.46285700 0.80000000 -0.54857100
v -5.46285700 0.00000000 -0.54857100
v -5.44000000 0.80000000 -0.70857100
v -5.41714300 0.80000000 -0.73142900
v -5.41714300 0.00000000 -0.73142900
v -5.44000000 0.00000000 -0.70857100
v -5.41714300 0.80000000 -0.84571400
v -5.39428600 0.80000000 -0.86857100
v -5.39428600 0.00000000 -0.86857100
v -5.41714300 0.00000000 -0.84571400
v -5.39428600 0.80000000 -0.96000000
v -5.37142900 0.80000000 -0.98285700
v -5.37142900 0.00000000 -0.98285700
v -5.39428600 0.00000000 -0.96000000
v -5.32571400 0.80000000 -1.23428600
v -5.32571400 0.80000000 -1.16571400
v -5.30285700 0.80000000 -1.25714300
v -5.30285700 0.00000000 -1.25714300
v -5.32571400 0.00000000 -1.16571400
v -5.32571400 0.00000000 -1.23428600
v -5.28000000 0.80000000 -1.41714300
v -5.12000000 0.80000000 -1.32571400
v -5.12000000 0.00000000 -1.32571400
v -5.28000000 0.00000000 -1.41714300
v -5.23428600 0.80000000 -1.48571400
v -5.23428600 0.00000000 -1.48571400
v -5.23428600 0.80000000 -1.55428600
v -5.07428600 0.80000000 -1.46285700
v -5.07428600 0.00000000 -1.46285700
v -5.23428600 0.00000000 -1.55428600
v -5.05142900 0.80000000 -1.53142900
v -5.05142900 0.00000000 -1.53142900
v -5.18857100 0.80000000 -1.62285700
v -5.18857100 0.00000000 -1.62285700
v -5.18857100 0.80000000 -1.69142900
v -5.00571400 0.80000000 -1.66857100
v -5.00571400 0.00000000 -1.66857100
v -5.18857100 0.00000000 -1.69142900
v -4.36571400 0.80000000 -2.83428600
v -4.36571400 0.00000000 -2.83428600
v -4.57142900 0.80000000 -2.88000000
v -4.57142900 0.00000000 -2.88000000
v -4.36571400 0.80000000 -2.85714300
v -4.36571400 0.00000000 -2.85714300
v -4.43428600 0.80000000 -3.04000000
v -4.43428600 0.00000000 -3.04000000
v -4.43428600 0.80000000 -3.06285700
v -4.32000000 0.80000000 -2.92571400
v -4.32000000 0.00000000 -2.92571400
v -4.43428600 0.00000000 -3.06285700
v -4.32000000 0.80000000 -3.20000000
v -4.32000000 0.00000000 -3.20000000
v -4.32000000 0.80000000 -3.22285700
v -4.13714300 0.80000000 -3.15428600
v -4.13714300 0.00000000 -3.15428600
v -4.32000000 0.00000000 -3.22285700
v -4.06857100 0.80000000 -3.22285700
v -4.06857100 0.00000000 -3.22285700
v -3.38285700 0.80000000 -3.90857100
v -3.38285700 0.00000000 -3.90857100
v -3.29142900 0.80000000 -3.97714300
v -3.29142900 0.00000000 -3.97714300
v -3.17714300 0.80000000 -4.06857100
v -3.17714300 0.00000000 -4.06857100
v -2.35428600 0.80000000 -3.17714300
v -2.40000000 0.80000000 -3.13142900
v -2.24000000 0.80000000 -3.04000000
v -2.24000000 0.00000000 -3.04000000
v -2.40000000 0.00000000 -3.13142900
v -2.35428600 0.00000000 -3.17714300
v -2.26285700 0.80000000 -3.22285700
v -2.26285700 0.00000000 -3.22285700
v -2.12571400 0.80000000 -3.33714300
v -2.14857100 0.80000000 -3.10857100
v -2.14857100 0.00000000 -3.10857100
v -2.12571400 0.00000000 -3.33714300
v -2.01142900 0.80000000 -3.17714300
v -2.01142900 0.00000000 -3.17714300
v -1.96571400 0.80000000 -3.22285700
v -1.96571400 0.00000000 -3.22285700
v -1.89714300 0.80000000 -3.45142900
v -1.89714300 0.00000000 -3.45142900
v -1.85142900 0.80000000 -3.49714300
v -1.85142900 0.80000000 -3.29142900
v -1.85142900 0.00000000 -3.29142900
v -1.85142900 0.00000000 -3.49714300
v -1.57714300 0.80000000 -3.63428600
v -1.57714300 0.00000000 -3.63428600
v -1.39428600 0.80000000 -3.52000000
v -1.39428600 0.00000000 -3.52000000
v -1.53142900 0.80000000 -3.63428600
v -1.53142900 0.00000000 -3.63428600
v -1.41714300 0.80000000 -3.70285700
v -1.41714300 0.00000000 -3.70285700
v -1.37142900 0.80000000 -3.70285700
v -1.37142900 0.00000000 -3.70285700
v -1.30285700 0.80000000 -3.74857100
v -1.21142900 0.80000000 -3.58857100
v -1.21142900 0.00000000 -3.58857100
v -1.30285700 0.00000000 -3.74857100
v -1.25714300 0.80000000 -3.74857100
v -1.25714300 0.00000000 -3.74857100
v -1.53142900 0.80000000 -4.96000000
v -1.53142900 0.00000000 -4.96000000
v -1.30285700 0.80000000 -5.00571400
v -1.28000000 0.80000000 -5.02857100
v -1.28000000 0.00000000 -5.02857100
v -1.30285700 0.00000000 -5.00571400
v -1.21142900 0.80000000 -5.02857100
v -1.21142900 0.00000000 -5.02857100
v -1.12000000 0.80000000 -5.07428600
v -1.12000000 0.00000000 -5.07428600
v -1.00571400 0.80000000 -5.09714300
v -1.00571400 0.00000000 -5.09714300
v -1.09714300 0.80000000 -5.25714300
v -1.09714300 0.00000000 -5.25714300
v -0.89142900 0.80000000 -5.09714300
v -0.89142900 0.00000000 -5.09714300
v 0.68571400 0.80000000 -5.14285700
v 0.68571400 0.00000000 -5.14285700
v 0.77714300 0.80000000 -5.12000000
v 0.77714300 0.00000000 -5.12000000
v 0.93714300 0.80000000 -5.09714300
v 0.93714300 0.00000000 -5.09714300
v 1.05142900 0.80000000 -5.07428600
v 1.05142900 0.00000000 -5.07428600
v 1.41714300 0.80000000 -4.98285700
v 1.41714300 0.00000000 -4.98285700
v 1.57714300 0.80000000 -4.93714300
v 1.57714300 0.00000000 -4.93714300
v 1.62285700 0.80000000 -4.93714300
v 1.62285700 0.00000000 -4.93714300
v 1.64571400 0.80000000 -4.91428600
v 1.64571400 0.00000000 -4.91428600
v 1.71428600 0.80000000 -4.89142900
v 1.71428600 0.00000000 -4.89142900
v 1.82857100 0.80000000 -4.84571400
v 1.82857100 0.00000000 -4.84571400
v 1.60000000 0.80000000 -3.65714300
v 1.55428600 0.80000000 -3.65714300
v 1.57714300 0.80000000 -3.45142900
v 1.57714300 0.00000000 -3.45142900
v 1.55428600 0.00000000 -3.65714300
v 1.60000000 0.00000000 -3.65714300
v 1.62285700 0.80000000 -3.45142900
v 1.62285700 0.00000000 -3.45142900
v 1.80571400 0.80000000 -3.36000000
v 1.80571400 0.00000000 -3.36000000
v 2.05714300 0.80000000 -3.42857100
v 2.05714300 0.00000000 -3.42857100
v 1.85142900 0.80000000 -3.31428600
v 1.85142900 0.00000000 -3.31428600
v 2.01142900 0.80000000 -3.24571400
v 2.01142900 0.00000000 -3.24571400
v 2.10285700 0.80000000 -3.38285700
v 2.10285700 0.00000000 -3.38285700
v 2.58285700 0.80000000 -3.06285700
v 2.56000000 0.80000000 -3.06285700
v 2.51428600 0.80000000 -2.88000000
v 2.51428600 0.00000000 -2.88000000
v 2.56000000 0.00000000 -3.06285700
v 2.58285700 0.00000000 -3.06285700
v 2.97142900 0.80000000 -2.69714300
v 2.97142900 0.00000000 -2.69714300
v 2.97142900 0.80000000 -2.67428600
v 2.97142900 0.00000000 -2.67428600
v 3.15428600 0.80000000 -2.49142900
v 2.97142900 0.80000000 -2.42285700
v 2.97142900 0.00000000 -2.42285700
v 3.15428600 0.00000000 -2.49142900
v 3.15428600 0.80000000 -2.46857100
v 3.15428600 0.00000000 -2.46857100
v 4.38857100 0.80000000 -2.81142900
v 4.38857100 0.00000000 -2.81142900
v 4.38857100 0.80000000 -2.78857100
v 4.38857100 0.00000000 -2.78857100
v 3.58857100 0.80000000 -1.85142900
v 3.54285700 0.80000000 -1.89714300
v 3.42857100 0.80000000 -1.73714300
v 3.42857100 0.00000000 -1.73714300
v 3.54285700 0.00000000 -1.89714300
v 3.58857100 0.00000000 -1.85142900
v 3.47428600 0.80000000 -1.69142900
v 3.47428600 0.00000000 -1.69142900
v 3.77142900 0.80000000 -1.48571400
v 3.77142900 0.00000000 -1.48571400
v 3.58857100 0.80000000 -1.46285700
v 3.58857100 0.00000000 -1.46285700
v 3.77142900 0.80000000 -1.44000000
v 3.77142900 0.00000000 -1.44000000
v 3.84000000 0.80000000 -1.32571400
v 3.65714300 0.80000000 -1.30285700
v 3.65714300 0.00000000 -1.30285700
v 3.84000000 0.00000000 -1.32571400
v 3.84000000 0.80000000 -1.28000000
v 3.84000000 0.00000000 -1.28000000
v 5.02857100 0.80000000 -1.48571400
v 5.05142900 0.80000000 -1.46285700
v 5.05142900 0.00000000 -1.46285700
v 5.02857100 0.00000000 -1.48571400
v 5.05142900 0.80000000 -1.41714300
v 5.05142900 0.00000000 -1.41714300
v 5.07428600 0.80000000 -1.34857100
v 5.07428600 0.00000000 -1.34857100
v 5.09714300 0.80000000 -1.25714300
v 5.09714300 0.00000000 -1.25714300
v 5.14285700 0.80000000 -1.12000000
v 5.14285700 0.00000000 -1.12000000
v 5.16571400 0.80000000 -1.00571400
v 5.16571400 0.00000000 -1.00571400
v 5.18857100 0.80000000 -0.91428600
v 5.18857100 0.00000000 -0.91428600
v 5.21142900 0.80000000 -0.77714300
v 5.23428600 0.80000000 -0.75428600
v 5.23428600 0.00000000 -0.75428600
v 5.21142900 0.00000000 -0.77714300
v 5.23428600 0.80000000 -0.64000000
v 5.23428600 0.00000000 -0.64000000
v 5.25714300 0.80000000 -0.52571400
v 5.25714300 0.00000000 -0.52571400
v 5.28000000 0.80000000 0.68571400
v 5.28000000 0.00000000 0.68571400
v 5.25714300 0.80000000 0.89142900
v 5.25714300 0.80000000 0.93714300
v 5.25714300 0.00000000 0.93714300
v 5.25714300 0.00000000 0.89142900
v 4.93714300 0.80000000 2.12571400
v 4.89142900 0.80000000 2.19428600
v 4.89142900 0.00000000 2.19428600
v 4.93714300 0.00000000 2.12571400
v 4.75428600 0.80000000 2.42285700
v 4.75428600 0.00000000 2.42285700
v 4.52571400 0.80000000 2.46857100
v 4.52571400 0.00000000 2.46857100
v 4.54857100 0.80000000 2.90285700
v 4.54857100 0.00000000 2.90285700
v 4.41142900 0.80000000 3.15428600
v 4.41142900 0.00000000 3.15428600
v 4.50285700 0.80000000 3.31428600
v 4.50285700 0.00000000 3.31428600
v 4.54857100 0.80000000 3.26857100
v 4.54857100 0.00000000 3.26857100
v 4.50285700 0.80000000 3.33714300
v 4.45714300 0.80000000 3.38285700
v 4.45714300 0.00000000 3.38285700
v 4.50285700 0.00000000 3.33714300
v 4.41142900 0.80000000 3.47428600
v 4.29714300 0.80000000 3.31428600
v 4.29714300 0.00000000 3.31428600
v 4.41142900 0.00000000 3.47428600
v 4.18285700 0.80000000 3.45142900
v 4.18285700 0.00000000 3.45142900
v 4.32000000 0.80000000 3.56571400
v 4.32000000 0.00000000 3.56571400
v 4.32000000 0.80000000 3.58857100
v 4.32000000 0.00000000 3.58857100
v 4.18285700 0.80000000 3.47428600
v 4.18285700 0.00000000 3.47428600
v 4.11428600 0.80000000 3.54285700
v 4.11428600 0.00000000 3.54285700
v 2.99428600 0.80000000 4.59428600
v 2.99428600 0.00000000 4.59428600
v 1.46285700 0.80000000 4.04571400
v 1.46285700 0.80000000 4.00000000
v 1.39428600 0.80000000 4.06857100
v 1.39428600 0.00000000 4.06857100
v 1.46285700 0.00000000 4.00000000
v 1.46285700 0.00000000 4.04571400
v 1.44000000 0.80000000 4.06857100
v 1.44000000 0.00000000 4.06857100
v 1.78285700 0.80000000 5.23428600
v 1.78285700 0.00000000 5.23428600
v 1.60000000 0.80000000 5.30285700
v 1.60000000 0.00000000 5.30285700
v 1.53142900 0.80000000 5.32571400
v 1.53142900 0.00000000 5.32571400
v 1.46285700 0.80000000 5.34857100
v 1.44000000 0.80000000 5.37142900
v 1.44000000 0.00000000 5.37142900
v 1.46285700 0.00000000 5.34857100
v 1.21142900 0.80000000 5.41714300
v 1.21142900 0.00000000 5.41714300
v 1.09714300 0.80000000 5.44000000
v 1.09714300 0.00000000 5.44000000
v 0.98285700 0.80000000 5.46285700
v 0.96000000 0.80000000 5.48571400
v 0.96000000 0.00000000 5.48571400
v 0.98285700 0.00000000 5.46285700
v 0.84571400 0.80000000 5.48571400
v 0.84571400 0.00000000 5.48571400
v 0.52571400 0.80000000 4.29714300
v 0.54857100 0.80000000 4.27428600
v 0.36571400 0.80000000 4.11428600
v 0.36571400 0.00000000 4.11428600
v 0.54857100 0.00000000 4.27428600
v 0.52571400 0.00000000 4.29714300
v 0.34285700 0.80000000 4.13714300
v 0.34285700 0.00000000 4.13714300
v 0.32000000 0.80000000 4.29714300
v 0.32000000 0.00000000 4.29714300
v 0.29714300 0.80000000 4.32000000
v 0.29714300 0.00000000 4.32000000
v -0.20571400 0.80000000 4.32000000
v -0.20571400 0.00000000 4.32000000
v -0.27428600 0.80000000 4.13714300
v -0.27428600 0.00000000 4.13714300
v -0.22857100 0.80000000 4.29714300
v -0.22857100 0.00000000 4.29714300
v -0.48000000 0.80000000 4.29714300
v -0.48000000 0.00000000 4.29714300
v -0.29714300 0.80000000 4.11428600
v -0.29714300 0.00000000 4.11428600
v -0.50285700 0.80000000 4.11428600
v -0.50285700 0.00000000 4.11428600
v -0.50285700 0.80000000 4.27428600
v -0.50285700 0.00000000 4.27428600
v -0.84571400 0.80000000 5.48571400
v -0.84571400 0.00000000 5.48571400
v -0.98285700 0.80000000 5.46285700
v -0.98285700 0.00000000 5.46285700
v -1.09714300 0.80000000 5.44000000
v -1.09714300 0.00000000 5.44000000
v -0.96000000 0.80000000 4.20571400
v -0.86857100 0.80000000 4.20571400
v -0.98285700 0.80000000 4.18285700
v -0.98285700 0.00000000 4.18285700
v -0.86857100 0.00000000 4.20571400
v -0.96000000 0.00000000 4.20571400
v -1.05142900 0.80000000 4.18285700
v -1.02857100 0.80000000 4.00000000
v -1.02857100 0.00000000 4.00000000
v -1.05142900 0.00000000 4.18285700
v -1.12000000 0.80000000 4.13714300
v -1.12000000 0.00000000 4.13714300
v -1.46285700 0.80000000 5.34857100
v -1.46285700 0.00000000 5.34857100
v -1.62285700 0.80000000 5.30285700
v -1.62285700 0.00000000 5.30285700
v -1.66857100 0.80000000 5.30285700
v -1.66857100 0.00000000 5.30285700
v -1.73714300 0.80000000 5.28000000
v -1.73714300 0.00000000 5.28000000
v -1.76000000 0.80000000 5.25714300
v -1.76000000 0.00000000 5.25714300
v -1.57714300 0.80000000 4.00000000
v -1.46285700 0.80000000 4.02285700
v -1.37142900 0.80000000 3.88571400
v -1.37142900 0.00000000 3.88571400
v -1.46285700 0.00000000 4.02285700
v -1.57714300 0.00000000 4.00000000
v -1.69142900 0.80000000 3.72571400
v -1.69142900 0.00000000 3.72571400
v -1.73714300 0.80000000 3.72571400
v -1.73714300 0.00000000 3.72571400
v -1.89714300 0.80000000 3.84000000
v -1.89714300 0.00000000 3.84000000
v -1.78285700 0.80000000 3.68000000
v -1.78285700 0.00000000 3.68000000
v -1.85142900 0.80000000 3.65714300
v -1.85142900 0.00000000 3.65714300
v -1.94285700 0.80000000 3.79428600
v -1.94285700 0.00000000 3.79428600
v -1.98857100 0.80000000 3.79428600
v -1.96571400 0.80000000 3.58857100
v -1.96571400 0.00000000 3.58857100
v -1.98857100 0.00000000 3.79428600
v -2.10285700 0.80000000 3.70285700
v -2.10285700 0.00000000 3.70285700
v -2.17142900 0.80000000 3.68000000
v -2.08000000 0.80000000 3.52000000
v -2.08000000 0.00000000 3.52000000
v -2.17142900 0.00000000 3.68000000
v -2.21714300 0.80000000 3.63428600
v -2.21714300 0.00000000 3.63428600
v -3.08571400 0.80000000 4.57142900
v -3.08571400 0.00000000 4.57142900
v -3.26857100 0.80000000 4.43428600
v -3.26857100 0.00000000 4.43428600
v -3.40571400 0.80000000 4.32000000
v -3.40571400 0.00000000 4.32000000
v -3.56571400 0.80000000 4.18285700
v -3.56571400 0.00000000 4.18285700
v -3.63428600 0.80000000 4.11428600
v -3.88571400 0.80000000 3.86285700
v -3.88571400 0.00000000 3.86285700
v -3.63428600 0.00000000 4.11428600
v -3.95428600 0.80000000 3.79428600
v -3.95428600 0.00000000 3.79428600
v -4.04571400 0.80000000 3.68000000
v -4.04571400 0.00000000 3.68000000
v -3.24571400 0.80000000 2.67428600
v -3.06285700 0.80000000 2.88000000
v -3.01714300 0.80000000 2.67428600
v -3.01714300 0.00000000 2.67428600
v -3.06285700 0.00000000 2.88000000
v -3.24571400 0.00000000 2.67428600
v -3.24571400 0.80000000 2.65142900
v -3.24571400 0.00000000 2.65142900
v -3.47428600 0.80000000 2.33142900
v -3.29142900 0.80000000 2.58285700
v -3.20000000 0.80000000 2.42285700
v -3.20000000 0.00000000 2.42285700
v -3.29142900 0.00000000 2.58285700
v -3.47428600 0.00000000 2.33142900
v -3.26857100 0.80000000 2.28571400
v -3.26857100 0.00000000 2.28571400
v -3.31428600 0.80000000 2.24000000
v -3.31428600 0.00000000 2.24000000
v -3.33714300 0.80000000 2.17142900
v -3.33714300 0.00000000 2.17142900
v -3.38285700 0.80000000 2.12571400
v -3.38285700 0.00000000 2.12571400
v -3.74857100 0.80000000 1.78285700
v -3.74857100 0.00000000 1.78285700
v -3.54285700 0.80000000 1.80571400
v -3.54285700 0.00000000 1.80571400
v -3.54285700 0.80000000 1.76000000
v -3.54285700 0.00000000 1.76000000
v -3.74857100 0.80000000 1.73714300
v -3.74857100 0.00000000 1.73714300
v -5.02857100 0.80000000 1.94285700
v -5.05142900 0.80000000 1.92000000
v -5.05142900 0.00000000 1.92000000
v -5.02857100 0.00000000 1.94285700
v -5.07428600 0.80000000 1.85142900
v -5.07428600 0.00000000 1.85142900
v -5.09714300 0.80000000 1.78285700
v -5.09714300 0.00000000 1.78285700
v -5.09714300 0.80000000 1.73714300
v -5.09714300 0.00000000 1.73714300
v -5.14285700 0.80000000 1.55428600
v -5.14285700 0.00000000 1.55428600
v -5.18857100 0.80000000 1.46285700
v -5.18857100 0.00000000 1.46285700
v -5.21142900 0.80000000 1.25714300
v -5.21142900 0.00000000 1.25714300
v -5.23428600 0.80000000 1.23428600
v -5.23428600 0.00000000 1.23428600
v -5.25714300 0.80000000 1.12000000
v -5.25714300 0.00000000 1.12000000
v -5.28000000 0.80000000 0.96000000
v -5.28000000 0.00000000 0.96000000
v -5.28000000 0.80000000 0.89142900
v -5.28000000 0.00000000 0.89142900
v -5.28000000 0.80000000 -0.48000000
v -5.28000000 0.80000000 -0.54857100
v -5.28000000 0.00000000 -0.54857100
v -5.28000000 0.00000000 -0.48000000
v -5.25714300 0.80000000 -0.57142900
v -5.25714300 0.00000000 -0.57142900
v -5.25714300 0.80000000 -0.73142900
v -5.25714300 0.00000000 -0.73142900
v -5.23428600 0.80000000 -0.84571400
v -5.23428600 0.00000000 -0.84571400
v -5.21142900 0.80000000 -0.96000000
v -5.21142900 0.00000000 -0.96000000
v -5.34857100 0.80000000 -1.07428600
v -5.34857100 0.00000000 -1.07428600
v -5.37142900 0.80000000 -1.05142900
v -5.37142900 0.00000000 -1.05142900
v -5.34857100 0.80000000 -1.14285700
v -5.34857100 0.00000000 -1.14285700
v -5.18857100 0.80000000 -1.07428600
v -5.18857100 0.00000000 -1.07428600
v -5.14285700 0.80000000 -1.16571400
v -5.14285700 0.00000000 -1.16571400
v -5.07428600 0.80000000 -1.41714300
v -5.07428600 0.00000000 -1.41714300
v -5.05142900 0.80000000 -1.48571400
v -5.05142900 0.00000000 -1.48571400
v -5.00571400 0.80000000 -1.60000000
v -5.00571400 0.00000000 -1.60000000
v -3.81714300 0.80000000 -1.23428600
v -3.81714300 0.80000000 -1.18857100
v -3.79428600 0.80000000 -1.25714300
v -3.79428600 0.00000000 -1.25714300
v -3.81714300 0.00000000 -1.18857100
v -3.81714300 0.00000000 -1.23428600
v -3.77142900 0.80000000 -1.37142900
v -3.61142900 0.80000000 -1.28000000
v -3.61142900 0.00000000 -1.28000000
v -3.77142900 0.00000000 -1.37142900
v -3.56571400 0.80000000 -1.34857100
v -3.56571400 0.00000000 -1.34857100
v -3.56571400 0.80000000 -1.39428600
v -3.56571400 0.00000000 -1.39428600
v -3.68000000 0.80000000 -1.53142900
v -3.68000000 0.00000000 -1.53142900
v -3.68000000 0.80000000 -1.57714300
v -3.68000000 0.00000000 -1.57714300
v -3.36000000 0.80000000 -1.80571400
v -3.36000000 0.00000000 -1.80571400
v -3.56571400 0.80000000 -1.80571400
v -3.56571400 0.00000000 -1.80571400
v -3.52000000 0.80000000 -1.85142900
v -3.52000000 0.00000000 -1.85142900
v -3.40571400 0.80000000 -2.08000000
v -3.29142900 0.80000000 -1.92000000
v -3.29142900 0.00000000 -1.92000000
v -3.40571400 0.00000000 -2.08000000
v -3.15428600 0.80000000 -2.10285700
v -3.15428600 0.00000000 -2.10285700
v -3.26857100 0.80000000 -2.24000000
v -3.26857100 0.00000000 -2.24000000
v -4.32000000 0.80000000 -2.90285700
v -4.32000000 0.00000000 -2.90285700
v -4.13714300 0.80000000 -3.13142900
v -4.13714300 0.00000000 -3.13142900
v -3.01714300 0.80000000 -2.58285700
v -3.01714300 0.80000000 -2.56000000
v -2.88000000 0.80000000 -2.46857100
v -2.88000000 0.00000000 -2.46857100
v -3.01714300 0.00000000 -2.56000000
v -3.01714300 0.00000000 -2.58285700
v -2.72000000 0.80000000 -2.88000000
v -2.72000000 0.00000000 -2.88000000
v -2.58285700 0.80000000 -2.76571400
v -2.58285700 0.00000000 -2.76571400
v -2.69714300 0.80000000 -2.88000000
v -2.69714300 0.00000000 -2.88000000
v -2.42285700 0.80000000 -3.13142900
v -2.33142900 0.80000000 -2.97142900
v -2.33142900 0.00000000 -2.97142900
v -2.42285700 0.00000000 -3.13142900
v -2.30857100 0.80000000 -2.97142900
v -2.30857100 0.00000000 -2.97142900
v -2.21714300 0.80000000 -3.04000000
v -2.21714300 0.00000000 -3.04000000
v -1.89714300 0.80000000 -3.24571400
v -1.89714300 0.00000000 -3.24571400
v -1.28000000 0.80000000 -3.54285700
v -1.28000000 0.00000000 -3.54285700
v -1.14285700 0.80000000 -3.58857100
v -1.16571400 0.80000000 -3.77142900
v -1.16571400 0.00000000 -3.77142900
v -1.14285700 0.00000000 -3.58857100
v -1.23428600 0.80000000 -3.77142900
v -1.23428600 0.00000000 -3.77142900
v -1.14285700 0.80000000 -3.79428600
v -1.09714300 0.80000000 -3.79428600
v -1.09714300 0.00000000 -3.79428600
v -1.14285700 0.00000000 -3.79428600
v -1.00571400 0.80000000 -3.84000000
v -1.00571400 0.80000000 -3.65714300
v -1.00571400 0.00000000 -3.65714300
v -1.00571400 0.00000000 -3.84000000
v -0.91428600 0.80000000 -3.68000000
v -0.91428600 0.00000000 -3.68000000
v -0.93714300 0.80000000 -3.84000000
v -0.93714300 0.00000000 -3.84000000
v -1.02857100 0.80000000 -5.07428600
v -1.02857100 0.00000000 -5.07428600
v -0.57142900 0.80000000 -3.93142900
v -0.59428600 0.80000000 -3.90857100
v -0.48000000 0.80000000 -3.93142900
v -0.48000000 0.00000000 -3.93142900
v -0.59428600 0.00000000 -3.90857100
v -0.57142900 0.00000000 -3.93142900
v -0.45714300 0.80000000 -3.95428600
v -0.48000000 0.80000000 -3.77142900
v -0.48000000 0.00000000 -3.77142900
v -0.45714300 0.00000000 -3.95428600
v -0.27428600 0.80000000 -3.77142900
v -0.27428600 0.00000000 -3.77142900
v -0.25142900 0.80000000 -3.79428600
v -0.25142900 0.00000000 -3.79428600
v -0.22857100 0.80000000 -3.95428600
v -0.22857100 0.00000000 -3.95428600
v -0.20571400 0.80000000 -3.97714300
v -0.20571400 0.00000000 -3.97714300
v 0.27428600 0.80000000 -3.97714300
v 0.27428600 0.00000000 -3.97714300
v 0.36571400 0.80000000 -3.79428600
v 0.36571400 0.00000000 -3.79428600
v 0.29714300 0.80000000 -3.95428600
v 0.29714300 0.00000000 -3.95428600
v 0.52571400 0.80000000 -3.95428600
v 0.52571400 0.00000000 -3.95428600
v 0.38857100 0.80000000 -3.77142900
v 0.38857100 0.00000000 -3.77142900
v 0.54857100 0.80000000 -3.93142900
v 0.54857100 0.00000000 -3.93142900
v 0.77714300 0.80000000 -3.90857100
v 0.66285700 0.80000000 -3.90857100
v 0.70857100 0.80000000 -3.74857100
v 0.70857100 0.00000000 -3.74857100
v 0.66285700 0.00000000 -3.90857100
v 0.77714300 0.00000000 -3.90857100
v 0.80000000 0.80000000 -3.88571400
v 0.80000000 0.00000000 -3.88571400
v 1.00571400 0.80000000 -3.86285700
v 0.89142900 0.80000000 -3.70285700
v 0.89142900 0.00000000 -3.70285700
v 1.00571400 0.00000000 -3.86285700
v 1.02857100 0.80000000 -3.84000000
v 1.02857100 0.00000000 -3.84000000
v 1.44000000 0.80000000 -3.72571400
v 1.32571400 0.80000000 -3.74857100
v 1.34857100 0.80000000 -3.56571400
v 1.34857100 0.00000000 -3.56571400
v 1.32571400 0.00000000 -3.74857100
v 1.44000000 0.00000000 -3.72571400
v 2.12571400 0.80000000 -3.15428600
v 2.12571400 0.00000000 -3.15428600
v 2.24000000 0.80000000 -3.31428600
v 2.24000000 0.00000000 -3.31428600
v 2.19428600 0.80000000 -3.13142900
v 2.19428600 0.00000000 -3.13142900
v 2.30857100 0.80000000 -3.24571400
v 2.30857100 0.00000000 -3.24571400
v 2.33142900 0.80000000 -3.24571400
v 2.37714300 0.80000000 -3.20000000
v 2.37714300 0.00000000 -3.20000000
v 2.33142900 0.00000000 -3.24571400
v 2.46857100 0.80000000 -3.15428600
v 2.37714300 0.80000000 -2.99428600
v 2.37714300 0.00000000 -2.99428600
v 2.46857100 0.00000000 -3.15428600
v 2.49142900 0.80000000 -2.88000000
v 2.49142900 0.00000000 -2.88000000
v 2.97142900 0.80000000 -2.40000000
v 2.97142900 0.00000000 -2.40000000
v 3.08571400 0.80000000 -2.28571400
v 3.08571400 0.00000000 -2.28571400
v 3.24571400 0.80000000 -2.37714300
v 3.24571400 0.00000000 -2.37714300
v 3.15428600 0.80000000 -2.19428600
v 3.15428600 0.00000000 -2.19428600
v 3.29142900 0.80000000 -2.28571400
v 3.29142900 0.00000000 -2.28571400
v 3.36000000 0.80000000 -2.21714300
v 3.36000000 0.80000000 -2.19428600
v 3.36000000 0.00000000 -2.19428600
v 3.36000000 0.00000000 -2.21714300
v 3.45142900 0.80000000 -2.08000000
v 3.26857100 0.80000000 -2.01142900
v 3.26857100 0.00000000 -2.01142900
v 3.45142900 0.00000000 -2.08000000
v 3.31428600 0.80000000 -1.96571400
v 3.31428600 0.00000000 -1.96571400
v 3.33714300 0.80000000 -1.89714300
v 3.33714300 0.00000000 -1.89714300
v 3.38285700 0.80000000 -1.85142900
v 3.38285700 0.00000000 -1.85142900
v 3.58857100 0.80000000 -1.41714300
v 3.58857100 0.00000000 -1.41714300
v 3.65714300 0.80000000 -1.25714300
v 3.65714300 0.00000000 -1.25714300
v 3.70285700 0.80000000 -1.18857100
v 3.70285700 0.00000000 -1.18857100
v 3.88571400 0.80000000 -1.21142900
v 3.88571400 0.00000000 -1.21142900
v 3.88571400 0.80000000 -1.16571400
v 3.88571400 0.00000000 -1.16571400
v 3.90857100 0.80000000 -1.14285700
v 3.90857100 0.80000000 -1.09714300
v 3.90857100 0.00000000 -1.09714300
v 3.90857100 0.00000000 -1.14285700
v 4.09142900 0.80000000 -0.38857100
v 4.06857100 0.80000000 -0.41142900
v 3.93142900 0.80000000 -0.22857100
v 3.93142900 0.00000000 -0.22857100
v 4.06857100 0.00000000 -0.41142900
v 4.09142900 0.00000000 -0.38857100
v 4.09142900 0.80000000 -0.20571400
v 4.09142900 0.00000000 -0.20571400
v 4.11428600 0.80000000 -0.18285700
v 3.95428600 0.80000000 -0.09142900
v 3.95428600 0.00000000 -0.09142900
v 4.11428600 0.00000000 -0.18285700
v 4.11428600 0.80000000 0.57142900
v 4.11428600 0.00000000 0.57142900
v 4.70857100 0.80000000 2.37714300
v 4.64000000 0.80000000 2.35428600
v 4.64000000 0.00000000 2.35428600
v 4.70857100 0.00000000 2.37714300
v 4.57142900 0.80000000 2.28571400
v 4.57142900 0.00000000 2.28571400
v 4.45714300 0.80000000 2.44571400
v 4.45714300 0.00000000 2.44571400
v 4.41142900 0.80000000 2.40000000
v 4.41142900 0.00000000 2.40000000
v 4.34285700 0.80000000 2.37714300
v 4.38857100 0.80000000 2.19428600
v 4.38857100 0.00000000 2.19428600
v 4.34285700 0.00000000 2.37714300
v 4.29714300 0.80000000 2.33142900
v 4.29714300 0.00000000 2.33142900
v 4.11428600 0.80000000 2.24000000
v 4.27428600 0.80000000 2.12571400
v 4.27428600 0.00000000 2.12571400
v 4.11428600 0.00000000 2.24000000
v 4.16000000 0.80000000 2.03428600
v 4.16000000 0.00000000 2.03428600
v 4.04571400 0.80000000 2.17142900
v 4.04571400 0.00000000 2.17142900
v 4.34285700 0.80000000 3.22285700
v 4.34285700 0.00000000 3.22285700
v 3.08571400 0.80000000 2.92571400
v 3.08571400 0.80000000 2.90285700
v 2.78857100 0.80000000 2.94857100
v 2.78857100 0.00000000 2.94857100
v 3.08571400 0.00000000 2.90285700
v 3.08571400 0.00000000 2.92571400
v 2.78857100 0.80000000 2.97142900
v 2.78857100 0.00000000 2.97142900
v 2.76571400 0.80000000 3.24571400
v 2.76571400 0.00000000 3.24571400
v 2.67428600 0.80000000 3.22285700
v 2.67428600 0.00000000 3.22285700
v 2.72000000 0.80000000 3.26857100
v 2.72000000 0.00000000 3.26857100
v 2.67428600 0.80000000 3.24571400
v 2.67428600 0.00000000 3.24571400
v 1.41714300 0.80000000 3.90857100
v 1.41714300 0.00000000 3.90857100
v 1.28000000 0.80000000 3.93142900
v 1.28000000 0.00000000 3.93142900
v 1.32571400 0.80000000 4.09142900
v 1.32571400 0.00000000 4.09142900
v 1.37142900 0.80000000 4.09142900
v 1.37142900 0.00000000 4.09142900
v 1.23428600 0.80000000 4.13714300
v 1.21142900 0.80000000 3.95428600
v 1.21142900 0.00000000 3.95428600
v 1.23428600 0.00000000 4.13714300
v 1.14285700 0.80000000 3.97714300
v 1.14285700 0.00000000 3.97714300
v 1.16571400 0.80000000 4.13714300
v 1.16571400 0.00000000 4.13714300
v 1.09714300 0.80000000 4.18285700
v 1.07428600 0.80000000 4.00000000
v 1.07428600 0.00000000 4.00000000
v 1.09714300 0.00000000 4.18285700
v 1.00571400 0.80000000 4.18285700
v 1.00571400 0.00000000 4.18285700
v 0.98285700 0.80000000 4.20571400
v 0.91428600 0.80000000 4.20571400
v 0.91428600 0.00000000 4.20571400
v 0.98285700 0.00000000 4.20571400
v 0.64000000 0.80000000 4.27428600
v 0.66285700 0.80000000 4.25142900
v 0.66285700 0.00000000 4.25142900
v 0.64000000 0.00000000 4.27428600
v 0.54857100 0.80000000 4.11428600
v 0.54857100 0.00000000 4.11428600
v -0.52571400 0.80000000 4.09142900
v -0.61714300 0.80000000 4.25142900
v -0.61714300 0.00000000 4.25142900
v -0.52571400 0.00000000 4.09142900
v -0.59428600 0.80000000 4.27428600
v -0.59428600 0.00000000 4.27428600
v -0.84571400 0.80000000 4.22857100
v -0.75428600 0.80000000 4.22857100
v -0.75428600 0.00000000 4.22857100
v -0.84571400 0.00000000 4.22857100
v -0.73142900 0.80000000 4.06857100
v -0.73142900 0.00000000 4.06857100
v -0.84571400 0.80000000 4.04571400
v -0.84571400 0.00000000 4.04571400
v -0.93714300 0.80000000 4.02285700
v -0.93714300 0.00000000 4.02285700
v -0.96000000 0.80000000 4.00000000
v -0.96000000 0.00000000 4.00000000
v -1.12000000 0.80000000 3.95428600
v -1.12000000 0.00000000 3.95428600
v -1.16571400 0.80000000 3.95428600
v -1.16571400 0.00000000 3.95428600
v -1.21142900 0.80000000 4.11428600
v -1.21142900 0.00000000 4.11428600
v -1.18857100 0.80000000 4.13714300
v -1.18857100 0.00000000 4.13714300
v -1.69142900 0.80000000 5.28000000
v -1.69142900 0.00000000 5.28000000
v -1.39428600 0.80000000 4.06857100
v -1.28000000 0.80000000 4.09142900
v -1.30285700 0.80000000 3.90857100
v -1.30285700 0.00000000 3.90857100
v -1.28000000 0.00000000 4.09142900
v -1.39428600 0.00000000 4.06857100
v -1.32571400 0.80000000 3.88571400
v -1.32571400 0.00000000 3.88571400
v -1.89714300 0.80000000 3.61142900
v -1.89714300 0.00000000 3.61142900
v -2.01142900 0.80000000 3.54285700
v -2.01142900 0.00000000 3.54285700
v -2.19428600 0.80000000 3.42857100
v -2.19428600 0.00000000 3.42857100
v -2.28571400 0.80000000 3.58857100
v -2.28571400 0.00000000 3.58857100
v -2.24000000 0.80000000 3.63428600
v -2.24000000 0.00000000 3.63428600
v -2.37714300 0.80000000 3.54285700
v -2.21714300 0.80000000 3.42857100
v -2.21714300 0.00000000 3.42857100
v -2.37714300 0.00000000 3.54285700
v -2.28571400 0.80000000 3.36000000
v -2.28571400 0.00000000 3.36000000
v -2.46857100 0.80000000 3.45142900
v -2.46857100 0.00000000 3.45142900
v -3.06285700 0.80000000 2.90285700
v -2.60571400 0.80000000 3.36000000
v -2.53714300 0.80000000 3.17714300
v -2.53714300 0.00000000 3.17714300
v -2.60571400 0.00000000 3.36000000
v -3.06285700 0.00000000 2.90285700
v -2.90285700 0.80000000 2.81142900
v -2.90285700 0.00000000 2.81142900
v -2.90285700 0.80000000 2.78857100
v -2.90285700 0.00000000 2.78857100
v -3.01714300 0.80000000 2.65142900
v -3.01714300 0.00000000 2.65142900
v -3.13142900 0.80000000 2.51428600
v -3.13142900 0.00000000 2.51428600
v -3.29142900 0.80000000 2.60571400
v -3.29142900 0.00000000 2.60571400
v -3.13142900 0.80000000 2.49142900
v -3.13142900 0.00000000 2.49142900
v -3.61142900 0.80000000 1.64571400
v -3.61142900 0.00000000 1.64571400
v -3.79428600 0.80000000 1.66857100
v -3.79428600 0.00000000 1.66857100
v -3.79428600 0.80000000 1.62285700
v -3.79428600 0.00000000 1.62285700
v -3.81714300 0.80000000 1.60000000
v -3.81714300 0.80000000 1.55428600
v -3.81714300 0.00000000 1.55428600
v -3.81714300 0.00000000 1.60000000
v -5.05142900 0.80000000 1.87428600
v -5.05142900 0.00000000 1.87428600
v -5.07428600 0.80000000 1.80571400
v -5.07428600 0.00000000 1.80571400
v -5.23428600 0.80000000 1.14285700
v -5.23428600 0.00000000 1.14285700
v -5.25714300 0.80000000 0.98285700
v -5.25714300 0.00000000 0.98285700
v -4.04571400 0.80000000 0.57142900
v -4.02285700 0.80000000 0.59428600
v -3.88571400 0.80000000 0.45714300
v -3.88571400 0.00000000 0.45714300
v -4.02285700 0.00000000 0.59428600
v -4.04571400 0.00000000 0.57142900
v -4.04571400 0.80000000 0.41142900
v -4.04571400 0.00000000 0.41142900
v -4.06857100 0.80000000 0.38857100
v -4.06857100 0.00000000 0.38857100
v -3.88571400 0.80000000 0.04571400
v -3.88571400 0.00000000 0.04571400
v -4.06857100 0.80000000 0.02285700
v -4.06857100 0.00000000 0.02285700
v -4.04571400 0.80000000 -0.00000000
v -4.04571400 0.00000000 -0.00000000
v -4.04571400 0.80000000 -0.18285700
v -3.84000000 0.80000000 -0.00000000
v -3.84000000 0.00000000 -0.00000000
v -4.04571400 0.00000000 -0.18285700
v -4.02285700 0.80000000 -0.20571400
v -4.02285700 0.00000000 -0.20571400
v -5.23428600 0.80000000 -0.75428600
v -5.23428600 0.00000000 -0.75428600
v -5.21142900 0.80000000 -0.86857100
v -5.21142900 0.00000000 -0.86857100
v -5.16571400 0.80000000 -1.05142900
v -5.16571400 0.00000000 -1.05142900
v -3.86285700 0.80000000 -1.09714300
v -3.86285700 0.80000000 -1.05142900
v -3.84000000 0.80000000 -1.12000000
v -3.84000000 0.00000000 -1.12000000
v -3.86285700 0.00000000 -1.05142900
v -3.86285700 0.00000000 -1.09714300
v -3.84000000 0.80000000 -1.16571400
v -3.84000000 0.00000000 -1.16571400
v -3.68000000 0.80000000 -1.09714300
v -3.68000000 0.00000000 -1.09714300
v -3.65714300 0.80000000 -1.16571400
v -3.65714300 0.00000000 -1.16571400
v -3.61142900 0.80000000 -1.23428600
v -3.61142900 0.00000000 -1.23428600
v -3.31428600 0.80000000 -1.85142900
v -3.31428600 0.00000000 -1.85142900
v -3.15428600 0.80000000 -2.12571400
v -3.15428600 0.00000000 -2.12571400
v -3.08571400 0.80000000 -2.21714300
v -3.08571400 0.00000000 -2.21714300
v -3.24571400 0.80000000 -2.30857100
v -3.24571400 0.00000000 -2.30857100
v -2.97142900 0.80000000 -2.35428600
v -2.97142900 0.00000000 -2.35428600
v -2.88000000 0.80000000 -2.44571400
v -2.88000000 0.00000000 -2.44571400
v -2.56000000 0.80000000 -2.76571400
v -2.56000000 0.00000000 -2.76571400
v -1.57714300 0.80000000 -2.21714300
v -1.76000000 0.80000000 -2.05714300
v -1.55428600 0.80000000 -1.98857100
v -1.55428600 0.00000000 -1.98857100
v -1.76000000 0.00000000 -2.05714300
v -1.57714300 0.00000000 -2.21714300
v -1.48571400 0.80000000 -2.05714300
v -1.48571400 0.00000000 -2.05714300
v -1.50857100 0.80000000 -2.24000000
v -1.50857100 0.00000000 -2.24000000
v -1.46285700 0.80000000 -2.28571400
v -1.34857100 0.80000000 -2.14857100
v -1.34857100 0.00000000 -2.14857100
v -1.46285700 0.00000000 -2.28571400
v -1.39428600 0.80000000 -2.30857100
v -1.39428600 0.00000000 -2.30857100
v -1.34857100 0.80000000 -2.35428600
v -1.34857100 0.00000000 -2.35428600
v -1.12000000 0.80000000 -2.46857100
v -1.12000000 0.00000000 -2.46857100
v -0.93714300 0.80000000 -2.35428600
v -0.93714300 0.00000000 -2.35428600
v -1.07428600 0.80000000 -2.46857100
v -1.07428600 0.00000000 -2.46857100
v -0.96000000 0.80000000 -2.53714300
v -0.96000000 0.00000000 -2.53714300
v -0.91428600 0.80000000 -2.53714300
v -0.91428600 0.00000000 -2.53714300
v -1.07428600 0.80000000 -3.63428600
v -1.07428600 0.00000000 -3.63428600
v -1.02857100 0.80000000 -3.63428600
v -1.02857100 0.00000000 -3.63428600
v -0.93714300 0.80000000 -3.65714300
v -0.93714300 0.00000000 -3.65714300
v -0.84571400 0.80000000 -3.68000000
v -0.82285700 0.80000000 -3.70285700
v -0.82285700 0.00000000 -3.70285700
v -0.84571400 0.00000000 -3.68000000
v -0.84571400 0.80000000 -3.86285700
v -0.84571400 0.00000000 -3.86285700
v -0.91428600 0.80000000 -3.86285700
v -0.91428600 0.00000000 -3.86285700
v -0.82285700 0.80000000 -3.88571400
v -0.70857100 0.80000000 -3.72571400
v -0.70857100 0.00000000 -3.72571400
v -0.82285700 0.00000000 -3.88571400
v -0.70857100 0.80000000 -3.88571400
v -0.70857100 0.00000000 -3.88571400
v -0.68571400 0.80000000 -3.90857100
v -0.68571400 0.00000000 -3.90857100
v -0.61714300 0.80000000 -3.74857100
v -0.61714300 0.00000000 -3.74857100
v -0.50285700 0.80000000 -3.74857100
v -0.50285700 0.00000000 -3.74857100
v 0.57142900 0.80000000 -3.77142900
v 0.57142900 0.00000000 -3.77142900
v 0.64000000 0.80000000 -3.93142900
v 0.64000000 0.00000000 -3.93142900
v 0.59428600 0.80000000 -3.74857100
v 0.59428600 0.00000000 -3.74857100
v 0.73142900 0.80000000 -3.72571400
v 0.80000000 0.80000000 -3.72571400
v 0.80000000 0.00000000 -3.72571400
v 0.73142900 0.00000000 -3.72571400
v 0.82285700 0.80000000 -3.70285700
v 0.82285700 0.00000000 -3.70285700
v 0.91428600 0.80000000 -3.68000000
v 1.00571400 0.80000000 -3.68000000
v 1.00571400 0.00000000 -3.68000000
v 0.91428600 0.00000000 -3.68000000
v 1.09714300 0.80000000 -3.84000000
v 1.09714300 0.00000000 -3.84000000
v 1.09714300 0.80000000 -3.63428600
v 1.09714300 0.00000000 -3.63428600
v 1.14285700 0.80000000 -3.63428600
v 1.14285700 0.00000000 -3.63428600
v 1.23428600 0.80000000 -3.77142900
v 1.23428600 0.00000000 -3.77142900
v 1.30285700 0.80000000 -3.77142900
v 1.30285700 0.00000000 -3.77142900
v 1.21142900 0.80000000 -3.61142900
v 1.21142900 0.00000000 -3.61142900
v 1.28000000 0.80000000 -3.58857100
v 1.28000000 0.00000000 -3.58857100
v 1.30285700 0.80000000 -3.56571400
v 1.30285700 0.00000000 -3.56571400
v 1.07428600 0.80000000 -2.53714300
v 0.96000000 0.80000000 -2.56000000
v 1.00571400 0.80000000 -2.35428600
v 1.00571400 0.00000000 -2.35428600
v 0.96000000 0.00000000 -2.56000000
v 1.07428600 0.00000000 -2.53714300
v 1.05142900 0.80000000 -2.35428600
v 1.05142900 0.00000000 -2.35428600
v 1.18857100 0.80000000 -2.46857100
v 1.18857100 0.00000000 -2.46857100
v 1.23428600 0.80000000 -2.46857100
v 1.23428600 0.00000000 -2.46857100
v 1.41714300 0.80000000 -2.17142900
v 1.41714300 0.00000000 -2.17142900
v 1.41714300 0.80000000 -2.37714300
v 1.41714300 0.00000000 -2.37714300
v 1.46285700 0.80000000 -2.33142900
v 1.46285700 0.00000000 -2.33142900
v 2.35428600 0.80000000 -2.99428600
v 2.35428600 0.00000000 -2.99428600
v 3.08571400 0.80000000 -2.26285700
v 3.08571400 0.00000000 -2.26285700
v 3.15428600 0.80000000 -2.17142900
v 3.22285700 0.80000000 -2.10285700
v 3.22285700 0.00000000 -2.10285700
v 3.15428600 0.00000000 -2.17142900
v 2.53714300 0.80000000 -1.28000000
v 2.44571400 0.80000000 -1.39428600
v 2.33142900 0.80000000 -1.28000000
v 2.33142900 0.00000000 -1.28000000
v 2.44571400 0.00000000 -1.39428600
v 2.53714300 0.00000000 -1.28000000
v 2.56000000 0.80000000 -0.82285700
v 2.56000000 0.00000000 -0.82285700
v 2.69714300 0.80000000 -0.96000000
v 2.69714300 0.00000000 -0.96000000
v 3.70285700 0.80000000 -1.14285700
v 3.70285700 0.00000000 -1.14285700
v 3.74857100 0.80000000 -1.07428600
v 3.74857100 0.00000000 -1.07428600
v 3.74857100 0.80000000 -1.00571400
v 3.74857100 0.00000000 -1.00571400
v 3.95428600 0.80000000 -1.00571400
v 3.95428600 0.00000000 -1.00571400
v 3.79428600 0.80000000 -0.91428600
v 3.79428600 0.00000000 -0.91428600
v 3.97714300 0.80000000 -0.84571400
v 3.97714300 0.00000000 -0.84571400
v 4.02285700 0.80000000 -0.75428600
v 3.81714300 0.80000000 -0.75428600
v 3.81714300 0.00000000 -0.75428600
v 4.02285700 0.00000000 -0.75428600
v 3.86285700 0.80000000 -0.66285700
v 3.86285700 0.00000000 -0.66285700
v 4.02285700 0.80000000 -0.68571400
v 4.02285700 0.00000000 -0.68571400
v 4.04571400 0.80000000 -0.66285700
v 4.04571400 0.80000000 -0.57142900
v 4.04571400 0.00000000 -0.57142900
v 4.04571400 0.00000000 -0.66285700
v 4.06857100 0.80000000 -0.54857100
v 3.90857100 0.80000000 -0.41142900
v 3.90857100 0.00000000 -0.41142900
v 4.06857100 0.00000000 -0.54857100
v 3.90857100 0.80000000 -0.25142900
v 3.90857100 0.00000000 -0.25142900
v 3.93142900 0.80000000 -0.11428600
v 3.93142900 0.00000000 -0.11428600
v 3.93142900 0.80000000 -0.06857100
v 3.95428600 0.80000000 0.48000000
v 3.95428600 0.00000000 0.48000000
v 3.93142900 0.00000000 -0.06857100
v 4.09142900 0.80000000 0.59428600
v 4.09142900 0.00000000 0.59428600
v 4.09142900 0.80000000 0.77714300
v 3.93142900 0.80000000 0.61714300
v 3.93142900 0.00000000 0.61714300
v 4.09142900 0.00000000 0.77714300
v 4.06857100 0.80000000 0.80000000
v 4.06857100 0.00000000 0.80000000
v 4.06857100 0.80000000 0.93714300
v 3.90857100 0.80000000 0.80000000
v 3.90857100 0.00000000 0.80000000
v 4.06857100 0.00000000 0.93714300
v 3.88571400 0.80000000 0.93714300
v 3.88571400 0.00000000 0.93714300
v 4.02285700 0.80000000 1.02857100
v 4.02285700 0.00000000 1.02857100
v 4.04571400 0.80000000 1.05142900
v 4.00000000 0.80000000 1.14285700
v 4.00000000 0.00000000 1.14285700
v 4.04571400 0.00000000 1.05142900
v 4.00000000 0.80000000 1.21142900
v 3.81714300 0.80000000 1.21142900
v 3.81714300 0.00000000 1.21142900
v 4.00000000 0.00000000 1.21142900
v 3.95428600 0.80000000 1.30285700
v 3.95428600 0.00000000 1.30285700
v 3.95428600 0.80000000 1.37142900
v 3.93142900 0.80000000 1.39428600
v 3.93142900 0.00000000 1.39428600
v 3.95428600 0.00000000 1.37142900
v 4.34285700 0.80000000 2.14857100
v 4.34285700 0.00000000 2.14857100
v 4.09142900 0.80000000 2.01142900
v 4.09142900 0.00000000 2.01142900
v 3.97714300 0.80000000 2.14857100
v 3.97714300 0.00000000 2.14857100
v 3.93142900 0.80000000 2.10285700
v 3.93142900 0.00000000 2.10285700
v 3.58857100 0.80000000 2.21714300
v 3.61142900 0.80000000 2.14857100
v 3.38285700 0.80000000 2.21714300
v 3.38285700 0.00000000 2.21714300
v 3.61142900 0.00000000 2.14857100
v 3.58857100 0.00000000 2.21714300
v 3.54285700 0.80000000 2.26285700
v 3.54285700 0.00000000 2.26285700
v 3.45142900 0.80000000 2.44571400
v 3.45142900 0.00000000 2.44571400
v 3.29142900 0.80000000 2.33142900
v 3.29142900 0.00000000 2.33142900
v 3.29142900 0.80000000 2.35428600
v 3.29142900 0.00000000 2.35428600
v 3.38285700 0.80000000 2.51428600
v 3.38285700 0.00000000 2.51428600
v 3.38285700 0.80000000 2.53714300
v 3.20000000 0.80000000 2.44571400
v 3.20000000 0.00000000 2.44571400
v 3.38285700 0.00000000 2.53714300
v 3.26857100 0.80000000 2.67428600
v 3.26857100 0.00000000 2.67428600
v 3.08571400 0.80000000 2.60571400
v 3.08571400 0.00000000 2.60571400
v 3.08571400 0.80000000 2.62857100
v 3.08571400 0.00000000 2.62857100
v 3.22285700 0.80000000 2.76571400
v 3.22285700 0.00000000 2.76571400
v 3.01714300 0.80000000 2.72000000
v 3.01714300 0.00000000 2.72000000
v 2.60571400 0.80000000 3.13142900
v 2.60571400 0.00000000 3.13142900
v 2.60571400 0.80000000 3.15428600
v 2.60571400 0.00000000 3.15428600
v 1.37142900 0.80000000 3.88571400
v 1.37142900 0.00000000 3.88571400
v 1.23428600 0.80000000 3.93142900
v 1.23428600 0.00000000 3.93142900
v 1.16571400 0.80000000 3.95428600
v 1.16571400 0.00000000 3.95428600
v 1.09714300 0.80000000 3.97714300
v 1.09714300 0.00000000 3.97714300
v 0.91428600 0.80000000 4.02285700
v 0.91428600 0.00000000 4.02285700
v 0.89142900 0.80000000 4.04571400
v 0.89142900 0.00000000 4.04571400
v 0.80000000 0.80000000 4.04571400
v 0.80000000 0.00000000 4.04571400
v 0.80000000 0.80000000 4.22857100
v 0.80000000 0.00000000 4.22857100
v 0.89142900 0.80000000 4.22857100
v 0.89142900 0.00000000 4.22857100
v 0.77714300 0.80000000 4.25142900
v 0.70857100 0.80000000 4.09142900
v 0.70857100 0.00000000 4.09142900
v 0.77714300 0.00000000 4.25142900
v 0.57142900 0.80000000 4.09142900
v 0.57142900 0.00000000 4.09142900
v 0.38857100 0.80000000 3.04000000
v 0.41142900 0.80000000 3.01714300
v 0.41142900 0.80000000 2.85714300
v 0.41142900 0.00000000 2.85714300
v 0.41142900 0.00000000 3.01714300
v 0.38857100 0.00000000 3.04000000
v -0.29714300 0.80000000 2.85714300
v -0.29714300 0.00000000 2.85714300
v -0.27428600 0.80000000 3.04000000
v -0.27428600 0.00000000 3.04000000
v -0.29714300 0.80000000 3.01714300
v -0.29714300 0.00000000 3.01714300
v -0.64000000 0.80000000 4.09142900
v -0.64000000 0.00000000 4.09142900
v -0.73142900 0.80000000 4.25142900
v -0.73142900 0.00000000 4.25142900
v -0.66285700 0.80000000 4.06857100
v -0.66285700 0.00000000 4.06857100
v -0.75428600 0.80000000 4.04571400
v -0.75428600 0.00000000 4.04571400
v -0.86857100 0.80000000 4.02285700
v -0.86857100 0.00000000 4.02285700
v -1.18857100 0.80000000 3.93142900
v -1.23428600 0.80000000 3.93142900
v -1.23428600 0.00000000 3.93142900
v -1.18857100 0.00000000 3.93142900
v -1.25714300 0.80000000 4.11428600
v -1.25714300 0.00000000 4.11428600
v -1.25714300 0.80000000 3.90857100
v -1.25714300 0.00000000 3.90857100
v -1.00571400 0.80000000 2.85714300
v -0.89142900 0.80000000 2.88000000
v -0.91428600 0.80000000 2.69714300
v -0.91428600 0.00000000 2.69714300
v -0.89142900 0.00000000 2.88000000
v -1.00571400 0.00000000 2.85714300
v -0.98285700 0.80000000 2.67428600
v -0.98285700 0.00000000 2.67428600
v -1.16571400 0.80000000 2.76571400
v -1.16571400 0.00000000 2.76571400
v -1.21142900 0.80000000 2.76571400
v -1.21142900 0.80000000 2.56000000
v -1.21142900 0.00000000 2.56000000
v -1.21142900 0.00000000 2.76571400
v -1.30285700 0.80000000 2.72000000
v -1.30285700 0.00000000 2.72000000
v -1.34857100 0.80000000 2.67428600
v -1.34857100 0.00000000 2.67428600
v -2.37714300 0.80000000 3.31428600
v -2.37714300 0.00000000 3.31428600
v -2.58285700 0.80000000 3.36000000
v -2.58285700 0.00000000 3.36000000
v -2.49142900 0.80000000 3.45142900
v -2.49142900 0.00000000 3.45142900
v -2.51428600 0.80000000 3.17714300
v -2.51428600 0.00000000 3.17714300
v -2.01142900 0.80000000 2.17142900
v -1.85142900 0.80000000 2.33142900
v -1.89714300 0.80000000 2.05714300
v -1.89714300 0.00000000 2.05714300
v -1.85142900 0.00000000 2.33142900
v -2.01142900 0.00000000 2.17142900
v -2.65142900 0.80000000 1.09714300
v -2.58285700 0.80000000 1.05142900
v -2.67428600 0.80000000 1.07428600
v -2.67428600 0.00000000 1.07428600
v -2.58285700 0.00000000 1.05142900
v -2.65142900 0.00000000 1.09714300
v -2.67428600 0.80000000 1.02857100
v -2.67428600 0.00000000 1.02857100
v -3.61142900 0.80000000 1.57714300
v -3.65714300 0.80000000 1.50857100
v -3.65714300 0.00000000 1.50857100
v -3.61142900 0.00000000 1.57714300
v -3.84000000 0.80000000 1.48571400
v -3.84000000 0.00000000 1.48571400
v -3.84000000 0.80000000 1.53142900
v -3.84000000 0.00000000 1.53142900
v -3.90857100 0.80000000 1.32571400
v -3.86285700 0.80000000 1.41714300
v -3.72571400 0.80000000 1.30285700
v -3.72571400 0.00000000 1.30285700
v -3.86285700 0.00000000 1.41714300
v -3.90857100 0.00000000 1.32571400
v -3.90857100 0.80000000 1.23428600
v -3.90857100 0.00000000 1.23428600
v -3.93142900 0.80000000 1.21142900
v -3.93142900 0.80000000 1.14285700
v -3.93142900 0.00000000 1.14285700
v -3.93142900 0.00000000 1.21142900
v -3.97714300 0.80000000 1.05142900
v -3.79428600 0.80000000 1.05142900
v -3.79428600 0.00000000 1.05142900
v -3.97714300 0.00000000 1.05142900
v -3.81714300 0.80000000 0.93714300
v -3.81714300 0.00000000 0.93714300
v -3.97714300 0.80000000 0.96000000
v -3.97714300 0.00000000 0.96000000
v -4.00000000 0.80000000 0.93714300
v -4.00000000 0.80000000 0.80000000
v -4.00000000 0.00000000 0.80000000
v -4.00000000 0.00000000 0.93714300
v -4.02285700 0.80000000 0.77714300
v -3.86285700 0.80000000 0.61714300
v -3.86285700 0.00000000 0.61714300
v -4.02285700 0.00000000 0.77714300
v -3.86285700 0.80000000 0.48000000
v -3.86285700 0.00000000 0.48000000
v -2.88000000 0.80000000 -0.00000000
v -3.81714300 0.80000000 -0.18285700
v -3.81714300 0.00000000 -0.18285700
v -2.88000000 0.00000000 -0.00000000
v -3.86285700 0.80000000 -0.22857100
v -3.86285700 0.00000000 -0.22857100
v -3.84000000 0.80000000 -0.27428600
v -3.84000000 0.00000000 -0.27428600
v -4.02285700 0.80000000 -0.43428600
v -4.02285700 0.00000000 -0.43428600
v -3.84000000 0.80000000 -0.43428600
v -3.84000000 0.00000000 -0.43428600
v -4.00000000 0.80000000 -0.45714300
v -4.00000000 0.00000000 -0.45714300
v -3.97714300 0.80000000 -0.70857100
v -3.97714300 0.80000000 -0.59428600
v -3.81714300 0.80000000 -0.57142900
v -3.81714300 0.00000000 -0.57142900
v -3.97714300 0.00000000 -0.59428600
v -3.97714300 0.00000000 -0.70857100
v -3.79428600 0.80000000 -0.70857100
v -3.79428600 0.00000000 -0.70857100
v -3.93142900 0.80000000 -0.80000000
v -3.93142900 0.00000000 -0.80000000
v -3.90857100 0.80000000 -0.96000000
v -3.77142900 0.80000000 -0.80000000
v -3.77142900 0.00000000 -0.80000000
v -3.90857100 0.00000000 -0.96000000
v -3.72571400 0.80000000 -0.86857100
v -3.72571400 0.00000000 -0.86857100
v -3.88571400 0.80000000 -0.98285700
v -3.88571400 0.00000000 -0.98285700
v -3.88571400 0.80000000 -1.02857100
v -3.88571400 0.00000000 -1.02857100
v -3.72571400 0.80000000 -0.96000000
v -3.72571400 0.00000000 -0.96000000
v -3.68000000 0.80000000 -1.05142900
v -3.68000000 0.00000000 -1.05142900
v -3.65714300 0.80000000 -1.12000000
v -3.65714300 0.00000000 -1.12000000
v -2.67428600 0.80000000 -0.84571400
v -2.67428600 0.80000000 -0.80000000
v -2.49142900 0.80000000 -0.82285700
v -2.49142900 0.00000000 -0.82285700
v -2.67428600 0.00000000 -0.80000000
v -2.67428600 0.00000000 -0.84571400
v -2.60571400 0.80000000 -0.96000000
v -2.60571400 0.00000000 -0.96000000
v -2.60571400 0.80000000 -1.00571400
v -2.44571400 0.80000000 -0.93714300
v -2.44571400 0.00000000 -0.93714300
v -2.60571400 0.00000000 -1.00571400
v -2.37714300 0.80000000 -1.07428600
v -2.37714300 0.00000000 -1.07428600
v -2.51428600 0.80000000 -1.18857100
v -2.51428600 0.00000000 -1.18857100
v -2.46857100 0.80000000 -1.23428600
v -2.46857100 0.00000000 -1.23428600
v -2.37714300 0.80000000 -1.41714300
v -2.30857100 0.80000000 -1.18857100
v -2.30857100 0.00000000 -1.18857100
v -2.37714300 0.00000000 -1.41714300
v -2.21714300 0.80000000 -1.30285700
v -2.21714300 0.00000000 -1.30285700
v -2.21714300 0.80000000 -1.32571400
v -2.21714300 0.00000000 -1.32571400
v -2.30857100 0.80000000 -1.48571400
v -2.30857100 0.00000000 -1.48571400
v -2.30857100 0.80000000 -1.50857100
v -2.24000000 0.80000000 -1.57714300
v -2.24000000 0.00000000 -1.57714300
v -2.30857100 0.00000000 -1.50857100
v -3.08571400 0.80000000 -2.19428600
v -3.08571400 0.00000000 -2.19428600
v -2.97142900 0.80000000 -2.33142900
v -2.97142900 0.00000000 -2.33142900
v -1.78285700 0.80000000 -2.05714300
v -2.24000000 0.80000000 -1.60000000
v -1.80571400 0.80000000 -1.80571400
v -1.80571400 0.00000000 -1.80571400
v -2.24000000 0.00000000 -1.60000000
v -1.78285700 0.00000000 -2.05714300
v -1.78285700 0.80000000 -1.80571400
v -1.78285700 0.00000000 -1.80571400
v -1.64571400 0.80000000 -1.94285700
v -1.64571400 0.00000000 -1.94285700
v -1.39428600 0.80000000 -2.10285700
v -1.39428600 0.00000000 -2.10285700
v -0.89142900 0.80000000 -2.35428600
v -0.89142900 0.00000000 -2.35428600
v -0.80000000 0.80000000 -2.40000000
v -0.80000000 0.00000000 -2.40000000
v -0.82285700 0.80000000 -2.58285700
v -0.82285700 0.00000000 -2.58285700
v -0.73142900 0.80000000 -2.42285700
v -0.73142900 0.00000000 -2.42285700
v -0.75428600 0.80000000 -2.58285700
v -0.75428600 0.00000000 -2.58285700
v -0.68571400 0.80000000 -2.62857100
v -0.66285700 0.80000000 -2.44571400
v -0.66285700 0.00000000 -2.44571400
v -0.68571400 0.00000000 -2.62857100
v -0.61714300 0.80000000 -2.62857100
v -0.61714300 0.00000000 -2.62857100
v -0.73142900 0.80000000 -3.70285700
v -0.73142900 0.00000000 -3.70285700
v -0.64000000 0.80000000 -3.72571400
v -0.64000000 0.00000000 -3.72571400
v -0.32000000 0.80000000 -2.69714300
v -0.34285700 0.80000000 -2.67428600
v -0.25142900 0.80000000 -2.53714300
v -0.25142900 0.00000000 -2.53714300
v -0.34285700 0.00000000 -2.67428600
v -0.32000000 0.00000000 -2.69714300
v -0.09142900 0.80000000 -2.69714300
v -0.09142900 0.00000000 -2.69714300
v -0.06857100 0.80000000 -2.72000000
v 0.20571400 0.80000000 -2.72000000
v 0.20571400 0.00000000 -2.72000000
v -0.06857100 0.00000000 -2.72000000
v 0.22857100 0.80000000 -2.69714300
v 0.22857100 0.00000000 -2.69714300
v 0.45714300 0.80000000 -2.69714300
v 0.36571400 0.80000000 -2.53714300
v 0.36571400 0.00000000 -2.53714300
v 0.45714300 0.00000000 -2.69714300
v 0.48000000 0.80000000 -2.67428600
v 0.48000000 0.00000000 -2.67428600
v 1.16571400 0.80000000 -3.61142900
v 1.16571400 0.00000000 -3.61142900
v 1.23428600 0.80000000 -3.58857100
v 1.23428600 0.00000000 -3.58857100
v 0.93714300 0.80000000 -2.58285700
v 0.89142900 0.80000000 -2.58285700
v 0.89142900 0.00000000 -2.58285700
v 0.93714300 0.00000000 -2.58285700
v 0.86857100 0.80000000 -2.42285700
v 0.86857100 0.00000000 -2.42285700
v 1.46285700 0.80000000 -2.12571400
v 1.48571400 0.80000000 -2.12571400
v 1.48571400 0.00000000 -2.12571400
v 1.46285700 0.00000000 -2.12571400
v 1.64571400 0.80000000 -2.24000000
v 1.64571400 0.00000000 -2.24000000
v 1.55428600 0.80000000 -2.05714300
v 1.55428600 0.00000000 -2.05714300
v 1.71428600 0.80000000 -2.17142900
v 1.71428600 0.00000000 -2.17142900
v 1.82857100 0.80000000 -2.10285700
v 1.80571400 0.80000000 -2.10285700
v 1.71428600 0.80000000 -1.96571400
v 1.71428600 0.00000000 -1.96571400
v 1.80571400 0.00000000 -2.10285700
v 1.82857100 0.00000000 -2.10285700
v 1.96571400 0.80000000 -1.96571400
v 1.96571400 0.00000000 -1.96571400
v 1.98857100 0.80000000 -1.96571400
v 1.92000000 0.80000000 -1.78285700
v 1.92000000 0.00000000 -1.78285700
v 1.98857100 0.00000000 -1.96571400
v 1.98857100 0.80000000 -1.71428600
v 1.98857100 0.00000000 -1.71428600
v 2.28571400 0.80000000 -1.64571400
v 2.28571400 0.00000000 -1.64571400
v 1.98857100 0.80000000 -1.69142900
v 1.98857100 0.00000000 -1.69142900
v 2.14857100 0.80000000 -1.53142900
v 2.14857100 0.00000000 -1.53142900
v 2.28571400 0.80000000 -1.62285700
v 2.28571400 0.00000000 -1.62285700
v 2.42285700 0.80000000 -1.46285700
v 2.26285700 0.80000000 -1.37142900
v 2.26285700 0.00000000 -1.37142900
v 2.42285700 0.00000000 -1.46285700
v 2.26285700 0.80000000 -1.34857100
v 2.26285700 0.00000000 -1.34857100
v 2.58285700 0.80000000 -0.70857100
v 2.74285700 0.80000000 -0.77714300
v 2.74285700 0.00000000 -0.77714300
v 2.58285700 0.00000000 -0.70857100
v 2.74285700 0.80000000 -0.84571400
v 2.74285700 0.00000000 -0.84571400
v 2.69714300 0.80000000 -0.91428600
v 2.69714300 0.00000000 -0.91428600
v 3.79428600 0.80000000 -0.84571400
v 3.81714300 0.80000000 -0.82285700
v 3.81714300 0.00000000 -0.82285700
v 3.79428600 0.00000000 -0.84571400
v 3.86285700 0.80000000 -0.59428600
v 3.88571400 0.80000000 -0.57142900
v 3.88571400 0.00000000 -0.57142900
v 3.86285700 0.00000000 -0.59428600
v 3.88571400 0.80000000 -0.43428600
v 3.88571400 0.00000000 -0.43428600
v 3.93142900 0.80000000 0.45714300
v 3.93142900 0.00000000 0.45714300
v 3.93142900 0.80000000 0.50285700
v 3.93142900 0.00000000 0.50285700
v 3.90857100 0.80000000 0.64000000
v 3.90857100 0.00000000 0.64000000
v 3.88571400 0.80000000 0.82285700
v 3.88571400 0.00000000 0.82285700
v 3.86285700 0.80000000 0.96000000
v 3.86285700 0.80000000 1.02857100
v 3.86285700 0.00000000 1.02857100
v 3.86285700 0.00000000 0.96000000
v 3.81714300 0.80000000 1.12000000
v 3.81714300 0.00000000 1.12000000
v 3.77142900 0.80000000 1.30285700
v 3.77142900 0.00000000 1.30285700
v 3.77142900 0.80000000 1.37142900
v 3.77142900 0.00000000 1.37142900
v 3.90857100 0.80000000 1.46285700
v 3.90857100 0.00000000 1.46285700
v 3.93142900 0.80000000 1.44000000
v 3.93142900 0.00000000 1.44000000
v 3.88571400 0.80000000 1.57714300
v 3.74857100 0.80000000 1.44000000
v 3.74857100 0.00000000 1.44000000
v 3.88571400 0.00000000 1.57714300
v 3.68000000 0.80000000 1.57714300
v 3.68000000 0.00000000 1.57714300
v 3.84000000 0.80000000 1.64571400
v 3.84000000 0.00000000 1.64571400
v 3.97714300 0.80000000 1.92000000
v 3.84000000 0.80000000 1.85142900
v 3.81714300 0.80000000 2.03428600
v 3.81714300 0.00000000 2.03428600
v 3.84000000 0.00000000 1.85142900
v 3.97714300 0.00000000 1.92000000
v 3.86285700 0.80000000 2.08000000
v 3.86285700 0.00000000 2.08000000
v 3.65714300 0.80000000 2.10285700
v 3.68000000 0.80000000 2.03428600
v 3.68000000 0.00000000 2.03428600
v 3.65714300 0.00000000 2.10285700
v 3.68000000 0.80000000 1.62285700
v 3.68000000 0.00000000 1.62285700
v 3.10857100 0.80000000 2.37714300
v 3.01714300 0.80000000 2.53714300
v 3.01714300 0.00000000 2.53714300
v 3.10857100 0.00000000 2.37714300
v 3.01714300 0.80000000 2.69714300
v 3.01714300 0.00000000 2.69714300
v 2.90285700 0.80000000 2.46857100
v 2.92571400 0.80000000 2.46857100
v 2.81142900 0.80000000 2.37714300
v 2.81142900 0.00000000 2.37714300
v 2.92571400 0.00000000 2.46857100
v 2.90285700 0.00000000 2.46857100
v 2.78857100 0.80000000 2.37714300
v 2.72000000 0.80000000 2.30857100
v 2.72000000 0.00000000 2.30857100
v 2.78857100 0.00000000 2.37714300
v 2.69714300 0.80000000 2.30857100
v 2.62857100 0.80000000 2.24000000
v 2.62857100 0.00000000 2.24000000
v 2.69714300 0.00000000 2.30857100
v 1.53142900 0.80000000 2.65142900
v 1.60000000 0.80000000 2.58285700
v 1.48571400 0.80000000 2.46857100
v 1.48571400 0.00000000 2.46857100
v 1.60000000 0.00000000 2.58285700
v 1.53142900 0.00000000 2.65142900
v 1.41714300 0.80000000 2.49142900
v 1.41714300 0.00000000 2.49142900
v 1.37142900 0.80000000 2.53714300
v 1.37142900 0.00000000 2.53714300
v 1.41714300 0.80000000 2.69714300
v 1.41714300 0.00000000 2.69714300
v 1.37142900 0.80000000 2.74285700
v 1.37142900 0.00000000 2.74285700
v 1.28000000 0.80000000 2.78857100
v 1.28000000 0.00000000 2.78857100
v 0.57142900 0.80000000 3.01714300
v 0.59428600 0.80000000 2.99428600
v 0.54857100 0.80000000 2.83428600
v 0.54857100 0.00000000 2.83428600
v 0.59428600 0.00000000 2.99428600
v 0.57142900 0.00000000 3.01714300
v 0.43428600 0.80000000 2.83428600
v 0.43428600 0.00000000 2.83428600
v -0.32000000 0.80000000 2.83428600
v -0.45714300 0.80000000 2.99428600
v -0.45714300 0.00000000 2.99428600
v -0.32000000 0.00000000 2.83428600
v -0.43428600 0.80000000 3.01714300
v -0.43428600 0.00000000 3.01714300
v -0.66285700 0.80000000 2.97142900
v -0.54857100 0.80000000 2.81142900
v -0.54857100 0.00000000 2.81142900
v -0.66285700 0.00000000 2.97142900
v -0.68571400 0.80000000 2.94857100
v -0.68571400 0.00000000 2.94857100
v -0.73142900 0.80000000 2.94857100
v -0.75428600 0.80000000 2.92571400
v -0.75428600 0.00000000 2.92571400
v -0.73142900 0.00000000 2.94857100
v -0.80000000 0.80000000 2.92571400
v -0.82285700 0.80000000 2.90285700
v -0.82285700 0.00000000 2.90285700
v -0.80000000 0.00000000 2.92571400
v -0.86857100 0.80000000 2.90285700
v -0.86857100 0.00000000 2.90285700
v -0.84571400 0.80000000 2.72000000
v -0.84571400 0.00000000 2.72000000
v -0.86857100 0.80000000 2.69714300
v -0.86857100 0.00000000 2.69714300
v -0.93714300 0.80000000 2.67428600
v -0.93714300 0.00000000 2.67428600
v -1.02857100 0.80000000 2.62857100
v -1.07428600 0.80000000 2.62857100
v -1.07428600 0.00000000 2.62857100
v -1.02857100 0.00000000 2.62857100
v -1.25714300 0.80000000 2.51428600
v -1.25714300 0.00000000 2.51428600
v -1.37142900 0.80000000 2.46857100
v -1.37142900 0.00000000 2.46857100
v -1.41714300 0.80000000 2.65142900
v -1.41714300 0.00000000 2.65142900
v -1.46285700 0.80000000 2.60571400
v -1.46285700 0.00000000 2.60571400
v -1.48571400 0.80000000 2.60571400
v -1.53142900 0.80000000 2.56000000
v -1.53142900 0.00000000 2.56000000
v -1.48571400 0.00000000 2.60571400
v -1.62285700 0.80000000 2.51428600
v -1.53142900 0.80000000 2.35428600
v -1.53142900 0.00000000 2.35428600
v -1.62285700 0.00000000 2.51428600
v -1.62285700 0.80000000 2.28571400
v -1.62285700 0.00000000 2.28571400
v -1.82857100 0.80000000 2.33142900
v -1.82857100 0.00000000 2.33142900
v -1.85142900 0.80000000 2.05714300
v -1.85142900 0.00000000 2.05714300
v -2.53714300 0.80000000 1.05142900
v -2.51428600 0.80000000 1.02857100
v -2.51428600 0.00000000 1.02857100
v -2.53714300 0.00000000 1.05142900
v -2.51428600 0.80000000 0.96000000
v -2.51428600 0.00000000 0.96000000
v -2.56000000 0.80000000 0.89142900
v -2.56000000 0.00000000 0.89142900
v -2.72000000 0.80000000 0.93714300
v -2.72000000 0.00000000 0.93714300
v -2.72000000 0.80000000 0.86857100
v -2.72000000 0.00000000 0.86857100
v -3.70285700 0.80000000 1.32571400
v -3.70285700 0.80000000 1.37142900
v -3.70285700 0.00000000 1.37142900
v -3.70285700 0.00000000 1.32571400
v -3.68000000 0.80000000 1.39428600
v -3.68000000 0.00000000 1.39428600
v -3.86285700 0.80000000 1.46285700
v -3.86285700 0.00000000 1.46285700
v -3.72571400 0.80000000 1.23428600
v -3.72571400 0.00000000 1.23428600
v -3.77142900 0.80000000 1.14285700
v -3.77142900 0.00000000 1.14285700
v -3.77142900 0.80000000 1.07428600
v -3.77142900 0.00000000 1.07428600
v -3.79428600 0.80000000 0.96000000
v -3.79428600 0.00000000 0.96000000
v -3.81714300 0.80000000 0.80000000
v -3.84000000 0.80000000 0.77714300
v -3.84000000 0.00000000 0.77714300
v -3.81714300 0.00000000 0.80000000
v -3.84000000 0.80000000 0.64000000
v -3.84000000 0.00000000 0.64000000
v -2.83428600 0.80000000 0.32000000
v -2.81142900 0.80000000 0.34285700
v -2.67428600 0.80000000 0.20571400
v -2.67428600 0.00000000 0.20571400
v -2.81142900 0.00000000 0.34285700
v -2.83428600 0.00000000 0.32000000
v -2.83428600 0.80000000 0.04571400
v -2.83428600 0.00000000 0.04571400
v -2.65142900 0.80000000 -0.13714300
v -2.65142900 0.00000000 -0.13714300
v -2.85714300 0.80000000 -0.18285700
v -2.85714300 0.00000000 -0.18285700
v -3.81714300 0.80000000 -0.45714300
v -3.81714300 0.00000000 -0.45714300
v -4.00000000 0.80000000 -0.57142900
v -4.00000000 0.00000000 -0.57142900
v -3.79428600 0.80000000 -0.59428600
v -3.79428600 0.00000000 -0.59428600
v -3.77142900 0.80000000 -0.73142900
v -3.77142900 0.00000000 -0.73142900
v -2.69714300 0.80000000 -0.77714300
v -2.69714300 0.80000000 -0.70857100
v -2.69714300 0.00000000 -0.70857100
v -2.69714300 0.00000000 -0.77714300
v -2.53714300 0.80000000 -0.70857100
v -2.53714300 0.00000000 -0.70857100
v -2.49142900 0.80000000 -0.77714300
v -2.49142900 0.00000000 -0.77714300
v -2.44571400 0.80000000 -0.89142900
v -2.44571400 0.00000000 -0.89142900
v -2.33142900 0.80000000 -1.12000000
v -2.33142900 0.00000000 -1.12000000
v -2.10285700 0.80000000 -1.46285700
v -2.10285700 0.00000000 -1.46285700
v -2.10285700 0.80000000 -1.48571400
v -2.10285700 0.00000000 -1.48571400
v -0.93714300 0.80000000 -1.12000000
v -1.25714300 0.80000000 -0.80000000
v -1.07428600 0.80000000 -0.73142900
v -1.07428600 0.00000000 -0.73142900
v -1.25714300 0.00000000 -0.80000000
v -0.93714300 0.00000000 -1.12000000
v -0.84571400 0.80000000 -0.96000000
v -0.84571400 0.00000000 -0.96000000
v -0.91428600 0.80000000 -1.12000000
v -0.91428600 0.00000000 -1.12000000
v -0.84571400 0.80000000 -1.18857100
v -0.75428600 0.80000000 -1.02857100
v -0.75428600 0.00000000 -1.02857100
v -0.84571400 0.00000000 -1.18857100
v -0.77714300 0.80000000 -1.21142900
v -0.77714300 0.00000000 -1.21142900
v -0.73142900 0.80000000 -1.25714300
v -0.68571400 0.80000000 -1.07428600
v -0.68571400 0.00000000 -1.07428600
v -0.73142900 0.00000000 -1.25714300
v -0.59428600 0.80000000 -1.32571400
v -0.59428600 0.00000000 -1.32571400
v -0.75428600 0.80000000 -2.40000000
v -0.75428600 0.00000000 -2.40000000
v -0.68571400 0.80000000 -2.42285700
v -0.68571400 0.00000000 -2.42285700
v -0.59428600 0.80000000 -2.44571400
v -0.59428600 0.00000000 -2.44571400
v -0.54857100 0.80000000 -2.46857100
v -0.54857100 0.00000000 -2.46857100
v -0.50285700 0.80000000 -2.65142900
v -0.50285700 0.00000000 -2.65142900
v -0.59428600 0.80000000 -2.65142900
v -0.59428600 0.00000000 -2.65142900
v -0.48000000 0.80000000 -2.67428600
v -0.48000000 0.00000000 -2.67428600
v -0.32000000 0.80000000 -2.46857100
v -0.32000000 0.00000000 -2.46857100
v 0.38857100 0.80000000 -2.51428600
v 0.48000000 0.80000000 -2.51428600
v 0.48000000 0.00000000 -2.51428600
v 0.38857100 0.00000000 -2.51428600
v 0.59428600 0.80000000 -2.67428600
v 0.59428600 0.00000000 -2.67428600
v 0.61714300 0.80000000 -2.65142900
v 0.61714300 0.00000000 -2.65142900
v 0.70857100 0.80000000 -2.65142900
v 0.73142900 0.80000000 -2.62857100
v 0.73142900 0.00000000 -2.62857100
v 0.70857100 0.00000000 -2.65142900
v 0.80000000 0.80000000 -2.62857100
v 0.82285700 0.80000000 -2.60571400
v 0.82285700 0.00000000 -2.60571400
v 0.80000000 0.00000000 -2.62857100
v 0.86857100 0.80000000 -2.60571400
v 0.86857100 0.00000000 -2.60571400
v 0.80000000 0.80000000 -2.44571400
v 0.80000000 0.00000000 -2.44571400
v 0.82285700 0.80000000 -2.42285700
v 0.82285700 0.00000000 -2.42285700
v 0.61714300 0.80000000 -1.37142900
v 0.57142900 0.80000000 -1.30285700
v 0.66285700 0.80000000 -1.34857100
v 0.66285700 0.00000000 -1.34857100
v 0.57142900 0.00000000 -1.30285700
v 0.61714300 0.00000000 -1.37142900
v 0.70857100 0.80000000 -1.34857100
v 0.64000000 0.80000000 -1.18857100
v 0.64000000 0.00000000 -1.18857100
v 0.70857100 0.00000000 -1.34857100
v 0.82285700 0.80000000 -1.09714300
v 0.82285700 0.00000000 -1.09714300
v 0.98285700 0.80000000 -1.21142900
v 0.98285700 0.00000000 -1.21142900
v 1.64571400 0.80000000 -2.01142900
v 1.64571400 0.00000000 -2.01142900
v 1.73714300 0.80000000 -2.17142900
v 1.73714300 0.00000000 -2.17142900
v 1.69142900 0.80000000 -1.96571400
v 1.69142900 0.00000000 -1.96571400
v 1.89714300 0.80000000 -1.78285700
v 1.89714300 0.00000000 -1.78285700
v 2.14857100 0.80000000 -1.50857100
v 2.14857100 0.00000000 -1.50857100
v 1.50857100 0.80000000 -0.66285700
v 1.46285700 0.80000000 -0.70857100
v 1.50857100 0.80000000 -0.64000000
v 1.50857100 0.00000000 -0.64000000
v 1.46285700 0.00000000 -0.70857100
v 1.50857100 0.00000000 -0.66285700
v 1.55428600 0.80000000 -0.59428600
v 1.41714300 0.80000000 -0.48000000
v 1.41714300 0.00000000 -0.48000000
v 1.55428600 0.00000000 -0.59428600
v 1.60000000 0.80000000 -0.50285700
v 1.60000000 0.00000000 -0.50285700
v 1.44000000 0.80000000 -0.43428600
v 1.44000000 0.00000000 -0.43428600
v 1.60000000 0.80000000 -0.45714300
v 1.60000000 0.00000000 -0.45714300
v 2.60571400 0.80000000 -0.68571400
v 2.60571400 0.00000000 -0.68571400
v 2.76571400 0.80000000 -0.70857100
v 2.76571400 0.00000000 -0.70857100
v 2.76571400 0.80000000 -0.75428600
v 2.76571400 0.00000000 -0.75428600
v 2.81142900 0.80000000 -0.61714300
v 2.62857100 0.80000000 -0.61714300
v 2.62857100 0.00000000 -0.61714300
v 2.81142900 0.00000000 -0.61714300
v 2.65142900 0.80000000 -0.54857100
v 2.65142900 0.00000000 -0.54857100
v 2.81142900 0.80000000 -0.52571400
v 2.81142900 0.00000000 -0.52571400
v 2.83428600 0.80000000 -0.48000000
v 2.69714300 0.80000000 -0.41142900
v 2.69714300 0.00000000 -0.41142900
v 2.83428600 0.00000000 -0.48000000
v 2.81142900 0.80000000 0.77714300
v 2.74285700 0.80000000 0.77714300
v 2.81142900 0.80000000 0.86857100
v 2.81142900 0.00000000 0.86857100
v 2.74285700 0.00000000 0.77714300
v 2.81142900 0.00000000 0.77714300
v 2.83428600 0.80000000 0.84571400
v 2.83428600 0.00000000 0.84571400
v 2.83428600 0.80000000 0.80000000
v 2.83428600 0.00000000 0.80000000
v 3.74857100 0.80000000 1.39428600
v 3.74857100 0.00000000 1.39428600
v 3.84000000 0.80000000 1.69142900
v 3.84000000 0.00000000 1.69142900
v 3.79428600 0.80000000 1.76000000
v 3.79428600 0.00000000 1.76000000
v 3.79428600 0.80000000 1.80571400
v 3.72571400 0.80000000 1.98857100
v 3.72571400 0.00000000 1.98857100
v 3.79428600 0.00000000 1.80571400
v 2.83428600 0.80000000 2.17142900
v 2.81142900 0.80000000 2.17142900
v 2.90285700 0.80000000 2.24000000
v 2.90285700 0.00000000 2.24000000
v 2.81142900 0.00000000 2.17142900
v 2.83428600 0.00000000 2.17142900
v 2.99428600 0.80000000 2.28571400
v 2.99428600 0.00000000 2.28571400
v 3.08571400 0.80000000 2.37714300
v 3.08571400 0.00000000 2.37714300
v 2.99428600 0.80000000 2.53714300
v 2.99428600 0.00000000 2.53714300
v 2.72000000 0.80000000 2.08000000
v 2.72000000 0.00000000 2.08000000
v 2.69714300 0.80000000 2.08000000
v 2.69714300 0.00000000 2.08000000
v 2.53714300 0.80000000 2.17142900
v 2.53714300 0.00000000 2.17142900
v 2.60571400 0.80000000 2.24000000
v 2.60571400 0.00000000 2.24000000
v 2.05714300 0.80000000 2.24000000
v 2.10285700 0.80000000 2.19428600
v 2.03428600 0.80000000 2.24000000
v 2.03428600 0.00000000 2.24000000
v 2.10285700 0.00000000 2.19428600
v 2.05714300 0.00000000 2.24000000
v 1.85142900 0.80000000 2.42285700
v 1.82857100 0.80000000 2.42285700
v 1.82857100 0.00000000 2.42285700
v 1.85142900 0.00000000 2.42285700
v 1.73714300 0.80000000 2.51428600
v 1.64571400 0.80000000 2.35428600
v 1.64571400 0.00000000 2.35428600
v 1.73714300 0.00000000 2.51428600
v 1.55428600 0.80000000 2.40000000
v 1.55428600 0.00000000 2.40000000
v 1.09714300 0.80000000 2.67428600
v 1.23428600 0.80000000 2.78857100
v 1.23428600 0.00000000 2.78857100
v 1.09714300 0.00000000 2.67428600
v 1.12000000 0.80000000 2.85714300
v 1.12000000 0.00000000 2.85714300
v 1.07428600 0.80000000 2.85714300
v 1.07428600 0.00000000 2.85714300
v 1.00571400 0.80000000 2.90285700
v 0.98285700 0.80000000 2.72000000
v 0.98285700 0.00000000 2.72000000
v 1.00571400 0.00000000 2.90285700
v 0.93714300 0.80000000 2.90285700
v 0.93714300 0.00000000 2.90285700
v 0.91428600 0.80000000 2.92571400
v 0.86857100 0.80000000 2.92571400
v 0.86857100 0.00000000 2.92571400
v 0.91428600 0.00000000 2.92571400
v 0.77714300 0.80000000 2.97142900
v 0.80000000 0.80000000 2.76571400
v 0.80000000 0.00000000 2.76571400
v 0.77714300 0.00000000 2.97142900
v 0.70857100 0.80000000 2.97142900
v 0.70857100 0.00000000 2.97142900
v 0.68571400 0.80000000 2.99428600
v 0.68571400 0.00000000 2.99428600
v 0.59428600 0.80000000 2.78857100
v 0.59428600 0.00000000 2.78857100
v 0.57142900 0.80000000 2.51428600
v 0.57142900 0.80000000 2.67428600
v 0.59428600 0.80000000 2.69714300
v 0.59428600 0.00000000 2.69714300
v 0.57142900 0.00000000 2.67428600
v 0.57142900 0.00000000 2.51428600
v 0.59428600 0.80000000 2.49142900
v 0.59428600 0.00000000 2.49142900
v -0.45714300 0.80000000 2.83428600
v -0.45714300 0.00000000 2.83428600
v -0.48000000 0.80000000 2.81142900
v -0.48000000 0.00000000 2.81142900
v -0.57142900 0.80000000 2.78857100
v -0.66285700 0.80000000 2.78857100
v -0.66285700 0.00000000 2.78857100
v -0.57142900 0.00000000 2.78857100
v -0.73142900 0.80000000 2.74285700
v -0.73142900 0.00000000 2.74285700
v -1.50857100 0.80000000 2.35428600
v -1.50857100 0.00000000 2.35428600
v -1.60000000 0.80000000 2.28571400
v -1.60000000 0.00000000 2.28571400
v -1.32571400 0.80000000 1.09714300
v -1.28000000 0.80000000 1.14285700
v -1.14285700 0.80000000 1.05142900
v -1.14285700 0.00000000 1.05142900
v -1.28000000 0.00000000 1.14285700
v -1.32571400 0.00000000 1.09714300
v -1.16571400 0.80000000 0.98285700
v -1.16571400 0.00000000 0.98285700
v -1.34857100 0.80000000 1.02857100
v -1.34857100 0.00000000 1.02857100
v -1.39428600 0.80000000 0.98285700
v -1.21142900 0.80000000 0.93714300
v -1.21142900 0.00000000 0.93714300
v -1.39428600 0.00000000 0.98285700
v -1.28000000 0.80000000 0.80000000
v -1.28000000 0.00000000 0.80000000
v -1.44000000 0.80000000 0.89142900
v -1.44000000 0.00000000 0.89142900
v -2.58285700 0.80000000 0.73142900
v -2.58285700 0.00000000 0.73142900
v -2.60571400 0.80000000 0.70857100
v -2.60571400 0.00000000 0.70857100
v -2.76571400 0.80000000 0.80000000
v -2.76571400 0.00000000 0.80000000
v -2.76571400 0.80000000 0.68571400
v -2.76571400 0.00000000 0.68571400
v -2.81142900 0.80000000 0.52571400
v -2.78857100 0.80000000 0.54857100
v -2.65142900 0.80000000 0.38857100
v -2.65142900 0.00000000 0.38857100
v -2.78857100 0.00000000 0.54857100
v -2.81142900 0.00000000 0.52571400
v -2.65142900 0.80000000 0.22857100
v -2.65142900 0.00000000 0.22857100
v -2.67428600 0.80000000 0.09142900
v -2.67428600 0.00000000 0.09142900
v -2.65142900 0.80000000 0.06857100
v -2.65142900 0.00000000 0.06857100
v -2.62857100 0.80000000 -0.16000000
v -2.81142900 0.80000000 -0.22857100
v -2.81142900 0.00000000 -0.22857100
v -2.62857100 0.00000000 -0.16000000
v -2.76571400 0.80000000 -0.54857100
v -2.76571400 0.80000000 -0.48000000
v -2.74285700 0.80000000 -0.57142900
v -2.74285700 0.00000000 -0.57142900
v -2.76571400 0.00000000 -0.48000000
v -2.76571400 0.00000000 -0.54857100
v -2.74285700 0.80000000 -0.61714300
v -2.58285700 0.80000000 -0.54857100
v -2.58285700 0.00000000 -0.54857100
v -2.74285700 0.00000000 -0.61714300
v -2.56000000 0.80000000 -0.64000000
v -2.56000000 0.00000000 -0.64000000
v -2.53714300 0.80000000 -0.66285700
v -2.53714300 0.00000000 -0.66285700
v -1.37142900 0.80000000 -0.61714300
v -1.46285700 0.80000000 -0.43428600
v -1.28000000 0.80000000 -0.41142900
v -1.28000000 0.00000000 -0.41142900
v -1.46285700 0.00000000 -0.43428600
v -1.37142900 0.00000000 -0.61714300
v -1.23428600 0.80000000 -0.50285700
v -1.23428600 0.00000000 -0.50285700
v -1.32571400 0.80000000 -0.66285700
v -1.32571400 0.00000000 -0.66285700
v -1.16571400 0.80000000 -0.61714300
v -1.16571400 0.00000000 -0.61714300
v -1.07428600 0.80000000 -0.70857100
v -1.07428600 0.00000000 -0.70857100
v -0.82285700 0.80000000 -0.96000000
v -0.82285700 0.00000000 -0.96000000
v -0.73142900 0.80000000 -1.02857100
v -0.73142900 0.00000000 -1.02857100
v -0.45714300 0.80000000 -1.18857100
v -0.45714300 0.00000000 -1.18857100
v -0.54857100 0.80000000 -1.32571400
v -0.54857100 0.00000000 -1.32571400
v -0.50285700 0.80000000 -1.37142900
v -0.50285700 0.00000000 -1.37142900
v -0.41142900 0.80000000 -1.18857100
v -0.41142900 0.00000000 -1.18857100
v -0.36571400 0.80000000 -1.21142900
v -0.36571400 0.00000000 -1.21142900
v -0.32000000 0.80000000 -1.25714300
v -0.32000000 0.00000000 -1.25714300
v -0.50285700 0.80000000 -2.42285700
v -0.50285700 0.00000000 -2.42285700
v 0.57142900 0.80000000 -1.21142900
v 0.57142900 0.00000000 -1.21142900
v 0.59428600 0.80000000 -1.18857100
v 0.59428600 0.00000000 -1.18857100
v 0.93714300 0.80000000 -1.00571400
v 0.93714300 0.00000000 -1.00571400
v 0.96000000 0.80000000 -1.00571400
v 0.96000000 0.00000000 -1.00571400
v 1.05142900 0.80000000 -1.14285700
v 1.05142900 0.00000000 -1.14285700
v 1.14285700 0.80000000 -1.09714300
v 1.14285700 0.00000000 -1.09714300
v 1.07428600 0.80000000 -0.89142900
v 1.07428600 0.00000000 -0.89142900
v 1.09714300 0.80000000 -0.89142900
v 1.09714300 0.00000000 -0.89142900
v 1.37142900 0.80000000 -0.86857100
v 1.37142900 0.00000000 -0.86857100
v 1.37142900 0.80000000 -0.84571400
v 1.37142900 0.00000000 -0.84571400
v 1.41714300 0.80000000 -0.80000000
v 1.41714300 0.80000000 -0.77714300
v 1.41714300 0.00000000 -0.77714300
v 1.41714300 0.00000000 -0.80000000
v 1.46285700 0.80000000 -0.73142900
v 1.46285700 0.00000000 -0.73142900
v 1.28000000 0.80000000 -0.68571400
v 1.28000000 0.00000000 -0.68571400
v 1.32571400 0.80000000 -0.59428600
v 1.32571400 0.00000000 -0.59428600
v 1.37142900 0.80000000 -0.54857100
v 1.37142900 0.00000000 -0.54857100
v 1.37142900 0.80000000 -0.52571400
v 1.37142900 0.00000000 -0.52571400
v 1.44000000 0.80000000 -0.38857100
v 1.46285700 0.80000000 -0.36571400
v 1.46285700 0.00000000 -0.36571400
v 1.44000000 0.00000000 -0.38857100
v 1.64571400 0.80000000 -0.38857100
v 1.64571400 0.00000000 -0.38857100
v 1.64571400 0.80000000 -0.34285700
v 1.64571400 0.00000000 -0.34285700
v 2.60571400 0.80000000 -0.64000000
v 2.60571400 0.00000000 -0.64000000
v 2.62857100 0.80000000 -0.57142900
v 2.62857100 0.00000000 -0.57142900
v 2.65142900 0.80000000 -0.45714300
v 2.65142900 0.00000000 -0.45714300
v 2.69714300 0.80000000 0.75428600
v 2.65142900 0.80000000 0.80000000
v 2.65142900 0.00000000 0.80000000
v 2.69714300 0.00000000 0.75428600
v 2.65142900 0.80000000 0.89142900
v 2.65142900 0.00000000 0.89142900
v 2.78857100 0.80000000 1.02857100
v 2.78857100 0.00000000 1.02857100
v 2.76571400 0.80000000 1.05142900
v 2.76571400 0.00000000 1.05142900
v 2.76571400 0.80000000 1.09714300
v 2.74285700 0.80000000 1.12000000
v 2.74285700 0.00000000 1.12000000
v 2.76571400 0.00000000 1.09714300
v 2.72000000 0.80000000 1.23428600
v 2.56000000 0.80000000 1.16571400
v 2.56000000 0.00000000 1.16571400
v 2.72000000 0.00000000 1.23428600
v 2.67428600 0.80000000 1.30285700
v 2.67428600 0.00000000 1.30285700
v 2.67428600 0.80000000 1.34857100
v 2.51428600 0.80000000 1.28000000
v 2.51428600 0.00000000 1.28000000
v 2.67428600 0.00000000 1.34857100
v 2.42285700 0.80000000 1.46285700
v 2.42285700 0.00000000 1.46285700
v 2.56000000 0.80000000 1.57714300
v 2.56000000 0.00000000 1.57714300
v 2.62857100 0.80000000 2.01142900
v 2.60571400 0.80000000 2.01142900
v 2.60571400 0.00000000 2.01142900
v 2.62857100 0.00000000 2.01142900
v 2.44571400 0.80000000 2.10285700
v 2.44571400 0.00000000 2.10285700
v 2.51428600 0.80000000 2.17142900
v 2.51428600 0.00000000 2.17142900
v 2.10285700 0.80000000 2.17142900
v 2.10285700 0.00000000 2.17142900
v 1.98857100 0.80000000 2.05714300
v 1.98857100 0.00000000 2.05714300
v 0.96000000 0.80000000 1.62285700
v 1.09714300 0.80000000 1.50857100
v 0.91428600 0.80000000 1.44000000
v 0.91428600 0.00000000 1.44000000
v 1.09714300 0.00000000 1.50857100
v 0.96000000 0.00000000 1.62285700
v 0.80000000 0.80000000 1.69142900
v 0.80000000 0.00000000 1.69142900
v 0.75428600 0.80000000 1.73714300
v 0.59428600 0.80000000 1.60000000
v 0.59428600 0.00000000 1.60000000
v 0.75428600 0.00000000 1.73714300
v 1.05142900 0.80000000 2.67428600
v 1.05142900 0.00000000 2.67428600
v 0.91428600 0.80000000 2.72000000
v 0.89142900 0.80000000 2.74285700
v 0.89142900 0.00000000 2.74285700
v 0.91428600 0.00000000 2.72000000
v 0.84571400 0.80000000 2.74285700
v 0.84571400 0.00000000 2.74285700
v 0.75428600 0.80000000 2.72000000
v 0.75428600 0.00000000 2.72000000
v -0.29714300 0.80000000 1.73714300
v -0.29714300 0.80000000 1.64571400
v -0.32000000 0.80000000 1.62285700
v -0.32000000 0.00000000 1.62285700
v -0.29714300 0.00000000 1.64571400
v -0.29714300 0.00000000 1.73714300
v -0.38857100 0.80000000 1.78285700
v -0.38857100 0.00000000 1.78285700
v -0.34285700 0.80000000 1.80571400
v -0.34285700 0.00000000 1.80571400
v -0.45714300 0.80000000 1.78285700
v -0.43428600 0.80000000 1.60000000
v -0.43428600 0.00000000 1.60000000
v -0.45714300 0.00000000 1.78285700
v -0.52571400 0.80000000 1.73714300
v -0.52571400 0.00000000 1.73714300
v -0.57142900 0.80000000 1.73714300
v -0.57142900 0.00000000 1.73714300
v -0.70857100 0.80000000 1.46285700
v -0.70857100 0.00000000 1.46285700
v -0.75428600 0.80000000 1.64571400
v -0.75428600 0.00000000 1.64571400
v -0.80000000 0.80000000 1.60000000
v -0.80000000 0.00000000 1.60000000
v -0.89142900 0.80000000 1.55428600
v -0.89142900 0.00000000 1.55428600
v -0.84571400 0.80000000 1.34857100
v -0.84571400 0.00000000 1.34857100
v -0.86857100 0.80000000 1.34857100
v -0.86857100 0.00000000 1.34857100
v -0.98285700 0.80000000 1.46285700
v -0.98285700 0.00000000 1.46285700
v -1.00571400 0.80000000 1.46285700
v -1.00571400 0.00000000 1.46285700
v -1.07428600 0.80000000 1.14285700
v -1.07428600 0.00000000 1.14285700
v -1.21142900 0.80000000 1.25714300
v -1.21142900 0.00000000 1.25714300
v -1.21142900 0.80000000 1.23428600
v -1.21142900 0.00000000 1.23428600
v -1.28000000 0.80000000 1.16571400
v -1.28000000 0.00000000 1.16571400
v -1.07428600 0.80000000 1.12000000
v -1.07428600 0.00000000 1.12000000
v -1.28000000 0.80000000 0.75428600
v -1.44000000 0.80000000 0.84571400
v -1.44000000 0.00000000 0.84571400
v -1.28000000 0.00000000 0.75428600
v -1.50857100 0.80000000 0.70857100
v -1.32571400 0.80000000 0.68571400
v -1.32571400 0.00000000 0.68571400
v -1.50857100 0.00000000 0.70857100
v -1.50857100 0.80000000 0.64000000
v -1.50857100 0.00000000 0.64000000
v -1.55428600 0.80000000 0.54857100
v -1.37142900 0.80000000 0.54857100
v -1.37142900 0.00000000 0.54857100
v -1.55428600 0.00000000 0.54857100
v -1.39428600 0.80000000 0.43428600
v -1.39428600 0.00000000 0.43428600
v -1.55428600 0.80000000 0.45714300
v -1.55428600 0.00000000 0.45714300
v -2.60571400 0.80000000 0.59428600
v -2.60571400 0.00000000 0.59428600
v -2.62857100 0.80000000 0.57142900
v -2.62857100 0.00000000 0.57142900
v -2.78857100 0.80000000 0.66285700
v -2.78857100 0.00000000 0.66285700
v -2.62857100 0.80000000 0.41142900
v -2.62857100 0.00000000 0.41142900
v -2.62857100 0.80000000 -0.34285700
v -2.78857100 0.80000000 -0.32000000
v -2.78857100 0.00000000 -0.32000000
v -2.62857100 0.00000000 -0.34285700
v -2.81142900 0.80000000 -0.29714300
v -2.81142900 0.00000000 -0.29714300
v -2.78857100 0.80000000 -0.45714300
v -2.78857100 0.00000000 -0.45714300
v -2.60571400 0.80000000 -0.45714300
v -2.60571400 0.00000000 -0.45714300
v -2.58285700 0.80000000 -0.48000000
v -2.58285700 0.00000000 -0.48000000
v -2.56000000 0.80000000 -0.57142900
v -2.56000000 0.00000000 -0.57142900
v -1.50857100 0.80000000 -0.29714300
v -1.50857100 0.80000000 -0.25142900
v -1.48571400 0.80000000 -0.32000000
v -1.48571400 0.00000000 -0.32000000
v -1.50857100 0.00000000 -0.25142900
v -1.50857100 0.00000000 -0.29714300
v -1.32571400 0.80000000 -0.29714300
v -1.32571400 0.00000000 -0.29714300
v -1.28000000 0.80000000 -0.36571400
v -1.28000000 0.00000000 -0.36571400
v -1.18857100 0.80000000 -0.54857100
v -1.18857100 0.00000000 -0.54857100
v 1.46285700 0.80000000 -0.32000000
v 1.46285700 0.00000000 -0.32000000
v 1.50857100 0.80000000 -0.25142900
v 1.50857100 0.00000000 -0.25142900
v 1.69142900 0.80000000 -0.25142900
v 1.69142900 0.00000000 -0.25142900
v 1.53142900 0.80000000 -0.16000000
v 1.53142900 0.00000000 -0.16000000
v 1.69142900 0.80000000 -0.16000000
v 1.69142900 0.00000000 -0.16000000
v 1.73714300 0.80000000 -0.06857100
v 1.71428600 0.80000000 -0.04571400
v 1.71428600 0.00000000 -0.04571400
v 1.73714300 0.00000000 -0.06857100
v 1.73714300 0.80000000 -0.00000000
v 1.57714300 0.80000000 0.09142900
v 1.57714300 0.00000000 0.09142900
v 1.73714300 0.00000000 -0.00000000
v 1.73714300 0.80000000 0.38857100
v 1.73714300 0.00000000 0.38857100
v 1.57714300 0.80000000 0.32000000
v 1.57714300 0.00000000 0.32000000
v 1.71428600 0.80000000 0.43428600
v 1.71428600 0.00000000 0.43428600
v 2.60571400 0.80000000 0.96000000
v 2.60571400 0.00000000 0.96000000
v 2.60571400 0.80000000 1.02857100
v 2.60571400 0.00000000 1.02857100
v 2.56000000 0.80000000 1.12000000
v 2.56000000 0.00000000 1.12000000
v 2.51428600 0.80000000 1.23428600
v 2.51428600 0.00000000 1.23428600
v 2.37714300 0.80000000 1.50857100
v 2.51428600 0.80000000 1.62285700
v 2.51428600 0.00000000 1.62285700
v 2.37714300 0.00000000 1.50857100
v 2.53714300 0.80000000 1.94285700
v 2.53714300 0.00000000 1.94285700
v 2.44571400 0.80000000 1.89714300
v 2.44571400 0.00000000 1.89714300
v 2.42285700 0.80000000 2.10285700
v 2.42285700 0.00000000 2.10285700
v 2.28571400 0.80000000 1.98857100
v 2.28571400 0.00000000 1.98857100
v 1.98857100 0.80000000 2.03428600
v 1.98857100 0.00000000 2.03428600
v 2.21714300 0.80000000 1.78285700
v 2.21714300 0.00000000 1.78285700
v 1.12000000 0.80000000 1.50857100
v 1.39428600 0.80000000 1.23428600
v 1.21142900 0.80000000 1.16571400
v 1.21142900 0.00000000 1.16571400
v 1.39428600 0.00000000 1.23428600
v 1.12000000 0.00000000 1.50857100
v 1.02857100 0.80000000 1.34857100
v 1.02857100 0.00000000 1.34857100
v 1.00571400 0.80000000 1.34857100
v 1.00571400 0.00000000 1.34857100
v 1.21142900 0.80000000 1.14285700
v 1.39428600 0.80000000 1.21142900
v 1.39428600 0.00000000 1.21142900
v 1.21142900 0.00000000 1.14285700
v 1.30285700 0.80000000 1.05142900
v 1.30285700 0.00000000 1.05142900
v 1.50857100 0.80000000 -0.18285700
v 1.50857100 0.00000000 -0.18285700
v 1.53142900 0.80000000 -0.11428600
v 1.55428600 0.80000000 -0.09142900
v 1.55428600 0.00000000 -0.09142900
v 1.53142900 0.00000000 -0.11428600
v 1.55428600 0.80000000 0.06857100
v 1.55428600 0.00000000 0.06857100
v 1.55428600 0.80000000 0.34285700
v 1.55428600 0.00000000 0.34285700
v 1.55428600 0.80000000 0.48000000
v 1.55428600 0.00000000 0.48000000
v 1.71428600 0.80000000 0.48000000
v 1.71428600 0.00000000 0.48000000
v 1.73714300 0.80000000 0.45714300
v 1.73714300 0.00000000 0.45714300
v 1.71428600 0.80000000 0.54857100
v 1.69142900 0.80000000 0.57142900
v 1.69142900 0.00000000 0.57142900
v 1.71428600 0.00000000 0.54857100
v 1.69142900 0.80000000 0.64000000
v 1.66857100 0.80000000 0.66285700
v 1.66857100 0.00000000 0.66285700
v 1.69142900 0.00000000 0.64000000
v 2.33142900 0.80000000 1.62285700
v 2.33142900 0.00000000 1.62285700
v 2.49142900 0.80000000 1.69142900
v 2.49142900 0.00000000 1.69142900
v 2.40000000 0.80000000 1.80571400
v 2.40000000 0.00000000 1.80571400
v 2.40000000 0.80000000 1.85142900
v 2.40000000 0.00000000 1.85142900
v 2.26285700 0.80000000 1.69142900
v 2.26285700 0.00000000 1.69142900
v 1.50857100 0.80000000 1.07428600
v 1.50857100 0.00000000 1.07428600
v 1.30285700 0.80000000 1.02857100
v 1.30285700 0.00000000 1.02857100
v 1.39428600 0.80000000 0.91428600
v 1.39428600 0.00000000 0.91428600
v 1.44000000 0.80000000 0.77714300
v 1.44000000 0.80000000 0.82285700
v 1.60000000 0.80000000 0.84571400
v 1.60000000 0.00000000 0.84571400
v 1.44000000 0.00000000 0.82285700
v 1.44000000 0.00000000 0.77714300
v 1.48571400 0.80000000 0.70857100
v 1.48571400 0.00000000 0.70857100
v 1.50857100 0.80000000 0.57142900
v 1.50857100 0.80000000 0.64000000
v 1.50857100 0.00000000 0.64000000
v 1.50857100 0.00000000 0.57142900
v 1.64571400 0.80000000 0.77714300
v 1.64571400 0.00000000 0.77714300
v 1.60000000 0.80000000 0.89142900
v 1.60000000 0.00000000 0.89142900
v 1.48571400 0.80000000 0.66285700
v 1.48571400 0.00000000 0.66285700
v -1.34857100 0.80000000 0.57142900
v -1.34857100 0.00000000 0.57142900
v -1.37142900 0.80000000 0.45714300
v -1.37142900 0.00000000 0.45714300
v -1.39428600 0.80000000 -0.04571400
v -1.57714300 0.80000000 -0.02285700
v -1.57714300 0.00000000 -0.02285700
v -1.39428600 0.00000000 -0.04571400
v -1.57714300 0.80000000 0.43428600
v -1.57714300 0.00000000 0.43428600
v -1.55428600 0.80000000 -0.04571400
v -1.55428600 0.00000000 -0.04571400
v -1.55428600 0.80000000 -0.16000000
v -1.53142900 0.80000000 -0.13714300
v -1.53142900 0.80000000 -0.18285700
v -1.53142900 0.00000000 -0.18285700
v -1.53142900 0.00000000 -0.13714300
v -1.55428600 0.00000000 -0.16000000
v -2.60571400 0.80000000 -0.36571400
v -2.60571400 0.00000000 -0.36571400
v -1.53142900 0.80000000 -0.22857100
v -1.53142900 0.00000000 -0.22857100
v -1.37142900 0.80000000 -0.16000000
v -1.37142900 0.00000000 -0.16000000
v -1.32571400 0.80000000 -0.25142900
v -1.32571400 0.00000000 -0.25142900
v -1.37142900 0.80000000 -0.06857100
v -1.37142900 0.00000000 -0.06857100
v -1.55428600 0.80000000 -0.11428600
v -1.55428600 0.00000000 -0.11428600
v 0.50285700 0.80000000 -2.49142900
v 0.59428600 0.80000000 -2.49142900
v 0.59428600 0.00000000 -2.49142900
v 0.50285700 0.00000000 -2.49142900
v 0.70857100 0.80000000 -2.46857100
v 0.70857100 0.00000000 -2.46857100
v 0.73142900 0.80000000 -2.44571400
v 0.73142900 0.00000000 -2.44571400
v 0.61714300 0.80000000 -2.46857100
v 0.61714300 0.00000000 -2.46857100
v -0.89142900 0.80000000 -6.58285700
v -0.89142900 0.00000000 -6.58285700
f 1 2 3
f 4 5 6
f 1 3 7
f 8 4 6
f 7 3 9
f 10 4 8
f 11 9 3
f 4 10 12
f 11 3 13
f 14 4 12
f 15 13 16
f 17 14 18
f 15 16 19
f 20 17 18
f 15 19 21
f 22 20 18
f 15 21 23
f 24 22 18
f 25 23 26
f 27 24 28
f 29 26 30
f 31 27 32
f 33 34 35
f 36 37 38
f 39 35 40
f 41 36 42
f 39 40 43
f 44 41 42
f 45 46 47
f 48 49 50
f 45 47 51
f 52 48 50
f 45 51 53
f 54 52 50
f 45 53 55
f 56 54 50
f 57 55 53
f 54 56 58
f 57 53 59
f 60 54 58
f 57 59 61
f 62 60 58
f 61 59 63
f 64 60 62
f 65 63 66
f 67 64 68
f 65 66 69
f 70 67 68
f 65 69 71
f 72 70 68
f 73 71 69
f 70 72 74
f 73 69 75
f 76 70 74
f 73 75 77
f 78 76 74
f 79 77 80
f 81 78 82
f 79 80 83
f 84 81 82
f 85 83 86
f 87 84 88
f 89 86 90
f 91 87 92
f 93 90 94
f 95 91 96
f 93 94 97
f 98 95 96
f 93 97 99
f 100 98 96
f 101 102 103
f 104 105 106
f 101 103 107
f 108 104 106
f 109 107 110
f 111 108 112
f 109 110 113
f 114 111 112
f 115 113 116
f 117 114 118
f 119 120 121
f 122 123 124
f 125 121 126
f 127 122 128
f 129 126 130
f 131 127 132
f 129 130 133
f 134 131 132
f 129 133 135
f 136 134 132
f 137 138 139
f 140 141 142
f 137 139 143
f 144 140 142
f 137 143 145
f 146 144 142
f 147 145 143
f 144 146 148
f 147 143 149
f 150 144 148
f 147 149 151
f 152 150 148
f 147 151 153
f 154 152 148
f 153 151 155
f 156 152 154
f 153 155 157
f 158 156 154
f 153 157 159
f 160 158 154
f 161 162 163
f 164 165 166
f 161 163 167
f 168 164 166
f 169 167 170
f 171 168 172
f 169 170 173
f 174 171 172
f 175 173 176
f 177 174 178
f 179 176 180
f 181 177 182
f 183 180 184
f 185 181 186
f 187 184 188
f 189 185 190
f 187 188 191
f 192 189 190
f 193 194 195
f 196 197 198
f 199 195 200
f 201 196 202
f 199 200 203
f 204 201 202
f 199 203 205
f 206 204 202
f 207 208 209
f 210 211 212
f 207 209 213
f 214 210 212
f 215 213 216
f 217 214 218
f 215 216 219
f 220 217 218
f 215 219 221
f 222 220 218
f 223 221 219
f 220 222 224
f 223 219 225
f 226 220 224
f 223 225 227
f 228 226 224
f 227 225 229
f 230 226 228
f 231 229 225
f 226 230 232
f 231 225 233
f 234 226 232
f 231 233 235
f 236 234 232
f 237 235 238
f 239 236 240
f 237 238 241
f 242 239 240
f 243 241 244
f 245 242 246
f 247 244 248
f 249 245 250
f 251 248 252
f 253 249 254
f 251 252 255
f 256 253 254
f 257 255 258
f 259 256 260
f 257 258 261
f 262 259 260
f 257 261 263
f 264 262 260
f 265 263 266
f 267 264 268
f 269 266 270
f 271 267 272
f 269 270 273
f 274 271 272
f 275 273 276
f 277 274 278
f 275 276 279
f 280 277 278
f 281 279 282
f 283 280 284
f 281 282 285
f 286 283 284
f 287 282 288
f 289 283 290
f 287 288 291
f 292 289 290
f 293 291 294
f 295 292 296
f 293 294 297
f 298 295 296
f 299 297 300
f 301 298 302
f 303 300 304
f 305 301 306
f 303 304 307
f 308 305 306
f 303 307 309
f 310 308 306
f 311 312 313
f 314 315 316
f 311 313 317
f 318 314 316
f 311 317 319
f 320 318 316
f 321 319 317
f 318 320 322
f 321 317 323
f 324 318 322
f 325 323 326
f 327 324 328
f 325 326 329
f 330 327 328
f 331 329 332
f 333 330 334
f 331 332 335
f 336 333 334
f 331 335 337
f 338 336 334
f 331 337 339
f 340 338 334
f 339 337 341
f 342 338 340
f 339 341 343
f 344 342 340
f 339 343 345
f 346 344 340
f 339 345 347
f 348 346 340
f 349 347 345
f 346 348 350
f 349 345 351
f 352 346 350
f 349 351 353
f 354 352 350
f 355 353 356
f 357 354 358
f 355 356 359
f 360 357 358
f 355 359 361
f 362 360 358
f 363 361 364
f 365 362 366
f 363 364 367
f 368 365 366
f 369 367 370
f 371 368 372
f 373 370 374
f 375 371 376
f 377 374 378
f 379 375 380
f 381 378 382
f 383 379 384
f 385 382 386
f 387 383 388
f 385 386 389
f 390 387 388
f 391 392 393
f 394 395 396
f 391 393 397
f 398 394 396
f 399 397 400
f 401 398 402
f 403 400 404
f 405 401 406
f 407 404 408
f 409 405 410
f 407 408 411
f 412 409 410
f 413 414 415
f 416 417 418
f 413 415 419
f 420 416 418
f 421 419 422
f 423 420 424
f 421 422 425
f 426 423 424
f 421 425 427
f 428 426 424
f 429 427 425
f 426 428 430
f 429 425 431
f 432 426 430
f 429 431 433
f 434 432 430
f 429 433 435
f 436 434 430
f 437 438 439
f 440 441 442
f 443 439 444
f 445 440 446
f 443 444 447
f 448 445 446
f 443 447 449
f 450 448 446
f 451 449 452
f 453 450 454
f 451 452 455
f 456 453 454
f 451 455 457
f 458 456 454
f 451 457 459
f 460 458 454
f 461 459 462
f 463 460 464
f 465 466 467
f 468 469 470
f 465 467 471
f 472 468 470
f 473 471 474
f 475 472 476
f 473 474 477
f 478 475 476
f 473 477 479
f 480 478 476
f 481 479 482
f 483 480 484
f 481 482 485
f 486 483 484
f 487 485 482
f 483 486 488
f 487 482 489
f 490 483 488
f 487 489 491
f 492 490 488
f 491 489 493
f 494 490 492
f 491 493 495
f 496 494 492
f 491 495 497
f 498 496 492
f 499 497 500
f 501 498 502
f 499 500 503
f 504 501 502
f 499 503 505
f 506 504 502
f 507 508 509
f 510 511 512
f 507 509 513
f 514 510 512
f 507 513 515
f 516 514 512
f 507 515 517
f 518 516 512
f 519 517 520
f 521 518 522
f 523 520 524
f 525 521 526
f 523 524 527
f 528 525 526
f 529 527 530
f 531 528 532
f 533 530 534
f 535 531 536
f 533 534 537
f 538 535 536
f 539 540 541
f 542 543 544
f 545 541 546
f 547 542 548
f 549 546 550
f 551 547 552
f 553 550 554
f 555 551 556
f 553 554 557
f 558 555 556
f 559 560 561
f 562 563 564
f 559 561 565
f 566 562 564
f 567 565 568
f 569 566 570
f 567 568 571
f 572 569 570
f 573 571 574
f 575 572 576
f 573 574 577
f 578 575 576
f 573 577 579
f 580 578 576
f 581 579 582
f 583 580 584
f 581 582 585
f 586 583 584
f 581 585 587
f 588 586 584
f 589 587 590
f 591 588 592
f 593 590 594
f 595 591 596
f 593 594 597
f 598 595 596
f 599 594 600
f 601 595 602
f 603 604 605
f 606 607 608
f 603 605 609
f 610 606 608
f 603 609 611
f 612 610 608
f 613 611 614
f 615 612 616
f 613 614 617
f 618 615 616
f 613 617 619
f 620 618 616
f 621 619 622
f 623 620 624
f 621 622 625
f 626 623 624
f 621 625 627
f 628 626 624
f 629 630 631
f 632 633 634
f 629 631 635
f 636 632 634
f 637 635 638
f 639 636 640
f 641 642 643
f 644 645 646
f 641 643 647
f 648 644 646
f 649 647 650
f 651 648 652
f 649 650 653
f 654 651 652
f 649 653 655
f 656 654 652
f 657 655 658
f 659 656 660
f 657 658 661
f 662 659 660
f 663 661 664
f 665 662 666
f 667 664 668
f 669 665 670
f 667 668 671
f 672 669 670
f 667 671 673
f 674 672 670
f 675 676 677
f 678 679 680
f 675 677 681
f 682 678 680
f 683 681 684
f 685 682 686
f 683 684 687
f 688 685 686
f 683 687 689
f 690 688 686
f 691 689 687
f 688 690 692
f 691 687 693
f 694 688 692
f 691 693 695
f 696 694 692
f 695 693 697
f 698 694 696
f 699 697 693
f 694 698 700
f 699 693 701
f 702 694 700
f 699 701 703
f 704 702 700
f 699 703 705
f 706 704 700
f 707 705 708
f 709 706 710
f 707 708 711
f 712 709 710
f 707 711 713
f 714 712 710
f 715 713 716
f 717 714 718
f 715 716 719
f 720 717 718
f 721 719 722
f 723 720 724
f 721 722 725
f 726 723 724
f 727 725 728
f 729 726 730
f 727 728 731
f 732 729 730
f 727 731 733
f 734 732 730
f 727 733 735
f 736 734 730
f 737 735 738
f 739 736 740
f 741 738 742
f 743 739 744
f 741 742 745
f 746 743 744
f 741 745 747
f 748 746 744
f 747 745 749
f 750 746 748
f 751 749 752
f 753 750 754
f 751 752 755
f 756 753 754
f 757 755 758
f 759 756 760
f 757 758 761
f 762 759 760
f 757 761 763
f 764 762 760
f 765 766 767
f 768 769 770
f 771 767 772
f 773 768 774
f 771 772 775
f 776 773 774
f 771 775 777
f 778 776 774
f 779 777 780
f 781 778 782
f 779 780 783
f 784 781 782
f 785 783 786
f 787 784 788
f 785 786 789
f 790 787 788
f 791 789 792
f 793 790 794
f 791 792 795
f 796 793 794
f 795 792 797
f 798 793 796
f 795 797 799
f 800 798 796
f 801 799 802
f 803 800 804
f 801 802 805
f 806 803 804
f 801 805 807
f 808 806 804
f 801 807 809
f 810 808 804
f 811 812 813
f 814 815 816
f 811 813 817
f 818 814 816
f 819 817 820
f 821 818 822
f 823 820 824
f 825 821 826
f 823 824 827
f 828 825 826
f 829 830 831
f 832 833 834
f 829 831 835
f 836 832 834
f 837 835 838
f 839 836 840
f 837 838 841
f 842 839 840
f 843 841 844
f 845 842 846
f 847 844 848
f 849 845 850
f 851 848 852
f 853 849 854
f 851 852 855
f 856 853 854
f 857 858 859
f 860 861 862
f 863 859 864
f 865 860 866
f 863 864 867
f 868 865 866
f 869 867 870
f 871 868 872
f 869 870 873
f 874 871 872
f 869 873 875
f 876 874 872
f 877 875 878
f 879 876 880
f 877 878 881
f 882 879 880
f 877 881 883
f 884 882 880
f 883 881 885
f 886 882 884
f 883 885 887
f 888 886 884
f 883 887 889
f 890 888 884
f 891 889 892
f 893 890 894
f 891 892 895
f 896 893 894
f 891 895 897
f 898 896 894
f 899 897 895
f 896 898 900
f 899 895 901
f 902 896 900
f 903 901 904
f 905 902 906
f 907 908 909
f 910 911 912
f 907 909 913
f 914 910 912
f 915 913 916
f 917 914 918
f 919 920 921
f 922 923 924
f 925 926 927
f 928 929 930
f 931 927 932
f 933 928 934
f 935 932 936
f 937 933 938
f 939 936 940
f 941 937 942
f 943 940 944
f 945 941 946
f 947 944 948
f 949 945 950
f 947 948 951
f 952 949 950
f 947 951 953
f 954 952 950
f 955 953 956
f 957 954 958
f 955 956 959
f 960 957 958
f 955 959 961
f 962 960 958
f 963 961 964
f 965 962 966
f 963 964 967
f 968 965 966
f 967 964 969
f 970 965 968
f 967 969 971
f 972 970 968
f 973 971 969
f 970 972 974
f 973 969 975
f 976 970 974
f 973 975 977
f 978 976 974
f 973 977 979
f 980 978 974
f 981 979 982
f 983 980 984
f 985 982 986
f 987 983 988
f 989 986 990
f 991 987 992
f 989 990 993
f 994 991 992
f 989 993 995
f 996 994 992
f 997 998 999
f 1000 1001 1002
f 1003 999 1004
f 1005 1000 1006
f 1003 1004 1007
f 1008 1005 1006
f 1009 1007 1010
f 1011 1008 1012
f 1009 1010 1013
f 1014 1011 1012
f 1015 1013 1016
f 1017 1014 1018
f 1015 1016 2
f 5 1017 1018
f 2 1016 3
f 4 1017 5
f 3 1019 1020
f 1021 1022 4
f 3 1020 1023
f 1024 1021 4
f 3 1023 13
f 14 1024 4
f 13 1023 1025
f 1026 1024 14
f 13 1025 16
f 17 1026 14
f 21 1027 23
f 24 1028 22
f 23 1027 26
f 27 1028 24
f 26 1027 1029
f 1030 1028 27
f 26 1029 30
f 31 1030 27
f 30 1029 1031
f 1032 1030 31
f 1031 1029 34
f 37 1030 1032
f 34 1029 1033
f 1034 1030 37
f 34 1033 1035
f 1036 1034 37
f 34 1035 35
f 36 1036 37
f 35 1035 1037
f 1038 1036 36
f 35 1037 40
f 41 1038 36
f 40 1039 43
f 44 1040 41
f 43 1039 1041
f 1042 1040 44
f 1041 1039 46
f 49 1040 1042
f 46 1039 47
f 48 1040 49
f 59 66 63
f 64 67 60
f 75 80 77
f 78 81 76
f 80 1043 83
f 84 1044 81
f 83 1043 1045
f 1046 1044 84
f 83 1045 86
f 87 1046 84
f 86 1045 1047
f 1048 1046 87
f 86 1047 90
f 91 1048 87
f 90 1047 94
f 95 1048 91
f 94 1047 1049
f 1050 1048 95
f 94 1051 97
f 98 1052 95
f 97 1053 1054
f 1055 1056 98
f 97 1054 99
f 100 1055 98
f 99 1054 102
f 105 1055 100
f 99 102 1057
f 1058 105 100
f 102 1054 103
f 104 1055 105
f 103 1054 1059
f 1060 1055 104
f 103 1061 107
f 108 1062 104
f 107 1061 110
f 111 1062 108
f 110 1063 1064
f 1065 1066 111
f 110 1064 113
f 114 1065 111
f 113 1064 1067
f 1068 1065 114
f 113 1067 116
f 117 1068 114
f 116 1067 1069
f 1070 1068 117
f 116 1069 120
f 123 1070 117
f 116 120 1071
f 1072 123 117
f 120 1069 1073
f 1074 1070 123
f 120 1073 121
f 122 1074 123
f 121 1073 130
f 131 1074 122
f 121 130 126
f 127 131 122
f 130 1073 1075
f 1076 1074 131
f 133 1077 135
f 136 1078 134
f 135 1077 1079
f 1080 1078 136
f 135 1079 1081
f 1082 1080 136
f 1081 1079 138
f 141 1080 1082
f 138 1079 139
f 140 1080 141
f 162 1083 163
f 164 1084 165
f 163 1085 1086
f 1087 1088 164
f 163 1086 170
f 171 1087 164
f 163 170 167
f 168 171 164
f 170 1089 1090
f 1091 1092 171
f 170 1090 173
f 174 1091 171
f 173 1090 176
f 177 1091 174
f 176 1090 1093
f 1094 1091 177
f 176 1093 180
f 181 1094 177
f 180 1093 1095
f 1096 1094 181
f 180 1095 184
f 185 1096 181
f 184 1095 188
f 189 1096 185
f 188 1097 1098
f 1099 1100 189
f 188 1098 191
f 192 1099 189
f 191 1098 1101
f 1102 1099 192
f 1101 1098 194
f 197 1099 1102
f 194 1098 1103
f 1104 1099 197
f 194 1103 1105
f 1106 1104 197
f 194 1105 195
f 196 1106 197
f 195 1105 1107
f 1108 1106 196
f 195 1107 200
f 201 1108 196
f 200 1107 1109
f 1110 1108 201
f 200 1111 203
f 204 1112 201
f 203 1113 1114
f 1115 1116 204
f 203 1114 205
f 206 1115 204
f 205 1114 1117
f 1118 1115 206
f 205 1117 1119
f 1120 1118 206
f 1121 1117 208
f 211 1118 1122
f 208 1117 1123
f 1124 1118 211
f 208 1123 209
f 210 1124 211
f 209 216 213
f 214 217 210
f 233 238 235
f 236 239 234
f 238 1125 244
f 245 1126 239
f 238 244 241
f 242 245 239
f 244 1125 248
f 249 1126 245
f 248 1125 252
f 253 1126 249
f 252 1127 255
f 256 1128 253
f 255 1127 258
f 259 1128 256
f 261 1129 263
f 264 1130 262
f 263 1129 266
f 267 1130 264
f 266 1129 270
f 271 1130 267
f 270 1129 1131
f 1132 1130 271
f 270 1133 273
f 274 1134 271
f 273 1133 276
f 277 1134 274
f 276 288 282
f 283 289 277
f 276 282 279
f 280 283 277
f 288 1135 291
f 292 1136 289
f 291 1135 294
f 295 1136 292
f 294 1137 297
f 298 1138 295
f 297 1137 300
f 301 1138 298
f 300 1137 304
f 305 1138 301
f 304 1139 307
f 308 1140 305
f 307 1141 1142
f 1143 1144 308
f 307 1142 309
f 310 1143 308
f 309 1142 1145
f 1146 1143 310
f 309 1145 1147
f 1148 1146 310
f 1149 1145 1142
f 1143 1146 1150
f 1149 1142 1151
f 1152 1143 1150
f 1149 1151 312
f 315 1152 1150
f 312 1151 313
f 314 1152 315
f 313 1153 317
f 318 1154 314
f 317 326 323
f 324 327 318
f 326 332 329
f 330 333 327
f 351 356 353
f 354 357 352
f 359 364 361
f 362 365 360
f 364 1155 367
f 368 1156 365
f 367 1155 1157
f 1158 1156 368
f 367 1157 370
f 371 1158 368
f 370 1157 1159
f 1160 1158 371
f 370 1159 374
f 375 1160 371
f 374 1159 378
f 379 1160 375
f 378 1159 1161
f 1162 1160 379
f 378 1161 382
f 383 1162 379
f 382 1161 386
f 387 1162 383
f 386 1163 389
f 390 1164 387
f 389 1163 1165
f 1166 1164 390
f 389 1165 1167
f 1168 1166 390
f 1167 1165 392
f 395 1166 1168
f 392 1165 1169
f 1170 1166 395
f 392 1169 393
f 394 1170 395
f 393 1171 1172
f 1173 1174 394
f 393 1172 397
f 398 1173 394
f 397 1172 1175
f 1176 1173 398
f 397 1175 400
f 401 1176 398
f 400 1175 404
f 405 1176 401
f 404 1175 1177
f 1178 1176 405
f 404 1177 408
f 409 1178 405
f 408 1179 1180
f 1181 1182 409
f 408 1180 411
f 412 1181 409
f 411 1180 1183
f 1184 1181 412
f 411 1183 414
f 417 1184 412
f 411 414 1185
f 1186 417 412
f 414 1183 1187
f 1188 1184 417
f 414 1187 415
f 416 1188 417
f 415 422 419
f 420 423 416
f 433 1189 435
f 436 1190 434
f 435 1189 1191
f 1192 1190 436
f 435 1191 1193
f 1194 1192 436
f 435 1193 1195
f 1196 1194 436
f 1197 1195 1193
f 1194 1196 1198
f 1197 1193 1199
f 1200 1194 1198
f 1197 1199 1201
f 1202 1200 1198
f 1203 1201 1204
f 1205 1202 1206
f 1203 1204 1207
f 1208 1205 1206
f 1203 1207 1209
f 1210 1208 1206
f 1203 1209 1211
f 1212 1210 1206
f 1213 1214 1215
f 1216 1217 1218
f 1219 1215 1220
f 1221 1216 1222
f 1219 1220 1223
f 1224 1221 1222
f 1219 1223 1225
f 1226 1224 1222
f 1227 1225 1228
f 1229 1226 1230
f 1231 1232 1233
f 1234 1235 1236
f 1231 1233 1237
f 1238 1234 1236
f 1239 1240 1241
f 1242 1243 1244
f 1239 1241 1245
f 1246 1242 1244
f 1247 1245 1248
f 1249 1246 1250
f 1247 1248 1251
f 1252 1249 1250
f 1247 1251 1253
f 1254 1252 1250
f 1255 1253 1256
f 1257 1254 1258
f 1255 1256 1259
f 1260 1257 1258
f 1255 1259 1261
f 1262 1260 1258
f 1263 1261 1264
f 1265 1262 1266
f 1263 1264 1267
f 1268 1265 1266
f 1263 1267 1269
f 1270 1268 1266
f 1263 1269 1271
f 1272 1270 1266
f 1263 1271 1273
f 1274 1272 1266
f 1273 1271 1275
f 1276 1272 1274
f 1273 1275 1277
f 1278 1276 1274
f 1273 1277 1279
f 1280 1278 1274
f 1281 1279 1277
f 1278 1280 1282
f 1281 1277 1283
f 1284 1278 1282
f 1281 1283 1285
f 1286 1284 1282
f 1287 1285 1288
f 1289 1286 1290
f 1287 1288 1291
f 1292 1289 1290
f 1293 1291 1294
f 1295 1292 1296
f 1293 1294 1297
f 1298 1295 1296
f 1299 1297 1300
f 1301 1298 1302
f 1299 1300 1303
f 1304 1301 1302
f 1299 1303 1305
f 1306 1304 1302
f 1307 1305 1308
f 1309 1306 1310
f 1307 1308 1311
f 1312 1309 1310
f 1307 1311 1313
f 1314 1312 1310
f 1315 1313 1316
f 1317 1314 1318
f 1319 1316 1320
f 1321 1317 1322
f 1319 1320 1323
f 1324 1321 1322
f 1319 1323 1325
f 1326 1324 1322
f 438 1325 439
f 440 1326 441
f 439 1325 1323
f 1324 1326 440
f 439 1323 444
f 445 1324 440
f 447 452 449
f 450 453 448
f 457 1327 459
f 460 1328 458
f 459 1327 462
f 463 1328 460
f 462 1327 1329
f 1330 1328 463
f 462 1329 1331
f 1332 1330 463
f 1331 1329 466
f 469 1330 1332
f 466 1329 1333
f 1334 1330 469
f 466 1333 467
f 468 1334 469
f 467 1335 471
f 472 1336 468
f 471 1335 474
f 475 1336 472
f 477 482 479
f 480 483 478
f 495 500 497
f 498 501 496
f 503 1337 505
f 506 1338 504
f 505 1337 1339
f 1340 1338 506
f 1339 1337 508
f 511 1338 1340
f 508 1337 1341
f 1342 1338 511
f 508 1341 509
f 510 1342 511
f 515 1343 520
f 521 1344 516
f 515 520 517
f 518 521 516
f 520 1343 524
f 525 1344 521
f 524 1345 527
f 528 1346 525
f 527 1345 1347
f 1348 1346 528
f 527 1347 530
f 531 1348 528
f 530 1347 534
f 535 1348 531
f 534 1347 1349
f 1350 1348 535
f 534 1351 537
f 538 1352 535
f 537 1351 1353
f 1354 1352 538
f 1353 1351 1355
f 1356 1352 1354
f 1353 1355 1357
f 1358 1356 1354
f 1359 1357 540
f 543 1358 1360
f 540 1357 1361
f 1362 1358 543
f 540 1361 1363
f 1364 1362 543
f 540 1363 541
f 542 1364 543
f 541 1363 1365
f 1366 1364 542
f 541 1365 546
f 547 1366 542
f 546 1365 1367
f 1368 1366 547
f 546 1367 550
f 551 1368 547
f 550 1367 554
f 555 1368 551
f 554 1369 557
f 558 1370 555
f 557 1369 1371
f 1372 1370 558
f 557 1371 560
f 563 1372 558
f 557 560 1373
f 1374 563 558
f 560 1371 1375
f 1376 1372 563
f 560 1375 561
f 562 1376 563
f 561 568 565
f 566 569 562
f 568 574 571
f 572 575 569
f 577 1377 579
f 580 1378 578
f 579 1377 582
f 583 1378 580
f 585 1379 594
f 595 1380 586
f 585 594 590
f 591 595 586
f 585 590 587
f 588 591 586
f 594 1379 600
f 601 1380 595
f 600 1379 1381
f 1382 1380 601
f 1381 1379 1383
f 1384 1380 1382
f 1381 1383 604
f 607 1384 1382
f 604 1383 605
f 606 1384 607
f 609 614 611
f 612 615 610
f 617 622 619
f 620 623 618
f 622 1385 625
f 626 1386 623
f 625 1387 630
f 633 1388 626
f 625 630 627
f 628 633 626
f 627 630 1389
f 1390 633 628
f 630 1387 631
f 632 1388 633
f 631 1391 635
f 636 1392 632
f 635 1391 1393
f 1394 1392 636
f 635 1393 638
f 639 1394 636
f 638 1393 642
f 645 1394 639
f 638 642 1395
f 1396 645 639
f 642 1393 1397
f 1398 1394 645
f 642 1397 643
f 644 1398 645
f 643 1397 1399
f 1400 1398 644
f 643 1401 1402
f 1403 1404 644
f 643 1402 647
f 648 1403 644
f 647 1402 650
f 651 1403 648
f 653 1405 655
f 656 1406 654
f 655 1405 658
f 659 1406 656
f 658 1407 661
f 662 1408 659
f 661 1407 1409
f 1410 1408 662
f 661 1409 664
f 665 1410 662
f 664 1409 668
f 669 1410 665
f 668 1409 1411
f 1412 1410 669
f 668 1413 671
f 672 1414 669
f 671 1415 1416
f 1417 1418 672
f 671 1416 673
f 674 1417 672
f 673 1416 1419
f 1420 1417 674
f 1419 1416 676
f 679 1417 1420
f 676 1416 1421
f 1422 1417 679
f 676 1421 677
f 678 1422 679
f 677 684 681
f 682 685 678
f 703 1423 705
f 706 1424 704
f 705 1423 708
f 709 1424 706
f 711 716 713
f 714 717 712
f 716 1425 719
f 720 1426 717
f 719 1425 722
f 723 1426 720
f 722 1427 725
f 726 1428 723
f 725 1427 728
f 729 1428 726
f 728 1429 731
f 732 1430 729
f 731 1431 733
f 734 1432 732
f 733 1433 738
f 739 1434 734
f 733 738 735
f 736 739 734
f 738 1433 742
f 743 1434 739
f 745 1435 749
f 750 1436 746
f 749 1435 752
f 753 1436 750
f 752 1437 755
f 756 1438 753
f 755 1437 758
f 759 1438 756
f 758 1439 761
f 762 1440 759
f 761 1441 763
f 764 1442 762
f 763 1441 1443
f 1444 1442 764
f 763 1443 1445
f 1446 1444 764
f 1445 1443 766
f 769 1444 1446
f 766 1443 1447
f 1448 1444 769
f 766 1447 767
f 768 1448 769
f 767 1447 772
f 773 1448 768
f 775 1449 777
f 778 1450 776
f 777 1449 780
f 781 1450 778
f 780 1449 1451
f 1452 1450 781
f 780 786 783
f 784 787 781
f 786 792 789
f 790 793 787
f 797 1453 802
f 803 1454 798
f 797 802 799
f 800 803 798
f 807 1455 1456
f 1457 1458 808
f 807 1456 809
f 810 1457 808
f 1456 1455 812
f 815 1458 1457
f 812 1455 1459
f 1460 1458 815
f 812 1459 1461
f 1462 1460 815
f 812 1461 813
f 814 1462 815
f 813 1463 820
f 821 1464 814
f 813 820 817
f 818 821 814
f 820 1463 824
f 825 1464 821
f 824 1465 827
f 828 1466 825
f 827 1465 1467
f 1468 1466 828
f 827 1467 830
f 833 1468 828
f 827 830 1469
f 1470 833 828
f 830 1467 831
f 832 1468 833
f 831 1467 1471
f 1472 1468 832
f 831 1473 835
f 836 1474 832
f 835 1473 838
f 839 1474 836
f 838 1475 1476
f 1477 1478 839
f 838 1476 841
f 842 1477 839
f 841 1476 1479
f 1480 1477 842
f 841 1479 844
f 845 1480 842
f 844 1479 848
f 849 1480 845
f 848 1479 1481
f 1482 1480 849
f 848 1481 852
f 853 1482 849
f 852 1483 1484
f 1485 1486 853
f 852 1484 855
f 856 1485 853
f 855 1484 1487
f 1488 1485 856
f 855 1487 858
f 861 1488 856
f 855 858 1489
f 1490 861 856
f 858 1487 864
f 865 1488 861
f 858 864 859
f 860 865 861
f 864 1487 1491
f 1492 1488 865
f 864 1493 867
f 868 1494 865
f 867 1493 870
f 871 1494 868
f 873 1495 875
f 876 1496 874
f 875 1495 1497
f 1498 1496 876
f 875 1497 878
f 879 1498 876
f 881 1499 885
f 886 1500 882
f 887 1501 889
f 890 1502 888
f 889 1501 1503
f 1504 1502 890
f 889 1503 892
f 893 1504 890
f 895 1505 901
f 902 1506 896
f 901 1505 1507
f 1508 1506 902
f 901 1507 904
f 905 1508 902
f 904 1507 1509
f 1510 1508 905
f 904 1509 1511
f 1512 1510 905
f 904 1511 908
f 911 1512 905
f 904 908 1513
f 1514 911 905
f 908 1511 1515
f 1516 1512 911
f 908 1515 909
f 910 1516 911
f 909 1515 1517
f 1518 1516 910
f 909 1519 913
f 914 1520 910
f 913 1519 1521
f 1522 1520 914
f 913 1521 916
f 917 1522 914
f 916 1521 1523
f 1524 1522 917
f 916 1523 920
f 923 1524 917
f 916 920 1525
f 1526 923 917
f 920 1523 1527
f 1528 1524 923
f 920 1527 921
f 922 1528 923
f 921 1527 1529
f 1530 1528 922
f 1529 1527 1531
f 1532 1528 1530
f 1529 1531 926
f 929 1532 1530
f 926 1531 1533
f 1534 1532 929
f 926 1533 927
f 928 1534 929
f 927 1533 1535
f 1536 1534 928
f 927 1535 932
f 933 1536 928
f 932 1535 1537
f 1538 1536 933
f 932 1537 936
f 937 1538 933
f 936 1537 1539
f 1540 1538 937
f 936 1539 940
f 941 1540 937
f 940 1539 944
f 945 1540 941
f 944 1539 1541
f 1542 1540 945
f 944 1541 948
f 949 1542 945
f 948 1543 951
f 952 1544 949
f 951 1545 1546
f 1547 1548 952
f 951 1546 953
f 954 1547 952
f 953 1546 956
f 957 1547 954
f 959 1549 961
f 962 1550 960
f 961 1549 964
f 965 1550 962
f 977 1551 982
f 983 1552 978
f 977 982 979
f 980 983 978
f 982 1551 986
f 987 1552 983
f 986 1551 990
f 991 1552 987
f 990 1553 993
f 994 1554 991
f 993 1555 1556
f 1557 1558 994
f 993 1556 995
f 996 1557 994
f 995 1556 1559
f 1560 1557 996
f 1559 1556 998
f 1001 1557 1560
f 998 1556 1561
f 1562 1557 1001
f 998 1561 999
f 1000 1562 1001
f 999 1561 1004
f 1005 1562 1000
f 1004 1563 1007
f 1008 1564 1005
f 1007 1563 1010
f 1011 1564 1008
f 1010 1565 1013
f 1014 1566 1011
f 1013 1565 1016
f 1017 1566 1014
f 1019 1567 1568
f 1569 1570 1022
f 1019 1568 1571
f 1572 1569 1022
f 1019 1571 1020
f 1021 1572 1022
f 1573 1574 1575
f 1576 1577 1578
f 1573 1575 1579
f 1580 1576 1578
f 1573 1579 1581
f 1582 1580 1578
f 1573 1581 1583
f 1584 1582 1578
f 1585 1583 1586
f 1587 1584 1588
f 1585 1586 1589
f 1590 1587 1588
f 1585 1589 1591
f 1592 1590 1588
f 1585 1591 1593
f 1594 1592 1588
f 1585 1593 1595
f 1596 1594 1588
f 1595 1593 1597
f 1598 1594 1596
f 1595 1597 1599
f 1600 1598 1596
f 1595 1599 1601
f 1602 1600 1596
f 1595 1601 1603
f 1604 1602 1596
f 1605 1603 1606
f 1607 1604 1608
f 1605 1606 1609
f 1610 1607 1608
f 1605 1609 1611
f 1612 1610 1608
f 1605 1611 1613
f 1614 1612 1608
f 1045 1615 1047
f 1048 1616 1046
f 1064 1617 1067
f 1068 1618 1065
f 1067 1619 1069
f 1070 1620 1068
f 1069 1621 1073
f 1074 1622 1070
f 1623 1624 1625
f 1626 1627 1628
f 1623 1625 1629
f 1630 1626 1628
f 1631 1629 1632
f 1633 1630 1634
f 1631 1632 1635
f 1636 1633 1634
f 1637 1635 1638
f 1639 1636 1640
f 1637 1638 1641
f 1642 1639 1640
f 1643 1641 1638
f 1639 1642 1644
f 1643 1638 1645
f 1646 1639 1644
f 1643 1645 1647
f 1648 1646 1644
f 1647 1645 1649
f 1650 1646 1648
f 1651 1086 1085
f 1088 1087 1652
f 1090 1653 1093
f 1094 1654 1091
f 1105 1655 1107
f 1108 1656 1106
f 1114 1123 1117
f 1118 1124 1115
f 1657 1658 1659
f 1660 1661 1662
f 1657 1659 1663
f 1664 1660 1662
f 1665 1663 1666
f 1667 1664 1668
f 1665 1666 1669
f 1670 1667 1668
f 1671 1669 1672
f 1673 1670 1674
f 1671 1672 1675
f 1676 1673 1674
f 1675 1672 1677
f 1678 1673 1676
f 1675 1677 1679
f 1680 1678 1676
f 1675 1679 1681
f 1682 1680 1676
f 1675 1681 1683
f 1684 1682 1676
f 1683 1681 1685
f 1686 1682 1684
f 1683 1685 1687
f 1688 1686 1684
f 1683 1687 1689
f 1690 1688 1684
f 1691 1689 1692
f 1693 1690 1694
f 1695 1692 1696
f 1697 1693 1698
f 1699 1700 1701
f 1702 1703 1704
f 1699 1701 1705
f 1706 1702 1704
f 1699 1705 1707
f 1708 1706 1704
f 1709 1707 1710
f 1711 1708 1712
f 1709 1710 1713
f 1714 1711 1712
f 1709 1713 1715
f 1716 1714 1712
f 1709 1715 1717
f 1718 1716 1712
f 1719 1720 1721
f 1722 1723 1724
f 1719 1721 1725
f 1726 1722 1724
f 1727 1728 1729
f 1730 1731 1732
f 1727 1729 1733
f 1734 1730 1732
f 1727 1733 1735
f 1736 1734 1732
f 1737 1735 1738
f 1739 1736 1740
f 1737 1738 1741
f 1742 1739 1740
f 1743 1741 1738
f 1739 1742 1744
f 1743 1738 1745
f 1746 1739 1744
f 1743 1745 1747
f 1748 1746 1744
f 1749 1745 1750
f 1751 1746 1752
f 1749 1750 1753
f 1754 1751 1752
f 1755 1753 1756
f 1757 1754 1758
f 1755 1756 1759
f 1760 1757 1758
f 1761 1759 1762
f 1763 1760 1764
f 1157 1765 1159
f 1160 1766 1158
f 1172 1767 1175
f 1176 1768 1173
f 1180 1769 1183
f 1184 1770 1181
f 1771 1772 1773
f 1774 1775 1776
f 1771 1773 1777
f 1778 1774 1776
f 1779 1777 1773
f 1774 1778 1780
f 1779 1773 1781
f 1782 1774 1780
f 1199 1204 1201
f 1202 1205 1200
f 1209 1783 1784
f 1785 1786 1210
f 1209 1784 1787
f 1788 1785 1210
f 1209 1787 1211
f 1212 1788 1210
f 1211 1787 1789
f 1790 1788 1212
f 1791 1787 1792
f 1793 1788 1794
f 1791 1792 1214
f 1217 1793 1794
f 1214 1792 1795
f 1796 1793 1217
f 1214 1795 1215
f 1216 1796 1217
f 1215 1795 1220
f 1221 1796 1216
f 1220 1795 1797
f 1798 1796 1221
f 1220 1799 1223
f 1224 1800 1221
f 1223 1801 1802
f 1803 1804 1224
f 1223 1802 1225
f 1226 1803 1224
f 1225 1802 1228
f 1229 1803 1226
f 1228 1802 1805
f 1806 1803 1229
f 1228 1805 1232
f 1235 1806 1229
f 1228 1232 1807
f 1808 1235 1229
f 1232 1805 1809
f 1810 1806 1235
f 1232 1809 1233
f 1234 1810 1235
f 1233 1809 1811
f 1812 1810 1234
f 1233 1813 1814
f 1815 1816 1234
f 1233 1814 1237
f 1238 1815 1234
f 1237 1814 1817
f 1818 1815 1238
f 1237 1817 1819
f 1820 1818 1238
f 1821 1817 1822
f 1823 1818 1824
f 1821 1822 1240
f 1243 1823 1824
f 1240 1822 1825
f 1826 1823 1243
f 1240 1825 1241
f 1242 1826 1243
f 1241 1827 1828
f 1829 1830 1242
f 1241 1828 1245
f 1246 1829 1242
f 1245 1828 1248
f 1249 1829 1246
f 1251 1256 1253
f 1254 1257 1252
f 1259 1831 1264
f 1265 1832 1260
f 1259 1264 1261
f 1262 1265 1260
f 1283 1288 1285
f 1286 1289 1284
f 1288 1833 1291
f 1292 1834 1289
f 1291 1833 1294
f 1295 1834 1292
f 1294 1835 1297
f 1298 1836 1295
f 1297 1835 1300
f 1301 1836 1298
f 1300 1837 1303
f 1304 1838 1301
f 1303 1839 1308
f 1309 1840 1304
f 1303 1308 1305
f 1306 1309 1304
f 1308 1841 1311
f 1312 1842 1309
f 1311 1320 1316
f 1317 1321 1312
f 1311 1316 1313
f 1314 1317 1312
f 1843 1844 1845
f 1846 1847 1848
f 1843 1845 1849
f 1850 1846 1848
f 1849 1845 1851
f 1852 1846 1850
f 1853 1851 1845
f 1846 1852 1854
f 1853 1845 1855
f 1856 1846 1854
f 1857 1855 1858
f 1859 1856 1860
f 1861 1862 1863
f 1864 1865 1866
f 1861 1863 1867
f 1868 1864 1866
f 1861 1867 1869
f 1870 1868 1866
f 1871 1869 1872
f 1873 1870 1874
f 1871 1872 1875
f 1876 1873 1874
f 1877 1875 1872
f 1873 1876 1878
f 1877 1872 1879
f 1880 1873 1878
f 1877 1879 1881
f 1882 1880 1878
f 1883 1879 1884
f 1885 1880 1886
f 1883 1884 1887
f 1888 1885 1886
f 1889 1887 1884
f 1885 1888 1890
f 1889 1884 1891
f 1892 1885 1890
f 1889 1891 1893
f 1894 1892 1890
f 1355 1895 1361
f 1362 1896 1356
f 1355 1361 1357
f 1358 1362 1356
f 1361 1897 1363
f 1364 1898 1362
f 1363 1899 1365
f 1366 1900 1364
f 1901 1902 1903
f 1904 1905 1906
f 1901 1903 1907
f 1908 1904 1906
f 1901 1907 1909
f 1910 1908 1906
f 1901 1909 1911
f 1912 1910 1906
f 1913 1911 1909
f 1910 1912 1914
f 1913 1909 1915
f 1916 1910 1914
f 1913 1915 1917
f 1918 1916 1914
f 1913 1917 1919
f 1920 1918 1914
f 1921 1919 1922
f 1923 1920 1924
f 1921 1922 1925
f 1926 1923 1924
f 1927 1922 1928
f 1929 1923 1930
f 1927 1928 1931
f 1932 1929 1930
f 1927 1931 1933
f 1934 1932 1930
f 1927 1933 1935
f 1936 1934 1930
f 1937 1935 1933
f 1934 1936 1938
f 1937 1933 1939
f 1940 1934 1938
f 1937 1939 1941
f 1942 1940 1938
f 1937 1941 1943
f 1944 1942 1938
f 1393 1945 1397
f 1398 1946 1394
f 1947 1948 1949
f 1950 1951 1952
f 1947 1949 1953
f 1954 1950 1952
f 1947 1953 1955
f 1956 1954 1952
f 1957 1955 1958
f 1959 1956 1960
f 1961 1962 1963
f 1964 1965 1966
f 1961 1963 1967
f 1968 1964 1966
f 1961 1967 1969
f 1970 1968 1966
f 1961 1969 1971
f 1972 1970 1966
f 1971 1969 1973
f 1974 1970 1972
f 1971 1973 1975
f 1976 1974 1972
f 1971 1975 1977
f 1978 1976 1972
f 1979 1977 1975
f 1976 1978 1980
f 1979 1975 1981
f 1982 1976 1980
f 1983 1981 1984
f 1985 1982 1986
f 1987 1988 1989
f 1990 1991 1992
f 1987 1989 1993
f 1994 1990 1992
f 1995 1993 1996
f 1997 1994 1998
f 1995 1996 1999
f 2000 1997 1998
f 1995 1999 2001
f 2002 2000 1998
f 2003 2001 2004
f 2005 2002 2006
f 2003 2004 2007
f 2008 2005 2006
f 2009 2007 2010
f 2011 2008 2012
f 2009 2010 2013
f 2014 2011 2012
f 2015 2013 2016
f 2017 2014 2018
f 2015 2016 2019
f 2020 2017 2018
f 2019 2016 2021
f 2022 2017 2020
f 2019 2021 2023
f 2024 2022 2020
f 2025 2023 2021
f 2022 2024 2026
f 2025 2021 2027
f 2028 2022 2026
f 2029 2027 2030
f 2031 2028 2032
f 2029 2030 2033
f 2034 2031 2032
f 1476 2035 1479
f 1480 2036 1477
f 1484 2037 1487
f 1488 2038 1485
f 2039 2040 2041
f 2042 2043 2044
f 2045 2046 2047
f 2048 2049 2050
f 2045 2047 2051
f 2052 2048 2050
f 2053 2051 2047
f 2048 2052 2054
f 2053 2047 2055
f 2056 2048 2054
f 2055 2047 2057
f 2058 2048 2056
f 2055 2057 2059
f 2060 2058 2056
f 2061 2059 2057
f 2058 2060 2062
f 2061 2057 2063
f 2064 2058 2062
f 2065 2063 2066
f 2067 2064 2068
f 1511 2069 1515
f 1516 2070 1512
f 1521 2071 1523
f 1524 2072 1522
f 1523 2073 1527
f 1528 2074 1524
f 1533 2075 1535
f 1536 2076 1534
f 2077 2078 2079
f 2080 2081 2082
f 2077 2079 2083
f 2084 2080 2082
f 2085 2083 2086
f 2087 2084 2088
f 2085 2086 2089
f 2090 2087 2088
f 2085 2089 2091
f 2092 2090 2088
f 2093 2094 2095
f 2096 2097 2098
f 2093 2095 2099
f 2100 2096 2098
f 2093 2099 2101
f 2102 2100 2098
f 2103 2101 2104
f 2105 2102 2106
f 2103 2104 2107
f 2108 2105 2106
f 2103 2107 2109
f 2110 2108 2106
f 2111 2109 2107
f 2108 2110 2112
f 2111 2107 2113
f 2114 2108 2112
f 2115 2116 2117
f 2118 2119 2120
f 2115 2117 2121
f 2122 2118 2120
f 2115 2121 2123
f 2124 2122 2120
f 2115 2123 1567
f 1570 2124 2120
f 1567 2123 2125
f 2126 2124 1570
f 1567 2125 2127
f 2128 2126 1570
f 1567 2127 1568
f 1569 2128 1570
f 2127 2125 2129
f 2130 2126 2128
f 2127 2129 2131
f 2132 2130 2128
f 2131 2129 2133
f 2134 2130 2132
f 2131 2133 2135
f 2136 2134 2132
f 2131 2135 1574
f 1577 2136 2132
f 1574 2135 1575
f 1576 2136 1577
f 1575 2135 2137
f 2138 2136 1576
f 1581 2139 2140
f 2141 2142 1582
f 1581 2140 1583
f 1584 2141 1582
f 1583 2140 1586
f 1587 2141 1584
f 1586 2140 2143
f 2144 2141 1587
f 1586 2145 1589
f 1590 2146 1587
f 1601 2147 1606
f 1607 2148 1602
f 1601 1606 1603
f 1604 1607 1602
f 1611 2149 2150
f 2151 2152 1612
f 1611 2150 1613
f 1614 2151 1612
f 1613 2150 2153
f 2154 2151 1614
f 2155 2150 2156
f 2157 2151 2158
f 2159 2156 2160
f 2161 2157 2162
f 2163 2160 2164
f 2165 2161 2166
f 2163 2164 2167
f 2168 2165 2166
f 2163 2167 2169
f 2170 2168 2166
f 2171 2169 2172
f 2173 2170 2174
f 2175 2172 2176
f 2177 2173 2178
f 2179 2176 2180
f 2181 2177 2182
f 2183 2184 2185
f 2186 2187 2188
f 2183 2185 1624
f 1627 2186 2188
f 1624 2185 2189
f 2190 2186 1627
f 1624 2189 1625
f 1626 2190 1627
f 1625 2191 1632
f 1633 2192 1626
f 1625 1632 1629
f 1630 1633 1626
f 1632 2193 1635
f 1636 2194 1633
f 1635 2193 1638
f 1639 2194 1636
f 1645 2195 2196
f 2197 2198 1646
f 1645 2196 2199
f 2200 2197 1646
f 1645 2199 1649
f 1650 2200 1646
f 2201 2196 2202
f 2203 2197 2204
f 2201 2202 2205
f 2206 2203 2204
f 2207 2205 2208
f 2209 2206 2210
f 2207 2208 2211
f 2212 2209 2210
f 2213 2211 2214
f 2215 2212 2216
f 2213 2214 2217
f 2218 2215 2216
f 2219 2217 2220
f 2221 2218 2222
f 2219 2220 2223
f 2224 2221 2222
f 2219 2223 2225
f 2226 2224 2222
f 2227 2225 2228
f 2229 2226 2230
f 2227 2228 2231
f 2232 2229 2230
f 2227 2231 2233
f 2234 2232 2230
f 2235 2233 2236
f 2237 2234 2238
f 2235 2236 2239
f 2240 2237 2238
f 2241 2239 2242
f 2243 2240 2244
f 2245 2242 2246
f 2247 2243 2248
f 2245 2246 2249
f 2250 2247 2248
f 2245 2249 2251
f 2252 2250 2248
f 2253 2251 2254
f 2255 2252 2256
f 2253 2254 1658
f 1661 2255 2256
f 1658 2254 2257
f 2258 2255 1661
f 1658 2257 1659
f 1660 2258 1661
f 1659 1666 1663
f 1664 1667 1660
f 1666 1672 1669
f 1670 1673 1667
f 1687 2259 1689
f 1690 2260 1688
f 1689 2259 2261
f 2262 2260 1690
f 1689 2261 1692
f 1693 2262 1690
f 1692 2261 1696
f 1697 2262 1693
f 1696 2261 2263
f 2264 2262 1697
f 1696 2263 2265
f 2266 2264 1697
f 1696 2265 2267
f 2268 2266 1697
f 1696 2267 2269
f 2270 2268 1697
f 2271 2267 1700
f 1703 2268 2272
f 1700 2267 2265
f 2266 2268 1703
f 1700 2265 2273
f 2274 2266 1703
f 1700 2273 1701
f 1702 2274 1703
f 1701 2275 1705
f 1706 2276 1702
f 1705 2277 1710
f 1711 2278 1706
f 1705 1710 1707
f 1708 1711 1706
f 1715 2279 2280
f 2281 2282 1716
f 1715 2280 1717
f 1718 2281 1716
f 1717 2280 2283
f 2284 2281 1718
f 2283 2280 2285
f 2286 2281 2284
f 2287 2280 2279
f 2282 2281 2288
f 2287 2279 1720
f 1723 2282 2288
f 1720 2279 1721
f 1722 2282 1723
f 1721 2289 1725
f 1726 2290 1722
f 1725 2289 2291
f 2292 2290 1726
f 2291 2289 2293
f 2294 2290 2292
f 2291 2293 2295
f 2296 2294 2292
f 2297 2295 2298
f 2299 2296 2300
f 2301 2298 2302
f 2303 2299 2304
f 2301 2302 2305
f 2306 2303 2304
f 2301 2305 2307
f 2308 2306 2304
f 2309 2307 1728
f 1731 2308 2310
f 1728 2307 2311
f 2312 2308 1731
f 1728 2311 1729
f 1730 2312 1731
f 1729 2311 2313
f 2314 2312 1730
f 1729 2315 1733
f 1734 2316 1730
f 1733 2317 1735
f 1736 2318 1734
f 1735 2317 1738
f 1739 2318 1736
f 1738 1750 1745
f 1746 1751 1739
f 1750 2319 1753
f 1754 2320 1751
f 1753 2319 1756
f 1757 2320 1754
f 1756 2321 1762
f 1763 2322 1757
f 1756 1762 1759
f 1760 1763 1757
f 1762 2321 2323
f 2324 2322 1763
f 1762 2323 2325
f 2326 2324 1763
f 2325 2323 2327
f 2328 2324 2326
f 2329 2327 2330
f 2331 2328 2332
f 2329 2330 2333
f 2334 2331 2332
f 2329 2333 2335
f 2336 2334 2332
f 2337 2335 2338
f 2339 2336 2340
f 2337 2338 2341
f 2342 2339 2340
f 2337 2341 2343
f 2344 2342 2340
f 2345 2343 2346
f 2347 2344 2348
f 2345 2346 2349
f 2350 2347 2348
f 2345 2349 2351
f 2352 2350 2348
f 2353 2351 2354
f 2355 2352 2356
f 2353 2354 2357
f 2358 2355 2356
f 2359 2357 2360
f 2361 2358 2362
f 2359 2360 1772
f 1775 2361 2362
f 1772 2360 2363
f 2364 2361 1775
f 1772 2363 1773
f 1774 2364 1775
f 1773 2365 1781
f 1782 2366 1774
f 1781 2365 2367
f 2368 2366 1782
f 2369 2367 2365
f 2366 2368 2370
f 2369 2365 2371
f 2372 2366 2370
f 2373 2371 2374
f 2375 2372 2376
f 2377 2374 2378
f 2379 2375 2380
f 2377 2378 2381
f 2382 2379 2380
f 2377 2381 2383
f 2384 2382 2380
f 1784 2385 1792
f 1793 2386 1785
f 1784 1792 1787
f 1788 1793 1785
f 1792 2387 1795
f 1796 2388 1793
f 1802 2389 1805
f 1806 2390 1803
f 1805 2391 1809
f 1810 2392 1806
f 1814 2393 1822
f 1823 2394 1815
f 1814 1822 1817
f 1818 1823 1815
f 2395 2396 2397
f 2398 2399 2400
f 2395 2397 2401
f 2402 2398 2400
f 2403 2401 2404
f 2405 2402 2406
f 2403 2404 2407
f 2408 2405 2406
f 2403 2407 2409
f 2410 2408 2406
f 2403 2409 2411
f 2412 2410 2406
f 2411 2409 2413
f 2414 2410 2412
f 2411 2413 2415
f 2416 2414 2412
f 2417 2415 2418
f 2419 2416 2420
f 2417 2418 2421
f 2422 2419 2420
f 2417 2421 2423
f 2424 2422 2420
f 2425 2423 2426
f 2427 2424 2428
f 2429 2430 2431
f 2432 2433 2434
f 2429 2431 2435
f 2436 2432 2434
f 2429 2435 2437
f 2438 2436 2434
f 2429 2437 1844
f 1847 2438 2434
f 1844 2437 1845
f 1846 2438 1847
f 1845 2439 1855
f 1856 2440 1846
f 1855 2439 2441
f 2442 2440 1856
f 1855 2441 1858
f 1859 2442 1856
f 1858 2441 2443
f 2444 2442 1859
f 1858 2443 2445
f 2446 2444 1859
f 1858 2445 2447
f 2448 2446 1859
f 2447 2445 2449
f 2450 2446 2448
f 2447 2449 2451
f 2452 2450 2448
f 2453 2451 1862
f 1865 2452 2454
f 1862 2451 2455
f 2456 2452 1865
f 1862 2455 2457
f 2458 2456 1865
f 1862 2457 2459
f 2460 2458 1865
f 1862 2459 1863
f 1864 2460 1865
f 1867 1872 1869
f 1870 1873 1868
f 1872 1884 1879
f 1880 1885 1873
f 1891 2461 1893
f 1894 2462 1892
f 1893 2461 2463
f 2464 2462 1894
f 1893 2463 2465
f 2466 2464 1894
f 2467 2463 2468
f 2469 2464 2470
f 2467 2468 2471
f 2472 2469 2470
f 2473 2471 2474
f 2475 2472 2476
f 2473 2474 2477
f 2478 2475 2476
f 2473 2477 2479
f 2480 2478 2476
f 2481 2479 2482
f 2483 2480 2484
f 2481 2482 2485
f 2486 2483 2484
f 2481 2485 2487
f 2488 2486 2484
f 2489 2487 2490
f 2491 2488 2492
f 2489 2490 2493
f 2494 2491 2492
f 2489 2493 2495
f 2496 2494 2492
f 2497 2495 2498
f 2499 2496 2500
f 2501 2498 2502
f 2503 2499 2504
f 2505 2502 1902
f 1905 2503 2506
f 1902 2502 1903
f 1904 2503 1905
f 1903 2502 2507
f 2508 2503 1904
f 1903 2507 2509
f 2510 2508 1904
f 1917 1928 1919
f 1920 1929 1918
f 1919 1928 1922
f 1923 1929 1920
f 1941 2511 2512
f 2513 2514 1942
f 1941 2512 2515
f 2516 2513 1942
f 1941 2515 1943
f 1944 2516 1942
f 1943 2515 2517
f 2518 2516 1944
f 2519 2515 2520
f 2521 2516 2522
f 2519 2520 2523
f 2524 2521 2522
f 2525 2523 2526
f 2527 2524 2528
f 2525 2526 2529
f 2530 2527 2528
f 2525 2529 1948
f 1951 2530 2528
f 1948 2529 1949
f 1950 2530 1951
f 1949 2529 2531
f 2532 2530 1950
f 1953 2533 1955
f 1956 2534 1954
f 1955 2533 2535
f 2536 2534 1956
f 1955 2535 1958
f 1959 2536 1956
f 1958 2535 2537
f 2538 2536 1959
f 1958 2537 2539
f 2540 2538 1959
f 2541 2537 2542
f 2543 2538 2544
f 2545 2542 2546
f 2547 2543 2548
f 2549 2546 2550
f 2551 2547 2552
f 2553 2550 2554
f 2555 2551 2556
f 2553 2554 2557
f 2558 2555 2556
f 2553 2557 2559
f 2560 2558 2556
f 2553 2559 2561
f 2562 2560 2556
f 2563 2561 1962
f 1965 2562 2564
f 1962 2561 2559
f 2560 2562 1965
f 1962 2559 1963
f 1964 2560 1965
f 1975 2565 1981
f 1982 2566 1976
f 1981 2565 1984
f 1985 2566 1982
f 1984 2565 2567
f 2568 2566 1985
f 1984 2567 2569
f 2570 2568 1985
f 2569 2567 2571
f 2572 2568 2570
f 2569 2571 2573
f 2574 2572 2570
f 2575 2573 2576
f 2577 2574 2578
f 2575 2576 2579
f 2580 2577 2578
f 2581 2579 2582
f 2583 2580 2584
f 2581 2582 2585
f 2586 2583 2584
f 2587 2585 2588
f 2589 2586 2590
f 2587 2588 2591
f 2592 2589 2590
f 2587 2591 2593
f 2594 2592 2590
f 2593 2591 2595
f 2596 2592 2594
f 2593 2595 2597
f 2598 2596 2594
f 2593 2597 2599
f 2600 2598 2594
f 2601 2599 2602
f 2603 2600 2604
f 2601 2602 2605
f 2606 2603 2604
f 2607 2605 2608
f 2609 2606 2610
f 2607 2608 2611
f 2612 2609 2610
f 2607 2611 1988
f 1991 2612 2610
f 1988 2611 1989
f 1990 2612 1991
f 1989 2613 1993
f 1994 2614 1990
f 1993 2613 1996
f 1997 2614 1994
f 1996 2615 1999
f 2000 2616 1997
f 1999 2617 2004
f 2005 2618 2000
f 1999 2004 2001
f 2002 2005 2000
f 2004 2010 2007
f 2008 2011 2005
f 2010 2016 2013
f 2014 2017 2011
f 2021 2619 2027
f 2028 2620 2022
f 2027 2619 2621
f 2622 2620 2028
f 2027 2621 2030
f 2031 2622 2028
f 2030 2621 2623
f 2624 2622 2031
f 2030 2625 2033
f 2034 2626 2031
f 2033 2625 2627
f 2628 2626 2034
f 2033 2627 2629
f 2630 2628 2034
f 2033 2629 2631
f 2632 2630 2034
f 2633 2629 2634
f 2635 2630 2636
f 2637 2634 2638
f 2639 2635 2640
f 2641 2638 2642
f 2643 2639 2644
f 2645 2642 2646
f 2647 2643 2648
f 2645 2646 2649
f 2650 2647 2648
f 2651 2649 2652
f 2653 2650 2654
f 2655 2652 2656
f 2657 2653 2658
f 2659 2656 2660
f 2661 2657 2662
f 2663 2660 2664
f 2665 2661 2666
f 2667 2664 2668
f 2669 2665 2670
f 2671 2668 2672
f 2673 2669 2674
f 2675 2672 2040
f 2043 2673 2676
f 2040 2672 2677
f 2678 2673 2043
f 2040 2677 2041
f 2042 2678 2043
f 2041 2677 2046
f 2049 2678 2042
f 2046 2677 2679
f 2680 2678 2049
f 2046 2679 2047
f 2048 2680 2049
f 2057 2681 2063
f 2064 2682 2058
f 2063 2681 2683
f 2684 2682 2064
f 2063 2683 2066
f 2067 2684 2064
f 2066 2683 2685
f 2686 2684 2067
f 2066 2685 2687
f 2688 2686 2067
f 2689 2685 2690
f 2691 2686 2692
f 2693 2690 2694
f 2695 2691 2696
f 2697 2694 2698
f 2699 2695 2700
f 2701 2702 2703
f 2704 2705 2706
f 2707 2703 2708
f 2709 2704 2710
f 2707 2708 2711
f 2712 2709 2710
f 2713 2711 2714
f 2715 2712 2716
f 2713 2714 2717
f 2718 2715 2716
f 2713 2717 2719
f 2720 2718 2716
f 2721 2719 2722
f 2723 2720 2724
f 2721 2722 2078
f 2081 2723 2724
f 2078 2722 2079
f 2080 2723 2081
f 2079 2086 2083
f 2084 2087 2080
f 2089 2095 2091
f 2092 2096 2090
f 2091 2095 2094
f 2097 2096 2092
f 2099 2104 2101
f 2102 2105 2100
f 2107 2725 2113
f 2114 2726 2108
f 2113 2725 2727
f 2728 2726 2114
f 2727 2725 2729
f 2730 2726 2728
f 2727 2729 2731
f 2732 2730 2728
f 2733 2731 2734
f 2735 2732 2736
f 2733 2734 2737
f 2738 2735 2736
f 2739 2737 2740
f 2741 2738 2742
f 2739 2740 2116
f 2119 2741 2742
f 2116 2740 2117
f 2118 2741 2119
f 2117 2740 2743
f 2744 2741 2118
f 2125 2745 2129
f 2130 2746 2126
f 2129 2747 2133
f 2134 2748 2130
f 2133 2749 2135
f 2136 2750 2134
f 2751 2752 2753
f 2754 2755 2756
f 2751 2753 2757
f 2758 2754 2756
f 2759 2757 2760
f 2761 2758 2762
f 2759 2760 2763
f 2764 2761 2762
f 2759 2763 2765
f 2766 2764 2762
f 2759 2765 2767
f 2768 2766 2762
f 2769 2767 2770
f 2771 2768 2772
f 2769 2770 2773
f 2774 2771 2772
f 2773 2770 2775
f 2776 2771 2774
f 2773 2775 2777
f 2778 2776 2774
f 2779 2777 2775
f 2776 2778 2780
f 2779 2775 2781
f 2782 2776 2780
f 2783 2781 2784
f 2785 2782 2786
f 2783 2784 2787
f 2788 2785 2786
f 2149 2789 2156
f 2157 2790 2152
f 2149 2156 2150
f 2151 2157 2152
f 2156 2789 2160
f 2161 2790 2157
f 2160 2789 2164
f 2165 2790 2161
f 2167 2791 2792
f 2793 2794 2168
f 2167 2792 2169
f 2170 2793 2168
f 2169 2792 2172
f 2173 2793 2170
f 2172 2792 2795
f 2796 2793 2173
f 2172 2795 2176
f 2177 2796 2173
f 2176 2795 2797
f 2798 2796 2177
f 2176 2797 2180
f 2181 2798 2177
f 2180 2797 2799
f 2800 2798 2181
f 2180 2799 2184
f 2187 2800 2181
f 2180 2184 2801
f 2802 2187 2181
f 2184 2799 2803
f 2804 2800 2187
f 2184 2803 2185
f 2186 2804 2187
f 2195 2202 2196
f 2197 2203 2198
f 2202 2805 2208
f 2209 2806 2203
f 2202 2208 2205
f 2206 2209 2203
f 2208 2807 2211
f 2212 2808 2209
f 2211 2807 2214
f 2215 2808 2212
f 2214 2809 2220
f 2221 2810 2215
f 2214 2220 2217
f 2218 2221 2215
f 2220 2811 2223
f 2224 2812 2221
f 2223 2228 2225
f 2226 2229 2224
f 2231 2813 2236
f 2237 2814 2232
f 2231 2236 2233
f 2234 2237 2232
f 2236 2815 2239
f 2240 2816 2237
f 2239 2815 2817
f 2818 2816 2240
f 2239 2817 2242
f 2243 2818 2240
f 2242 2817 2246
f 2247 2818 2243
f 2246 2817 2819
f 2820 2818 2247
f 2246 2821 2249
f 2250 2822 2247
f 2249 2823 2251
f 2252 2824 2250
f 2251 2823 2254
f 2255 2824 2252
f 2825 2826 2827
f 2828 2829 2830
f 2825 2827 2831
f 2832 2828 2830
f 2825 2831 2833
f 2834 2832 2830
f 2825 2833 2835
f 2836 2834 2830
f 2835 2833 2837
f 2838 2834 2836
f 2835 2837 2839
f 2840 2838 2836
f 2835 2839 2841
f 2842 2840 2836
f 2843 2844 2845
f 2846 2847 2848
f 2843 2845 2849
f 2850 2846 2848
f 2849 2845 2851
f 2852 2846 2850
f 2853 2851 2854
f 2855 2852 2856
f 2853 2854 2857
f 2858 2855 2856
f 2293 2302 2295
f 2296 2303 2294
f 2295 2302 2298
f 2299 2303 2296
f 2305 2859 2307
f 2308 2860 2306
f 2307 2859 2311
f 2312 2860 2308
f 2311 2859 2861
f 2862 2860 2312
f 2863 2864 2865
f 2866 2867 2868
f 2863 2865 2869
f 2870 2866 2868
f 2863 2869 2871
f 2872 2870 2868
f 2871 2869 2873
f 2874 2870 2872
f 2871 2873 2875
f 2876 2874 2872
f 2877 2875 2878
f 2879 2876 2880
f 2877 2878 2881
f 2882 2879 2880
f 2323 2883 2884
f 2885 2886 2324
f 2323 2884 2327
f 2328 2885 2324
f 2327 2884 2330
f 2331 2885 2328
f 2330 2884 2887
f 2888 2885 2331
f 2330 2889 2333
f 2334 2890 2331
f 2333 2891 2335
f 2336 2892 2334
f 2335 2891 2338
f 2339 2892 2336
f 2338 2893 2341
f 2342 2894 2339
f 2341 2895 2346
f 2347 2896 2342
f 2341 2346 2343
f 2344 2347 2342
f 2346 2897 2349
f 2350 2898 2347
f 2349 2899 2900
f 2901 2902 2350
f 2349 2900 2351
f 2352 2901 2350
f 2351 2900 2354
f 2355 2901 2352
f 2354 2900 2903
f 2904 2901 2355
f 2354 2905 2360
f 2361 2906 2355
f 2354 2360 2357
f 2358 2361 2355
f 2365 2907 2371
f 2372 2908 2366
f 2371 2907 2378
f 2379 2908 2372
f 2371 2378 2374
f 2375 2379 2372
f 2378 2909 2910
f 2911 2912 2379
f 2378 2910 2381
f 2382 2911 2379
f 2396 2913 2914
f 2915 2916 2399
f 2396 2914 2397
f 2398 2915 2399
f 2397 2404 2401
f 2402 2405 2398
f 2407 2917 2409
f 2410 2918 2408
f 2409 2917 2919
f 2920 2918 2410
f 2413 2921 2415
f 2416 2922 2414
f 2415 2921 2418
f 2419 2922 2416
f 2421 2923 2423
f 2424 2924 2422
f 2423 2923 2426
f 2427 2924 2424
f 2426 2923 2925
f 2926 2924 2427
f 2426 2925 2927
f 2928 2926 2427
f 2929 2925 2930
f 2931 2926 2932
f 2933 2930 2934
f 2935 2931 2936
f 2933 2934 2937
f 2938 2935 2936
f 2933 2937 2939
f 2940 2938 2936
f 2941 2939 2430
f 2433 2940 2942
f 2430 2939 2943
f 2944 2940 2433
f 2430 2943 2431
f 2432 2944 2433
f 2431 2943 2945
f 2946 2944 2432
f 2449 2455 2451
f 2452 2456 2450
f 2455 2947 2457
f 2458 2948 2456
f 2949 2950 2951
f 2952 2953 2954
f 2949 2951 2955
f 2956 2952 2954
f 2957 2468 2463
f 2464 2469 2958
f 2957 2463 2461
f 2462 2464 2958
f 2468 2959 2471
f 2472 2960 2469
f 2471 2959 2474
f 2475 2960 2472
f 2474 2961 2477
f 2478 2962 2475
f 2477 2963 2964
f 2965 2966 2478
f 2477 2964 2479
f 2480 2965 2478
f 2479 2964 2482
f 2483 2965 2480
f 2485 2967 2490
f 2491 2968 2486
f 2485 2490 2487
f 2488 2491 2486
f 2490 2969 2493
f 2494 2970 2491
f 2493 2971 2972
f 2973 2974 2494
f 2493 2972 2495
f 2496 2973 2494
f 2495 2972 2498
f 2499 2973 2496
f 2498 2972 2507
f 2508 2973 2499
f 2498 2507 2502
f 2503 2508 2499
f 2507 2972 2975
f 2976 2973 2508
f 2977 2978 2979
f 2980 2981 2982
f 2977 2979 2983
f 2984 2980 2982
f 2977 2983 2985
f 2986 2984 2982
f 2987 2985 2983
f 2984 2986 2988
f 2987 2983 2989
f 2990 2984 2988
f 2989 2983 2991
f 2992 2984 2990
f 2989 2991 2993
f 2994 2992 2990
f 2995 2993 2991
f 2992 2994 2996
f 2995 2991 2997
f 2998 2992 2996
f 2995 2997 2999
f 3000 2998 2996
f 2995 2999 3001
f 3002 3000 2996
f 2512 3003 2520
f 2521 3004 2513
f 2512 2520 2515
f 2516 2521 2513
f 2520 3005 2526
f 2527 3006 2521
f 2520 2526 2523
f 2524 2527 2521
f 2526 3007 2529
f 2530 3008 2527
f 3009 3010 3011
f 3012 3013 3014
f 3015 3011 3016
f 3017 3012 3018
f 3015 3016 3019
f 3020 3017 3018
f 3021 2535 2533
f 2534 2536 3022
f 2535 3023 2537
f 2538 3024 2536
f 2537 3023 3025
f 3026 3024 2538
f 2537 3025 2542
f 2543 3026 2538
f 2542 3025 2546
f 2547 3026 2543
f 2546 3025 3027
f 3028 3026 2547
f 2546 3027 2550
f 2551 3028 2547
f 2550 3027 2554
f 2555 3028 2551
f 2554 3027 3029
f 3030 3028 2555
f 3031 3032 3033
f 3034 3035 3036
f 3031 3033 3037
f 3038 3034 3036
f 3031 3037 3039
f 3040 3038 3036
f 3031 3039 3041
f 3042 3040 3036
f 3041 3039 3043
f 3044 3040 3042
f 3041 3043 3045
f 3046 3044 3042
f 3041 3045 3047
f 3048 3046 3042
f 3049 3047 3050
f 3051 3048 3052
f 3049 3050 3053
f 3054 3051 3052
f 3055 3053 3056
f 3057 3054 3058
f 3055 3056 3059
f 3060 3057 3058
f 2567 3061 2571
f 2572 3062 2568
f 2571 3063 2573
f 2574 3064 2572
f 2573 3063 2576
f 2577 3064 2574
f 2576 3065 2579
f 2580 3066 2577
f 2579 3065 2582
f 2583 3066 2580
f 2582 3067 2585
f 2586 3068 2583
f 2585 3067 2588
f 2589 3068 2586
f 2591 3069 3070
f 3071 3072 2592
f 2591 3070 2595
f 2596 3071 2592
f 2597 3073 2599
f 2600 3074 2598
f 2599 3073 2602
f 2603 3074 2600
f 2602 3075 2605
f 2606 3076 2603
f 2605 3075 2608
f 2609 3076 2606
f 3077 3078 3079
f 3080 3081 3082
f 3077 3079 3083
f 3084 3080 3082
f 3085 3086 3087
f 3088 3089 3090
f 3085 3087 3091
f 3092 3088 3090
f 3085 3091 3093
f 3094 3092 3090
f 3085 3093 3095
f 3096 3094 3090
f 3085 3095 3097
f 3098 3096 3090
f 3085 3097 3099
f 3100 3098 3090
f 3099 3097 3101
f 3102 3098 3100
f 3099 3101 3103
f 3104 3102 3100
f 3099 3103 3105
f 3106 3104 3100
f 2627 3107 3108
f 3109 3110 2628
f 2627 3108 2629
f 2630 3109 2628
f 2629 3108 2634
f 2635 3109 2630
f 2634 3108 3111
f 3112 3109 2635
f 2634 3111 2638
f 2639 3112 2635
f 2638 3111 3113
f 3114 3112 2639
f 2638 3113 2642
f 2643 3114 2639
f 2642 3113 2646
f 2647 3114 2643
f 2646 3113 3115
f 3116 3114 2647
f 2646 3117 2649
f 2650 3118 2647
f 2649 3117 2652
f 2653 3118 2650
f 2652 3117 3119
f 3120 3118 2653
f 2652 3119 2656
f 2657 3120 2653
f 2656 3119 2660
f 2661 3120 2657
f 2660 3119 3121
f 3122 3120 2661
f 2660 3121 2664
f 2665 3122 2661
f 2664 3121 3123
f 3124 3122 2665
f 2664 3123 2668
f 2669 3124 2665
f 2668 3123 3125
f 3126 3124 2669
f 2668 3125 3127
f 3128 3126 2669
f 2668 3127 2672
f 2673 3128 2669
f 2672 3127 2677
f 2678 3128 2673
f 2677 3127 3129
f 3130 3128 2678
f 2683 3131 3132
f 3133 3134 2684
f 2683 3132 2685
f 2686 3133 2684
f 2685 3132 2690
f 2691 3133 2686
f 2690 3132 3135
f 3136 3133 2691
f 2690 3135 3137
f 3138 3136 2691
f 2690 3137 2694
f 2695 3138 2691
f 2694 3137 3139
f 3140 3138 2695
f 2694 3139 2698
f 2699 3140 2695
f 2698 3139 3141
f 3142 3140 2699
f 2698 3141 3143
f 3144 3142 2699
f 2698 3143 3145
f 3146 3144 2699
f 3147 3143 2702
f 2705 3144 3148
f 2702 3143 3149
f 3150 3144 2705
f 2702 3149 3151
f 3152 3150 2705
f 2702 3151 2703
f 2704 3152 2705
f 2703 3151 2708
f 2709 3152 2704
f 2708 3153 2711
f 2712 3154 2709
f 2711 3153 2714
f 2715 3154 2712
f 2714 3155 2717
f 2718 3156 2715
f 2717 3157 2719
f 2720 3158 2718
f 2719 3157 2722
f 2723 3158 2720
f 3159 3160 3161
f 3162 3163 3164
f 3165 3161 3166
f 3167 3162 3168
f 3165 3166 3169
f 3170 3167 3168
f 3165 3169 3171
f 3172 3170 3168
f 3165 3171 3173
f 3174 3172 3168
f 3175 3173 3171
f 3172 3174 3176
f 3175 3171 3177
f 3178 3172 3176
f 3175 3177 3179
f 3180 3178 3176
f 3179 3177 3181
f 3182 3178 3180
f 3183 3181 3184
f 3185 3182 3186
f 3183 3184 3187
f 3188 3185 3186
f 3183 3187 3189
f 3190 3188 3186
f 2729 3191 2734
f 2735 3192 2730
f 2729 2734 2731
f 2732 2735 2730
f 2734 3193 2737
f 2738 3194 2735
f 2737 3193 2740
f 2741 3194 2738
f 3195 3196 3197
f 3198 3199 3200
f 3195 3197 3201
f 3202 3198 3200
f 3201 3197 3203
f 3204 3198 3202
f 3201 3203 3205
f 3206 3204 3202
f 3207 3205 3208
f 3209 3206 3210
f 3207 3208 2752
f 2755 3209 3210
f 2752 3208 2753
f 2754 3209 2755
f 2753 3208 3211
f 3212 3209 2754
f 2753 3213 2760
f 2761 3214 2754
f 2753 2760 2757
f 2758 2761 2754
f 2765 3215 2767
f 2768 3216 2766
f 2767 3215 2770
f 2771 3216 2768
f 2775 3217 2781
f 2782 3218 2776
f 2781 3217 2784
f 2785 3218 2782
f 2784 3219 3220
f 3221 3222 2785
f 2784 3220 2787
f 2788 3221 2785
f 2787 3220 3223
f 3224 3221 2788
f 3225 3220 3226
f 3227 3221 3228
f 3229 3226 3230
f 3231 3227 3232
f 3229 3230 3233
f 3234 3231 3232
f 3229 3233 3235
f 3236 3234 3232
f 2797 3237 2799
f 2800 3238 2798
f 3239 3240 3241
f 3242 3243 3244
f 3245 3241 3246
f 3247 3242 3248
f 3245 3246 3249
f 3250 3247 3248
f 3245 3249 3251
f 3252 3250 3248
f 3245 3251 3253
f 3254 3252 3248
f 3255 3253 3251
f 3252 3254 3256
f 3255 3251 3257
f 3258 3252 3256
f 3257 3251 3259
f 3260 3252 3258
f 3257 3259 3261
f 3262 3260 3258
f 3263 3261 3259
f 3260 3262 3264
f 3263 3259 3265
f 3266 3260 3264
f 3263 3265 3267
f 3268 3266 3264
f 3269 3270 3271
f 3272 3273 3274
f 3269 3271 3275
f 3276 3272 3274
f 3277 3275 3278
f 3279 3276 3280
f 3277 3278 3281
f 3282 3279 3280
f 3283 3284 3285
f 3286 3287 3288
f 3283 3285 2826
f 2829 3286 3288
f 2826 3285 2827
f 2828 3286 2829
f 2839 3289 2841
f 2842 3290 2840
f 2841 3289 3291
f 3292 3290 2842
f 3291 3289 3293
f 3294 3290 3292
f 3291 3293 3295
f 3296 3294 3292
f 3297 3295 3298
f 3299 3296 3300
f 3301 3298 3302
f 3303 3299 3304
f 3301 3302 2844
f 2847 3303 3304
f 2844 3302 3305
f 3306 3303 2847
f 2844 3305 2845
f 2846 3306 2847
f 2845 2854 2851
f 2852 2855 2846
f 2854 3307 2857
f 2858 3308 2855
f 2857 3307 3309
f 3310 3308 2858
f 2857 3309 3311
f 3312 3310 2858
f 3311 3309 3313
f 3314 3310 3312
f 3311 3313 3315
f 3316 3314 3312
f 3317 3315 3318
f 3319 3316 3320
f 3321 3318 3322
f 3323 3319 3324
f 3321 3322 3325
f 3326 3323 3324
f 3321 3325 3327
f 3328 3326 3324
f 3321 3327 2864
f 2867 3328 3324
f 2864 3327 3329
f 3330 3328 2867
f 2864 3329 2865
f 2866 3330 2867
f 2873 3331 2875
f 2876 3332 2874
f 2875 3331 2878
f 2879 3332 2876
f 2878 3333 2881
f 2882 3334 2879
f 2881 3333 3335
f 3336 3334 2882
f 2881 3335 3337
f 3338 3336 2882
f 3337 3335 3339
f 3340 3336 3338
f 3341 3339 3342
f 3343 3340 3344
f 3345 3346 3347
f 3348 3349 3350
f 3345 3347 3351
f 3352 3348 3350
f 3353 3351 3354
f 3355 3352 3356
f 3353 3354 3357
f 3358 3355 3356
f 3359 3360 2919
f 2920 3361 3362
f 3359 2919 2917
f 2918 2920 3362
f 2919 3360 3363
f 3364 3361 2920
f 2919 3363 3365
f 3366 3364 2920
f 3365 3363 3367
f 3368 3364 3366
f 3369 3367 3370
f 3371 3368 3372
f 3369 3370 3373
f 3374 3371 3372
f 3375 3373 3376
f 3377 3374 3378
f 3375 3376 3379
f 3380 3377 3378
f 3375 3379 3381
f 3382 3380 3378
f 3383 2934 2930
f 2931 2935 3384
f 3383 2930 2925
f 2926 2931 3384
f 3383 2925 2923
f 2924 2926 3384
f 2937 2943 2939
f 2940 2944 2938
f 3385 3386 3387
f 3388 3389 3390
f 3385 3387 3391
f 3392 3388 3390
f 3385 3391 3393
f 3394 3392 3390
f 3393 3391 3395
f 3396 3392 3394
f 3393 3395 3397
f 3398 3396 3394
f 3397 3395 3399
f 3400 3396 3398
f 2950 3401 2951
f 2952 3402 2953
f 2951 3401 3403
f 3404 3402 2952
f 2951 3403 3405
f 3406 3404 2952
f 2951 3405 3407
f 3408 3406 2952
f 3409 3405 3410
f 3411 3406 3412
f 3409 3410 3413
f 3414 3411 3412
f 3409 3413 3415
f 3416 3414 3412
f 3417 3415 3418
f 3419 3416 3420
f 3417 3418 3421
f 3422 3419 3420
f 3423 3421 3424
f 3425 3422 3426
f 3427 3428 2978
f 2981 3429 3430
f 2978 3428 3431
f 3432 3429 2981
f 2978 3431 2979
f 2980 3432 2981
f 2999 3433 3434
f 3435 3436 3000
f 2999 3434 3001
f 3002 3435 3000
f 3001 3434 3437
f 3438 3435 3002
f 3439 3440 3010
f 3013 3441 3442
f 3010 3440 3443
f 3444 3441 3013
f 3010 3443 3445
f 3446 3444 3013
f 3010 3445 3011
f 3012 3446 3013
f 3011 3445 3447
f 3448 3446 3012
f 3011 3447 3016
f 3017 3448 3012
f 3016 3447 3449
f 3450 3448 3017
f 3016 3451 3019
f 3020 3452 3017
f 3019 3451 3453
f 3454 3452 3020
f 3019 3453 3455
f 3456 3454 3020
f 3019 3455 3457
f 3458 3456 3020
f 3025 3459 3027
f 3028 3460 3026
f 3461 3462 3463
f 3464 3465 3466
f 3461 3463 3033
f 3034 3464 3466
f 3461 3033 3032
f 3035 3034 3466
f 3033 3463 3467
f 3468 3464 3034
f 3045 3469 3047
f 3048 3470 3046
f 3047 3469 3050
f 3051 3470 3048
f 3050 3471 3053
f 3054 3472 3051
f 3053 3471 3056
f 3057 3472 3054
f 3056 3473 3059
f 3060 3474 3057
f 3059 3473 3475
f 3476 3474 3060
f 3059 3475 3477
f 3478 3476 3060
f 3479 3475 3480
f 3481 3476 3482
f 3479 3480 3483
f 3484 3481 3482
f 3479 3483 3485
f 3486 3484 3482
f 3487 3488 3489
f 3490 3491 3492
f 3487 3489 3493
f 3494 3490 3492
f 3487 3493 3078
f 3081 3494 3492
f 3078 3493 3495
f 3496 3494 3081
f 3078 3495 3079
f 3080 3496 3081
f 3079 3497 3083
f 3084 3498 3080
f 3083 3497 3499
f 3500 3498 3084
f 3083 3499 3086
f 3089 3500 3084
f 3083 3086 3501
f 3502 3089 3084
f 3086 3499 3087
f 3088 3500 3089
f 3087 3499 3503
f 3504 3500 3088
f 3103 3505 3105
f 3106 3506 3104
f 3105 3505 3507
f 3508 3506 3106
f 3507 3505 3509
f 3510 3506 3508
f 3511 3509 3512
f 3513 3510 3514
f 3108 3515 3111
f 3112 3516 3109
f 3111 3517 3113
f 3114 3518 3112
f 3123 3519 3125
f 3126 3520 3124
f 3125 3521 3127
f 3128 3522 3126
f 3523 3524 3525
f 3526 3527 3528
f 3523 3525 3529
f 3530 3526 3528
f 3531 3529 3525
f 3526 3530 3532
f 3531 3525 3533
f 3534 3526 3532
f 3531 3533 3535
f 3536 3534 3532
f 3535 3533 3537
f 3538 3534 3536
f 3539 3537 3540
f 3541 3538 3542
f 3539 3540 3543
f 3544 3541 3542
f 3137 3545 3139
f 3140 3546 3138
f 3139 3547 3141
f 3142 3548 3140
f 3141 3549 3149
f 3150 3550 3142
f 3141 3149 3143
f 3144 3150 3142
f 3551 3552 3553
f 3554 3555 3556
f 3557 3553 3160
f 3163 3554 3558
f 3160 3553 3559
f 3560 3554 3163
f 3160 3559 3561
f 3562 3560 3163
f 3160 3561 3161
f 3162 3562 3163
f 3161 3561 3563
f 3564 3562 3162
f 3161 3563 3166
f 3167 3564 3162
f 3177 3565 3181
f 3182 3566 3178
f 3181 3565 3184
f 3185 3566 3182
f 3187 3567 3189
f 3190 3568 3188
f 3189 3567 3569
f 3570 3568 3190
f 3189 3569 3571
f 3572 3570 3190
f 3571 3569 3573
f 3574 3570 3572
f 3571 3573 3196
f 3199 3574 3572
f 3196 3573 3197
f 3198 3574 3199
f 3197 3573 3575
f 3576 3574 3198
f 3203 3577 3205
f 3206 3578 3204
f 3205 3577 3208
f 3209 3578 3206
f 3579 3580 3581
f 3582 3583 3584
f 3579 3581 3585
f 3586 3582 3584
f 3579 3585 3587
f 3588 3586 3584
f 3589 3587 3590
f 3591 3588 3592
f 3589 3590 3593
f 3594 3591 3592
f 3595 3593 3590
f 3591 3594 3596
f 3595 3590 3597
f 3598 3591 3596
f 3597 3590 3599
f 3600 3591 3598
f 3597 3599 3601
f 3602 3600 3598
f 3603 3601 3599
f 3600 3602 3604
f 3603 3599 3605
f 3606 3600 3604
f 3219 3607 3220
f 3221 3608 3222
f 3220 3607 3226
f 3227 3608 3221
f 3226 3607 3230
f 3231 3608 3227
f 3230 3607 3609
f 3610 3608 3231
f 3230 3611 3233
f 3234 3612 3231
f 3233 3613 3614
f 3615 3616 3234
f 3233 3614 3235
f 3236 3615 3234
f 3235 3614 3617
f 3618 3615 3236
f 3235 3617 3619
f 3620 3618 3236
f 3621 3617 3622
f 3623 3618 3624
f 3621 3622 3625
f 3626 3623 3624
f 3627 3625 3240
f 3243 3626 3628
f 3240 3625 3629
f 3630 3626 3243
f 3240 3629 3631
f 3632 3630 3243
f 3240 3631 3246
f 3247 3632 3243
f 3240 3246 3241
f 3242 3247 3243
f 3265 3633 3267
f 3268 3634 3266
f 3267 3633 3270
f 3273 3634 3268
f 3267 3270 3635
f 3636 3273 3268
f 3270 3633 3637
f 3638 3634 3273
f 3270 3637 3271
f 3272 3638 3273
f 3271 3639 3640
f 3641 3642 3272
f 3271 3640 3275
f 3276 3641 3272
f 3275 3640 3278
f 3279 3641 3276
f 3278 3640 3643
f 3644 3641 3279
f 3278 3645 3646
f 3647 3648 3279
f 3278 3646 3281
f 3282 3647 3279
f 3281 3646 3649
f 3650 3647 3282
f 3649 3646 3651
f 3652 3647 3650
f 3649 3651 3653
f 3654 3652 3650
f 3649 3653 3655
f 3656 3654 3650
f 3657 3655 3284
f 3287 3656 3658
f 3284 3655 3659
f 3660 3656 3287
f 3284 3659 3661
f 3662 3660 3287
f 3284 3661 3285
f 3286 3662 3287
f 3285 3661 3663
f 3664 3662 3286
f 3665 3666 3667
f 3668 3669 3670
f 3665 3667 3671
f 3672 3668 3670
f 3665 3671 3673
f 3674 3672 3670
f 3675 3673 3671
f 3672 3674 3676
f 3675 3671 3677
f 3678 3672 3676
f 3675 3677 3679
f 3680 3678 3676
f 3679 3677 3681
f 3682 3678 3680
f 3293 3683 3298
f 3299 3684 3294
f 3293 3298 3295
f 3296 3299 3294
f 3298 3683 3302
f 3303 3684 3299
f 3309 3685 3313
f 3314 3686 3310
f 3313 3687 3688
f 3689 3690 3314
f 3313 3688 3315
f 3316 3689 3314
f 3315 3688 3318
f 3319 3689 3316
f 3318 3688 3322
f 3323 3689 3319
f 3691 3692 3693
f 3694 3695 3696
f 3691 3693 3697
f 3698 3694 3696
f 3691 3697 3699
f 3700 3698 3696
f 3335 3701 3339
f 3340 3702 3336
f 3339 3701 3703
f 3704 3702 3340
f 3339 3703 3342
f 3343 3704 3340
f 3342 3703 3705
f 3706 3704 3343
f 3342 3705 3707
f 3708 3706 3343
f 3707 3705 3709
f 3710 3706 3708
f 3707 3709 3711
f 3712 3710 3708
f 3713 3711 3714
f 3715 3712 3716
f 3713 3714 3717
f 3718 3715 3716
f 3713 3717 3719
f 3720 3718 3716
f 3721 3719 3722
f 3723 3720 3724
f 3725 3722 3726
f 3727 3723 3728
f 3725 3726 3346
f 3349 3727 3728
f 3346 3726 3729
f 3730 3727 3349
f 3346 3729 3347
f 3348 3730 3349
f 3347 3731 3351
f 3352 3732 3348
f 3351 3731 3354
f 3355 3732 3352
f 3354 3733 3734
f 3735 3736 3355
f 3354 3734 3357
f 3358 3735 3355
f 3357 3734 3737
f 3738 3735 3358
f 3739 3737 3740
f 3741 3738 3742
f 3739 3740 3743
f 3744 3741 3742
f 3745 3743 3746
f 3747 3744 3748
f 3745 3746 3749
f 3750 3747 3748
f 3745 3749 3751
f 3752 3750 3748
f 3753 3751 3754
f 3755 3752 3756
f 3757 3754 3758
f 3759 3755 3760
f 3757 3758 3761
f 3762 3759 3760
f 3763 3761 3764
f 3765 3762 3766
f 3767 3376 3373
f 3374 3377 3768
f 3767 3373 3370
f 3371 3374 3768
f 3379 3769 3381
f 3382 3770 3380
f 3381 3769 3771
f 3772 3770 3382
f 3771 3769 3773
f 3774 3770 3772
f 3775 3776 3777
f 3778 3779 3780
f 3775 3777 3781
f 3782 3778 3780
f 3781 3777 3783
f 3784 3778 3782
f 3783 3777 3785
f 3786 3778 3784
f 3783 3785 3787
f 3788 3786 3784
f 3783 3787 3789
f 3790 3788 3784
f 3791 3789 3792
f 3793 3790 3794
f 3791 3792 3795
f 3796 3793 3794
f 3795 3792 3797
f 3798 3793 3796
f 3795 3797 3799
f 3800 3798 3796
f 3795 3799 3801
f 3802 3800 3796
f 3801 3799 3803
f 3804 3800 3802
f 3801 3803 3386
f 3389 3804 3802
f 3386 3803 3387
f 3388 3804 3389
f 3391 3805 3395
f 3396 3806 3392
f 3395 3805 3807
f 3808 3806 3396
f 3401 3809 3403
f 3404 3810 3402
f 3403 3811 3410
f 3411 3812 3404
f 3403 3410 3405
f 3406 3411 3404
f 3410 3813 3413
f 3414 3814 3411
f 3413 3815 3418
f 3419 3816 3414
f 3413 3418 3415
f 3416 3419 3414
f 3418 3817 3421
f 3422 3818 3419
f 3421 3817 3819
f 3820 3818 3422
f 3421 3819 3424
f 3425 3820 3422
f 3424 3819 3821
f 3822 3820 3425
f 3424 3821 3823
f 3824 3822 3425
f 3424 3823 3825
f 3826 3824 3425
f 3827 3823 3828
f 3829 3824 3830
f 3827 3828 3428
f 3429 3829 3830
f 3428 3828 3831
f 3832 3829 3429
f 3428 3831 3431
f 3432 3832 3429
f 3833 3834 3835
f 3836 3837 3838
f 3833 3835 3839
f 3840 3836 3838
f 3833 3839 3841
f 3842 3840 3838
f 3841 3839 3843
f 3844 3840 3842
f 3433 3845 3434
f 3435 3846 3436
f 3434 3845 3847
f 3848 3846 3435
f 3847 3845 3440
f 3441 3846 3848
f 3440 3845 3443
f 3444 3846 3441
f 3443 3845 3849
f 3850 3846 3444
f 3443 3851 3445
f 3446 3852 3444
f 3445 3853 3447
f 3448 3854 3446
f 3453 3855 3856
f 3857 3858 3454
f 3453 3856 3462
f 3465 3857 3454
f 3453 3462 3455
f 3456 3465 3454
f 3455 3462 3859
f 3860 3465 3456
f 3462 3856 3463
f 3464 3857 3465
f 3463 3856 3861
f 3862 3857 3464
f 3863 3864 3865
f 3866 3867 3868
f 3863 3865 3869
f 3870 3866 3868
f 3863 3869 3871
f 3872 3870 3868
f 3873 3871 3874
f 3875 3872 3876
f 3873 3874 3877
f 3878 3875 3876
f 3877 3874 3879
f 3880 3875 3878
f 3473 3480 3475
f 3476 3481 3474
f 3483 3881 3485
f 3486 3882 3484
f 3485 3881 3883
f 3884 3882 3486
f 3485 3883 3885
f 3886 3884 3486
f 3488 3883 3489
f 3490 3884 3491
f 3489 3883 3887
f 3888 3884 3490
f 3889 3890 3891
f 3892 3893 3894
f 3895 3896 3897
f 3898 3899 3900
f 3897 3896 3901
f 3902 3899 3898
f 3903 3904 3509
f 3510 3905 3906
f 3903 3509 3505
f 3506 3510 3906
f 3509 3904 3512
f 3513 3905 3510
f 3512 3904 3907
f 3908 3905 3513
f 3512 3907 3909
f 3910 3908 3513
f 3911 3912 3913
f 3914 3915 3916
f 3911 3913 3917
f 3918 3914 3916
f 3919 3917 3920
f 3921 3918 3922
f 3923 3920 3924
f 3925 3921 3926
f 3923 3924 3927
f 3928 3925 3926
f 3923 3927 3929
f 3930 3928 3926
f 3931 3929 3932
f 3933 3930 3934
f 3935 3932 3936
f 3937 3933 3938
f 3935 3936 3524
f 3527 3937 3938
f 3524 3936 3939
f 3940 3937 3527
f 3524 3939 3525
f 3526 3940 3527
f 3533 3540 3537
f 3538 3541 3534
f 3540 3941 3942
f 3943 3944 3541
f 3540 3942 3543
f 3544 3943 3541
f 3543 3942 3945
f 3946 3943 3544
f 3543 3945 3947
f 3948 3946 3544
f 3543 3947 3949
f 3950 3948 3544
f 3949 3947 3951
f 3952 3948 3950
f 3949 3951 3953
f 3954 3952 3950
f 3955 3956 3957
f 3958 3959 3960
f 3955 3957 3961
f 3962 3958 3960
f 3955 3961 3963
f 3964 3962 3960
f 3965 3963 3966
f 3967 3964 3968
f 3965 3966 3969
f 3970 3967 3968
f 3965 3969 3971
f 3972 3970 3968
f 3973 3971 3552
f 3555 3972 3974
f 3552 3971 3975
f 3976 3972 3555
f 3552 3975 3977
f 3978 3976 3555
f 3552 3977 3553
f 3554 3978 3555
f 3553 3977 3559
f 3560 3978 3554
f 3559 3979 3561
f 3562 3980 3560
f 3981 3982 3983
f 3984 3985 3986
f 3981 3983 3987
f 3988 3984 3986
f 3989 3987 3990
f 3991 3988 3992
f 3989 3990 3993
f 3994 3991 3992
f 3989 3993 3995
f 3996 3994 3992
f 3995 3993 3997
f 3998 3994 3996
f 3999 3997 4000
f 4001 3998 4002
f 3999 4000 4003
f 4004 4001 4002
f 3999 4003 4005
f 4006 4004 4002
f 3999 4005 4007
f 4008 4006 4002
f 4009 4007 4010
f 4011 4008 4012
f 4013 3569 3567
f 3568 3570 4014
f 3569 4015 3573
f 3574 4016 3570
f 4017 4018 4019
f 4020 4021 4022
f 4017 4019 4023
f 4024 4020 4022
f 4017 4023 3580
f 3583 4024 4022
f 3580 4023 4025
f 4026 4024 3583
f 3580 4025 3581
f 3582 4026 3583
f 3585 4027 3587
f 3588 4028 3586
f 3587 4027 3590
f 3591 4028 3588
f 3599 4029 3605
f 3606 4030 3600
f 3605 4029 4031
f 4032 4030 3606
f 3605 4031 4033
f 4034 4032 3606
f 4033 4031 4035
f 4036 4032 4034
f 4033 4035 4037
f 4038 4036 4034
f 4039 4037 4040
f 4041 4038 4042
f 4039 4040 4043
f 4044 4041 4042
f 3614 4045 3622
f 3623 4046 3615
f 3614 3622 3617
f 3618 3623 3615
f 3622 4047 3629
f 3630 4048 3623
f 3622 3629 3625
f 3626 3630 3623
f 4049 4050 4051
f 4052 4053 4054
f 4049 4051 4055
f 4056 4052 4054
f 4057 4055 4058
f 4059 4056 4060
f 4058 4055 4061
f 4062 4056 4059
f 4063 4061 4064
f 4065 4062 4066
f 4063 4064 4067
f 4068 4065 4066
f 3653 4069 3659
f 3660 4070 3654
f 3653 3659 3655
f 3656 3660 3654
f 3659 4071 3661
f 3662 4072 3660
f 4073 4074 3666
f 3669 4075 4076
f 3666 4074 4077
f 4078 4075 3669
f 3666 4077 3667
f 3668 4078 3669
f 3677 4079 4080
f 4081 4082 3678
f 3677 4080 3681
f 3682 4081 3678
f 3681 4080 4083
f 4084 4081 3682
f 4083 4080 4085
f 4086 4081 4084
f 4083 4085 4087
f 4088 4086 4084
f 4089 4090 4091
f 4092 4093 4094
f 4089 4091 4095
f 4096 4092 4094
f 4097 4095 4098
f 4099 4096 4100
f 4097 4098 4101
f 4102 4099 4100
f 4097 4101 4103
f 4104 4102 4100
f 4103 4101 4105
f 4106 4102 4104
f 4103 4105 4107
f 4108 4106 4104
f 4103 4107 4109
f 4110 4108 4104
f 4111 4109 4112
f 4113 4110 4114
f 4111 4112 3692
f 3695 4113 4114
f 3692 4112 3693
f 3694 4113 3695
f 3693 4112 4115
f 4116 4113 3694
f 3697 4117 4118
f 4119 4120 3698
f 3697 4118 4121
f 4122 4119 3698
f 3697 4121 4123
f 4124 4122 3698
f 3697 4123 3699
f 3700 4124 3698
f 3709 4125 4126
f 4127 4128 3710
f 3709 4126 3711
f 3712 4127 3710
f 3711 4126 3714
f 3715 4127 3712
f 3717 4129 4130
f 4131 4132 3718
f 3717 4130 3719
f 3720 4131 3718
f 3719 4130 3722
f 3723 4131 3720
f 3722 4130 4133
f 4134 4131 3723
f 3722 4133 3726
f 3727 4134 3723
f 3733 4135 3734
f 3735 4136 3736
f 3734 4137 3737
f 3738 4138 3735
f 3737 4137 3740
f 3741 4138 3738
f 3740 4139 3743
f 3744 4140 3741
f 3743 4139 3746
f 3747 4140 3744
f 3746 4141 3749
f 3750 4142 3747
f 3749 4143 4144
f 4145 4146 3750
f 3749 4144 3751
f 3752 4145 3750
f 3751 4144 3754
f 3755 4145 3752
f 3754 4144 4147
f 4148 4145 3755
f 3754 4147 3758
f 3759 4148 3755
f 3758 4149 3761
f 3762 4150 3759
f 3761 4149 3764
f 3765 4150 3762
f 3764 4149 4151
f 4152 4150 3765
f 3764 4151 4153
f 4154 4152 3765
f 3764 4153 4155
f 4156 4154 3765
f 4157 4153 4158
f 4159 4154 4160
f 4157 4158 4161
f 4162 4159 4160
f 4157 4161 4163
f 4164 4162 4160
f 4165 4166 4167
f 4168 4169 4170
f 4165 4167 4171
f 4172 4168 4170
f 4165 4171 3773
f 3774 4172 4170
f 4165 3773 3769
f 3770 3774 4170
f 4173 4174 3776
f 3779 4175 4176
f 3776 4174 3777
f 3778 4175 3779
f 3777 4174 4177
f 4178 4175 3778
f 3787 3792 3789
f 3790 3793 3788
f 3792 4179 4180
f 4181 4182 3793
f 3792 4180 3797
f 3798 4181 3793
f 3799 4183 3803
f 3804 4184 3800
f 4185 4186 4187
f 4188 4189 4190
f 4191 4187 4192
f 4193 4188 4194
f 4195 4192 4196
f 4197 4193 4198
f 4199 4200 4201
f 4202 4203 4204
f 4199 4201 4205
f 4206 4202 4204
f 4199 4205 4207
f 4208 4206 4204
f 4199 4207 4209
f 4210 4208 4204
f 4211 4209 4207
f 4208 4210 4212
f 4211 4207 4213
f 4214 4208 4212
f 4215 4216 4217
f 4218 4219 4220
f 4215 4217 3835
f 3836 4218 4220
f 4215 3835 3834
f 3837 3836 4220
f 3835 4217 4221
f 4222 4218 3836
f 3839 4223 4224
f 4225 4226 3840
f 3839 4224 4227
f 4228 4225 3840
f 3839 4227 3843
f 3844 4228 3840
f 4229 4224 4230
f 4231 4225 4232
f 4229 4230 4233
f 4234 4231 4232
f 4235 4233 4236
f 4237 4234 4238
f 4239 4236 4240
f 4241 4237 4242
f 4243 4240 3864
f 3867 4241 4244
f 3864 4240 4245
f 4246 4241 3867
f 3864 4245 3865
f 3866 4246 3867
f 3865 4245 4247
f 4248 4246 3866
f 3865 4249 3869
f 3870 4250 3866
f 3869 4251 4252
f 4253 4254 3870
f 3869 4252 3871
f 3872 4253 3870
f 3871 4252 3874
f 3875 4253 3872
f 3874 4255 3879
f 3880 4256 3875
f 3879 4255 4257
f 4258 4256 3880
f 3879 4257 4259
f 4260 4258 3880
f 4259 4257 4261
f 4262 4258 4260
f 4263 4261 4264
f 4265 4262 4266
f 4267 4264 4268
f 4269 4265 4270
f 4267 4268 4271
f 4272 4269 4270
f 4267 4271 4273
f 4274 4272 4270
f 3890 4273 4275
f 4276 4274 3893
f 3890 4275 3891
f 3892 4276 3893
f 4277 4278 3896
f 3899 4279 4280
f 3896 4278 4281
f 4282 4279 3899
f 3896 4281 4283
f 4284 4282 3899
f 3896 4283 3901
f 3902 4284 3899
f 3901 4283 4285
f 4286 4284 3902
f 4285 4283 4287
f 4288 4284 4286
f 4289 3913 4290
f 4291 3914 4292
f 4293 4290 3907
f 3908 4291 4294
f 4293 3907 3904
f 3905 3908 4294
f 3907 4290 3912
f 3915 4291 3908
f 3907 3912 4295
f 4296 3915 3908
f 3912 4290 3913
f 3914 4291 3915
f 3913 4297 3917
f 3918 4298 3914
f 3917 4297 4299
f 4300 4298 3918
f 3917 4299 3920
f 3921 4300 3918
f 3920 4299 3924
f 3925 4300 3921
f 3924 4299 4301
f 4302 4300 3925
f 3924 4303 3927
f 3928 4304 3925
f 3927 4305 4306
f 4307 4308 3928
f 3927 4306 3929
f 3930 4307 3928
f 3929 4306 3932
f 3933 4307 3930
f 3932 4306 3936
f 3937 4307 3933
f 3936 4306 4309
f 4310 4307 3937
f 4311 4312 4313
f 4314 4315 4316
f 4311 4313 4317
f 4318 4314 4316
f 3941 4317 4319
f 4320 4318 3944
f 3941 4319 4321
f 4322 4320 3944
f 3941 4321 3942
f 3943 4322 3944
f 3951 4323 3957
f 3958 4324 3952
f 3951 3957 3956
f 3959 3958 3952
f 3951 3956 3953
f 3954 3959 3952
f 3953 3956 4325
f 4326 3959 3954
f 3957 4327 3961
f 3962 4328 3958
f 3961 4329 3966
f 3967 4330 3962
f 3961 3966 3963
f 3964 3967 3962
f 3969 3975 3971
f 3972 3976 3970
f 4331 4332 3982
f 3985 4333 4334
f 3982 4332 4335
f 4336 4333 3985
f 3982 4335 4337
f 4338 4336 3985
f 3982 4337 3983
f 3984 4338 3985
f 3983 4339 3987
f 3988 4340 3984
f 3987 4339 3990
f 3991 4340 3988
f 3993 4341 3997
f 3998 4342 3994
f 3997 4341 4000
f 4001 4342 3998
f 4005 4343 4007
f 4008 4344 4006
f 4007 4343 4345
f 4346 4344 4008
f 4007 4345 4010
f 4011 4346 4008
f 4010 4345 4018
f 4021 4346 4011
f 4018 4345 4019
f 4020 4346 4021
f 4347 4348 4349
f 4350 4351 4352
f 4347 4349 4353
f 4354 4350 4352
f 4347 4353 4355
f 4356 4354 4352
f 4357 4355 4358
f 4359 4356 4360
f 4357 4358 4361
f 4362 4359 4360
f 4363 4361 4364
f 4365 4362 4366
f 4363 4364 4367
f 4368 4365 4366
f 4031 4369 4035
f 4036 4370 4032
f 4035 4371 4040
f 4041 4372 4036
f 4035 4040 4037
f 4038 4041 4036
f 4040 4373 4043
f 4044 4374 4041
f 4043 4373 4375
f 4376 4374 4044
f 4043 4375 4377
f 4378 4376 4044
f 4043 4377 4379
f 4380 4378 4044
f 4381 4377 4050
f 4053 4378 4382
f 4050 4377 4383
f 4384 4378 4053
f 4050 4383 4051
f 4052 4384 4053
f 4051 4064 4055
f 4056 4065 4052
f 4055 4064 4061
f 4062 4065 4056
f 4064 4385 4386
f 4387 4388 4065
f 4064 4386 4067
f 4068 4387 4065
f 4067 4386 4389
f 4390 4387 4068
f 4389 4386 4391
f 4392 4387 4390
f 4393 4391 4394
f 4395 4392 4396
f 4397 4394 4398
f 4399 4395 4400
f 4401 4398 4074
f 4075 4399 4402
f 4074 4398 4403
f 4404 4399 4075
f 4074 4403 4077
f 4078 4404 4075
f 4077 4403 4405
f 4406 4404 4078
f 4407 4408 4409
f 4410 4411 4412
f 4413 4409 4414
f 4415 4410 4416
f 4413 4414 4417
f 4418 4415 4416
f 4413 4417 4419
f 4420 4418 4416
f 4085 4421 4087
f 4088 4422 4086
f 4087 4421 4090
f 4093 4422 4088
f 4087 4090 4423
f 4424 4093 4088
f 4090 4421 4091
f 4092 4422 4093
f 4091 4421 4425
f 4426 4422 4092
f 4091 4427 4095
f 4096 4428 4092
f 4095 4427 4098
f 4099 4428 4096
f 4107 4429 4109
f 4110 4430 4108
f 4109 4429 4112
f 4113 4430 4110
f 4431 4432 4433
f 4434 4435 4436
f 4437 4433 4438
f 4439 4434 4440
f 4437 4438 4441
f 4442 4439 4440
f 4441 4438 4443
f 4444 4439 4442
f 4441 4443 4445
f 4446 4444 4442
f 4117 4447 4118
f 4119 4448 4120
f 4118 4447 4449
f 4450 4448 4119
f 4118 4449 4451
f 4452 4450 4119
f 4453 4449 4454
f 4455 4450 4456
f 4453 4454 4457
f 4458 4455 4456
f 4453 4457 4459
f 4460 4458 4456
f 4461 4459 4462
f 4463 4460 4464
f 4465 4466 4467
f 4468 4469 4470
f 4465 4467 4471
f 4472 4468 4470
f 4465 4471 4473
f 4474 4472 4470
f 4151 4475 4158
f 4159 4476 4152
f 4151 4158 4153
f 4154 4159 4152
f 4161 4177 4163
f 4164 4178 4162
f 4163 4177 4477
f 4478 4178 4164
f 4477 4177 4479
f 4480 4178 4478
f 4166 4481 4482
f 4483 4484 4169
f 4166 4482 4167
f 4168 4483 4169
f 4174 4482 4177
f 4178 4483 4175
f 4177 4482 4481
f 4484 4483 4178
f 4177 4481 4479
f 4480 4484 4178
f 4485 4486 4487
f 4488 4489 4490
f 4491 4487 4187
f 4188 4488 4492
f 4491 4187 4186
f 4189 4188 4492
f 4491 4186 4493
f 4494 4189 4492
f 4179 4493 4180
f 4181 4494 4182
f 4180 4493 4186
f 4189 4494 4181
f 4180 4186 4495
f 4496 4189 4181
f 4187 4487 4192
f 4193 4488 4188
f 4192 4487 4486
f 4489 4488 4193
f 4192 4486 4196
f 4197 4489 4193
f 4196 4486 4497
f 4498 4489 4197
f 4196 4497 4499
f 4500 4498 4197
f 4196 4499 4501
f 4502 4500 4197
f 4196 4501 4503
f 4504 4502 4197
f 4505 4506 4507
f 4508 4509 4510
f 4511 4507 4512
f 4513 4508 4514
f 4515 4512 4516
f 4517 4513 4518
f 4515 4516 4519
f 4520 4517 4518
f 4515 4519 4200
f 4203 4520 4518
f 4200 4519 4201
f 4202 4520 4203
f 4207 4521 4522
f 4523 4524 4208
f 4207 4522 4213
f 4214 4523 4208
f 4525 4522 4521
f 4524 4523 4526
f 4525 4521 4527
f 4528 4524 4526
f 4529 4527 4530
f 4531 4528 4532
f 4529 4530 4533
f 4534 4531 4532
f 4535 4533 4536
f 4537 4534 4538
f 4539 4536 4540
f 4541 4537 4542
f 4539 4540 4543
f 4544 4541 4542
f 4545 4543 4216
f 4219 4544 4546
f 4216 4543 4217
f 4218 4544 4219
f 4217 4543 4547
f 4548 4544 4218
f 4549 4550 4551
f 4552 4553 4554
f 4549 4551 4555
f 4556 4552 4554
f 4223 4557 4224
f 4225 4558 4226
f 4224 4557 4230
f 4231 4558 4225
f 4230 4557 4559
f 4560 4558 4231
f 4230 4561 4562
f 4563 4564 4231
f 4230 4562 4233
f 4234 4563 4231
f 4233 4562 4236
f 4237 4563 4234
f 4236 4562 4565
f 4566 4563 4237
f 4236 4565 4240
f 4241 4566 4237
f 4240 4565 4245
f 4246 4566 4241
f 4257 4567 4264
f 4265 4568 4258
f 4257 4264 4261
f 4262 4265 4258
f 4264 4567 4268
f 4269 4568 4265
f 4268 4569 4271
f 4272 4570 4269
f 4271 4275 4273
f 4274 4276 4272
f 4571 4572 4573
f 4574 4575 4576
f 4571 4573 4577
f 4578 4574 4576
f 4571 4577 4579
f 4580 4578 4576
f 4581 4579 4582
f 4583 4580 4584
f 4581 4582 4585
f 4586 4583 4584
f 4581 4585 4587
f 4588 4586 4584
f 4283 4589 4287
f 4288 4590 4284
f 4287 4589 4591
f 4592 4590 4288
f 4287 4591 4593
f 4594 4592 4288
f 4593 4591 4595
f 4596 4592 4594
f 4597 4598 4599
f 4600 4601 4602
f 4597 4599 4312
f 4315 4600 4602
f 4312 4599 4603
f 4604 4600 4315
f 4312 4603 4313
f 4314 4604 4315
f 4313 4605 4317
f 4318 4606 4314
f 4317 4605 4607
f 4608 4606 4318
f 4317 4607 4319
f 4320 4608 4318
f 4319 4609 4610
f 4611 4612 4320
f 4319 4610 4321
f 4322 4611 4320
f 4613 4614 4615
f 4616 4617 4618
f 4619 4615 4620
f 4621 4616 4622
f 4619 4620 4623
f 4624 4621 4622
f 4619 4623 4332
f 4333 4624 4622
f 4332 4623 4335
f 4336 4624 4333
f 4335 4623 4625
f 4626 4624 4336
f 4627 4628 4629
f 4630 4631 4632
f 4627 4629 4633
f 4634 4630 4632
f 4627 4633 4635
f 4636 4634 4632
f 4348 4635 4637
f 4638 4636 4351
f 4348 4637 4349
f 4350 4638 4351
f 4349 4637 4639
f 4640 4638 4350
f 4353 4641 4358
f 4359 4642 4354
f 4353 4358 4355
f 4356 4359 4354
f 4358 4643 4364
f 4365 4644 4359
f 4358 4364 4361
f 4362 4365 4359
f 4364 4645 4367
f 4368 4646 4365
f 4367 4645 4647
f 4648 4646 4368
f 4649 4647 4645
f 4646 4648 4650
f 4649 4645 4651
f 4652 4646 4650
f 4649 4651 4653
f 4654 4652 4650
f 4649 4653 4655
f 4656 4654 4650
f 4649 4655 4383
f 4384 4656 4650
f 4649 4383 4657
f 4658 4384 4650
f 4375 4657 4377
f 4378 4658 4376
f 4377 4657 4383
f 4384 4658 4378
f 4408 4659 4414
f 4415 4660 4411
f 4408 4414 4409
f 4410 4415 4411
f 4414 4659 4661
f 4662 4660 4415
f 4417 4663 4419
f 4420 4664 4418
f 4419 4663 4665
f 4666 4664 4420
f 4419 4665 4667
f 4668 4666 4420
f 4669 4667 4665
f 4666 4668 4670
f 4669 4665 4671
f 4672 4666 4670
f 4669 4671 4673
f 4674 4672 4670
f 4669 4673 4675
f 4676 4674 4670
f 4675 4673 4677
f 4678 4674 4676
f 4679 4677 4680
f 4681 4678 4682
f 4683 4680 4432
f 4435 4681 4684
f 4432 4680 4685
f 4686 4681 4435
f 4432 4685 4687
f 4688 4686 4435
f 4432 4687 4689
f 4690 4688 4435
f 4432 4689 4433
f 4434 4690 4435
f 4433 4689 4438
f 4439 4690 4434
f 4438 4689 4691
f 4692 4690 4439
f 4443 4693 4694
f 4695 4696 4444
f 4443 4694 4445
f 4446 4695 4444
f 4445 4694 4697
f 4698 4695 4446
f 4697 4694 4699
f 4700 4695 4698
f 4701 4454 4447
f 4448 4455 4702
f 4447 4454 4449
f 4450 4455 4448
f 4454 4703 4457
f 4458 4704 4455
f 4457 4705 4459
f 4460 4706 4458
f 4459 4705 4462
f 4463 4706 4460
f 4707 4708 4466
f 4469 4709 4710
f 4466 4708 4711
f 4712 4709 4469
f 4466 4711 4467
f 4468 4712 4469
f 4467 4711 4713
f 4714 4712 4468
f 4713 4711 4715
f 4716 4712 4714
f 4717 4715 4718
f 4719 4716 4720
f 4721 4718 4722
f 4723 4719 4724
f 4721 4722 4725
f 4726 4723 4724
f 4727 4725 4728
f 4729 4726 4730
f 4727 4728 4731
f 4732 4729 4730
f 4727 4731 4733
f 4734 4732 4730
f 4499 4735 4736
f 4737 4738 4500
f 4499 4736 4501
f 4502 4737 4500
f 4501 4736 4739
f 4740 4737 4502
f 4501 4739 4741
f 4742 4740 4502
f 4506 4743 4507
f 4508 4744 4509
f 4507 4743 4745
f 4746 4744 4508
f 4507 4745 4512
f 4513 4746 4508
f 4512 4745 4516
f 4517 4746 4513
f 4747 4748 4749
f 4750 4751 4752
f 4747 4749 4753
f 4754 4750 4752
f 4755 4753 4756
f 4757 4754 4758
f 4755 4756 4555
f 4556 4757 4758
f 4759 4530 4527
f 4528 4531 4760
f 4759 4527 4521
f 4524 4528 4760
f 4530 4761 4762
f 4763 4764 4531
f 4530 4762 4533
f 4534 4763 4531
f 4533 4762 4536
f 4537 4763 4534
f 4536 4762 4765
f 4766 4763 4537
f 4536 4765 4540
f 4541 4766 4537
f 4540 4767 4547
f 4548 4768 4541
f 4540 4547 4543
f 4544 4548 4541
f 4547 4767 4551
f 4552 4768 4548
f 4551 4767 4555
f 4556 4768 4552
f 4555 4767 4761
f 4764 4768 4556
f 4769 4770 4771
f 4772 4773 4774
f 4769 4771 4775
f 4776 4772 4774
f 4769 4775 4777
f 4778 4776 4774
f 4779 4775 4780
f 4781 4776 4782
f 4779 4780 4783
f 4784 4781 4782
f 4785 4783 4780
f 4781 4784 4786
f 4785 4780 4787
f 4788 4781 4786
f 4785 4787 4789
f 4790 4788 4786
f 4789 4787 4791
f 4792 4788 4790
f 4793 4791 4787
f 4788 4792 4794
f 4793 4787 4795
f 4796 4788 4794
f 4793 4795 4797
f 4798 4796 4794
f 4793 4797 4799
f 4800 4798 4794
f 4801 4799 4797
f 4798 4800 4802
f 4801 4797 4803
f 4804 4798 4802
f 4801 4803 4805
f 4806 4804 4802
f 4805 4803 4807
f 4808 4804 4806
f 4809 4807 4572
f 4575 4808 4810
f 4572 4807 4573
f 4574 4808 4575
f 4573 4807 4803
f 4804 4808 4574
f 4573 4803 4811
f 4812 4804 4574
f 4577 4582 4579
f 4580 4583 4578
f 4585 4813 4814
f 4815 4816 4586
f 4585 4814 4587
f 4588 4815 4586
f 4817 4814 4818
f 4819 4815 4820
f 4817 4818 4821
f 4822 4819 4820
f 4823 4821 4824
f 4825 4822 4826
f 4823 4824 4827
f 4828 4825 4826
f 4823 4827 4829
f 4830 4828 4826
f 4591 4831 4595
f 4596 4832 4592
f 4595 4831 4833
f 4834 4832 4596
f 4595 4833 4835
f 4836 4834 4596
f 4835 4833 4598
f 4601 4834 4836
f 4598 4833 4837
f 4838 4834 4601
f 4598 4837 4599
f 4600 4838 4601
f 4609 4839 4840
f 4841 4842 4612
f 4609 4840 4610
f 4611 4841 4612
f 4610 4840 4843
f 4844 4841 4611
f 4845 4840 4839
f 4842 4841 4846
f 4845 4839 4614
f 4617 4842 4846
f 4614 4839 4847
f 4848 4842 4617
f 4614 4847 4615
f 4616 4848 4617
f 4615 4847 4620
f 4621 4848 4616
f 4620 4847 4849
f 4850 4848 4621
f 4620 4851 4623
f 4624 4852 4621
f 4853 4854 4855
f 4856 4857 4858
f 4628 4855 4859
f 4860 4856 4631
f 4628 4859 4861
f 4862 4860 4631
f 4628 4861 4629
f 4630 4862 4631
f 4633 4863 4635
f 4636 4864 4634
f 4635 4863 4637
f 4638 4864 4636
f 4673 4685 4677
f 4678 4686 4674
f 4677 4685 4680
f 4681 4686 4678
f 4694 4865 4699
f 4700 4866 4695
f 4699 4865 4867
f 4868 4866 4700
f 4699 4867 4869
f 4870 4868 4700
f 4869 4867 4871
f 4872 4868 4870
f 4869 4871 4873
f 4874 4872 4870
f 4875 4873 4876
f 4877 4874 4878
f 4879 4876 4880
f 4881 4877 4882
f 4879 4880 4883
f 4884 4881 4882
f 4883 4880 4885
f 4886 4881 4884
f 4883 4885 4887
f 4888 4886 4884
f 4711 4889 4715
f 4716 4890 4712
f 4715 4889 4891
f 4892 4890 4716
f 4715 4891 4718
f 4719 4892 4716
f 4718 4891 4893
f 4894 4892 4719
f 4718 4893 4722
f 4723 4894 4719
f 4722 4895 4725
f 4726 4896 4723
f 4725 4895 4728
f 4729 4896 4726
f 4731 4897 4898
f 4899 4900 4732
f 4731 4898 4733
f 4734 4899 4732
f 4736 4901 4739
f 4740 4902 4737
f 4739 4901 4903
f 4904 4902 4740
f 4739 4903 4905
f 4906 4904 4740
f 4905 4903 4907
f 4908 4904 4906
f 4743 4907 4909
f 4910 4908 4744
f 4743 4909 4745
f 4746 4910 4744
f 4909 4907 4911
f 4912 4908 4910
f 4913 4914 4915
f 4916 4917 4918
f 4913 4915 4919
f 4920 4916 4918
f 4913 4919 4748
f 4751 4920 4918
f 4748 4919 4921
f 4922 4920 4751
f 4748 4921 4749
f 4750 4922 4751
f 4749 4756 4753
f 4754 4757 4750
f 4771 4780 4775
f 4776 4781 4772
f 4923 4915 4924
f 4925 4916 4926
f 4923 4924 4927
f 4928 4925 4926
f 4867 4929 4871
f 4872 4930 4868
f 4871 4931 4932
f 4933 4934 4872
f 4871 4932 4873
f 4874 4933 4872
f 4873 4932 4876
f 4877 4933 4874
f 4876 4932 4935
f 4936 4933 4877
f 4876 4935 4880
f 4881 4936 4877
f 4885 4937 4887
f 4888 4938 4886
f 4887 4937 4939
f 4940 4938 4888
f 4887 4939 4941
f 4942 4940 4888
f 4887 4941 4943
f 4944 4942 4888
f 4945 4941 4946
f 4947 4942 4948
f 4949 4946 4950
f 4951 4947 4952
f 4897 4953 4898
f 4899 4954 4900
f 4898 4953 4955
f 4956 4954 4899
f 4955 4953 4957
f 4958 4954 4956
f 4903 4959 4907
f 4908 4960 4904
f 4907 4959 4911
f 4912 4960 4908
f 4911 4959 4957
f 4958 4960 4912
f 4911 4957 4961
f 4962 4958 4912
f 4914 4924 4915
f 4916 4925 4917
f 4924 4963 4927
f 4928 4964 4925
f 4927 4963 4965
f 4966 4964 4928
f 4965 4963 4967
f 4968 4964 4966
f 4969 4970 4971
f 4972 4973 4974
f 4969 4971 4975
f 4976 4972 4974
f 4977 4978 4950
f 4951 4979 4980
f 4977 4950 4946
f 4947 4951 4980
f 4977 4946 4939
f 4940 4947 4980
f 4939 4946 4941
f 4942 4947 4940
f 4950 4978 4975
f 4976 4979 4951
f 4950 4975 4981
f 4982 4976 4951
f 4981 4975 4971
f 4972 4976 4982
f 4983 4971 4970
f 4973 4972 4984
f 4983 4970 4967
f 4968 4973 4984
f 4983 4967 4963
f 4964 4968 4984
f 4975 4978 4985
f 4986 4979 4976
f 4961 4957 4953
f 4954 4958 4962
f 4813 4818 4814
f 4815 4819 4816
f 4818 4987 4821
f 4822 4988 4819
f 4821 4987 4824
f 4825 4988 4822
f 4824 4989 4827
f 4828 4990 4825
f 4827 4991 4992
f 4993 4994 4828
f 4827 4992 4995
f 4996 4993 4828
f 4827 4995 4829
f 4830 4996 4828
f 4992 4991 4997
f 4998 4994 4993
f 4999 5000 5001
f 5002 5003 5004
f 5005 4847 4839
f 4842 4848 5006
f 5007 5001 4854
f 4857 5002 5008
f 4854 5001 5009
f 5010 5002 4857
f 4854 5009 5011
f 5012 5010 4857
f 4854 5011 4855
f 4856 5012 4857
f 4855 5011 4859
f 4860 5012 4856
f 5013 5009 4991
f 4994 5010 5014
f 4991 5009 5000
f 5003 5010 4994
f 4991 5000 4997
f 4998 5003 4994
f 4997 5000 5015
f 5016 5003 4998
f 5000 5009 5001
f 5002 5010 5003
f 4386 5017 5018
f 5019 5020 4387
f 4386 5018 4391
f 4392 5019 4387
f 4391 5018 4394
f 4395 5019 4392
f 4394 5018 5021
f 5022 5019 4395
f 4394 5021 4398
f 4399 5022 4395
f 4398 5021 4403
f 4404 5022 4399
f 4403 5021 5023
f 5024 5022 4404
f 5025 5021 5018
f 5019 5022 5026
f 3887 3883 3881
f 3882 3884 3888
f 3821 3828 3823
f 3824 3829 3822
f 3370 3367 3363
f 3364 3368 3371
f 5027 1079 1077
f 1078 1080 5028
f 590 591 592
f 589 590 592
f 593 596 591
f 590 593 591
f 597 598 596
f 593 597 596
f 594 595 598
f 597 594 598
f 599 602 595
f 594 599 595
f 600 601 602
f 599 600 602
f 1381 1382 601
f 600 1381 601
f 604 607 1382
f 1381 604 1382
f 603 608 607
f 604 603 607
f 611 612 608
f 603 611 608
f 613 616 612
f 611 613 612
f 619 620 616
f 613 619 616
f 621 624 620
f 619 621 620
f 627 628 624
f 621 627 624
f 1389 1390 628
f 627 1389 628
f 630 633 1390
f 1389 630 1390
f 629 634 633
f 630 629 633
f 635 636 634
f 629 635 634
f 637 640 636
f 635 637 636
f 638 639 640
f 637 638 640
f 1395 1396 639
f 638 1395 639
f 642 645 1396
f 1395 642 1396
f 641 646 645
f 642 641 645
f 647 648 646
f 641 647 646
f 649 652 648
f 647 649 648
f 655 656 652
f 649 655 652
f 657 660 656
f 655 657 656
f 661 662 660
f 657 661 660
f 663 666 662
f 661 663 662
f 664 665 666
f 663 664 666
f 667 670 665
f 664 667 665
f 673 674 670
f 667 673 670
f 1419 1420 674
f 673 1419 674
f 676 679 1420
f 1419 676 1420
f 675 680 679
f 676 675 679
f 681 682 680
f 675 681 680
f 683 686 682
f 681 683 682
f 689 690 686
f 683 689 686
f 691 692 690
f 689 691 690
f 695 696 692
f 691 695 692
f 697 698 696
f 695 697 696
f 699 700 698
f 697 699 698
f 705 706 700
f 699 705 700
f 707 710 706
f 705 707 706
f 713 714 710
f 707 713 710
f 715 718 714
f 713 715 714
f 719 720 718
f 715 719 718
f 721 724 720
f 719 721 720
f 725 726 724
f 721 725 724
f 727 730 726
f 725 727 726
f 735 736 730
f 727 735 730
f 737 740 736
f 735 737 736
f 738 739 740
f 737 738 740
f 741 744 739
f 738 741 739
f 747 748 744
f 741 747 744
f 749 750 748
f 747 749 748
f 751 754 750
f 749 751 750
f 755 756 754
f 751 755 754
f 757 760 756
f 755 757 756
f 763 764 760
f 757 763 760
f 1445 1446 764
f 763 1445 764
f 766 769 1446
f 1445 766 1446
f 765 770 769
f 766 765 769
f 767 768 770
f 765 767 770
f 771 774 768
f 767 771 768
f 777 778 774
f 771 777 774
f 779 782 778
f 777 779 778
f 783 784 782
f 779 783 782
f 785 788 784
f 783 785 784
f 789 790 788
f 785 789 788
f 791 794 790
f 789 791 790
f 795 796 794
f 791 795 794
f 799 800 796
f 795 799 796
f 801 804 800
f 799 801 800
f 809 810 804
f 801 809 804
f 1456 1457 810
f 809 1456 810
f 812 815 1457
f 1456 812 1457
f 811 816 815
f 812 811 815
f 817 818 816
f 811 817 816
f 819 822 818
f 817 819 818
f 820 821 822
f 819 820 822
f 823 826 821
f 820 823 821
f 827 828 826
f 823 827 826
f 1469 1470 828
f 827 1469 828
f 830 833 1470
f 1469 830 1470
f 829 834 833
f 830 829 833
f 835 836 834
f 829 835 834
f 837 840 836
f 835 837 836
f 841 842 840
f 837 841 840
f 843 846 842
f 841 843 842
f 844 845 846
f 843 844 846
f 847 850 845
f 844 847 845
f 848 849 850
f 847 848 850
f 851 854 849
f 848 851 849
f 855 856 854
f 851 855 854
f 1489 1490 856
f 855 1489 856
f 858 861 1490
f 1489 858 1490
f 857 862 861
f 858 857 861
f 859 860 862
f 857 859 862
f 863 866 860
f 859 863 860
f 867 868 866
f 863 867 866
f 869 872 868
f 867 869 868
f 875 876 872
f 869 875 872
f 877 880 876
f 875 877 876
f 883 884 880
f 877 883 880
f 889 890 884
f 883 889 884
f 891 894 890
f 889 891 890
f 897 898 894
f 891 897 894
f 899 900 898
f 897 899 898
f 901 902 900
f 899 901 900
f 903 906 902
f 901 903 902
f 904 905 906
f 903 904 906
f 1513 1514 905
f 904 1513 905
f 908 911 1514
f 1513 908 1514
f 907 912 911
f 908 907 911
f 913 914 912
f 907 913 912
f 915 918 914
f 913 915 914
f 916 917 918
f 915 916 918
f 1525 1526 917
f 916 1525 917
f 920 923 1526
f 1525 920 1526
f 919 924 923
f 920 919 923
f 921 922 924
f 919 921 924
f 1529 1530 922
f 921 1529 922
f 926 929 1530
f 1529 926 1530
f 925 930 929
f 926 925 929
f 927 928 930
f 925 927 930
f 931 934 928
f 927 931 928
f 932 933 934
f 931 932 934
f 935 938 933
f 932 935 933
f 936 937 938
f 935 936 938
f 939 942 937
f 936 939 937
f 940 941 942
f 939 940 942
f 943 946 941
f 940 943 941
f 944 945 946
f 943 944 946
f 947 950 945
f 944 947 945
f 953 954 950
f 947 953 950
f 955 958 954
f 953 955 954
f 961 962 958
f 955 961 958
f 963 966 962
f 961 963 962
f 967 968 966
f 963 967 966
f 971 972 968
f 967 971 968
f 973 974 972
f 971 973 972
f 979 980 974
f 973 979 974
f 981 984 980
f 979 981 980
f 982 983 984
f 981 982 984
f 985 988 983
f 982 985 983
f 986 987 988
f 985 986 988
f 989 992 987
f 986 989 987
f 995 996 992
f 989 995 992
f 1559 1560 996
f 995 1559 996
f 998 1001 1560
f 1559 998 1560
f 997 1002 1001
f 998 997 1001
f 999 1000 1002
f 997 999 1002
f 1003 1006 1000
f 999 1003 1000
f 1007 1008 1006
f 1003 1007 1006
f 1009 1012 1008
f 1007 1009 1008
f 1013 1014 1012
f 1009 1013 1012
f 1015 1018 1014
f 1013 1015 1014
f 2 5 1018
f 1015 2 1018
f 1 6 5
f 2 1 5
f 7 8 6
f 1 7 6
f 9 10 8
f 7 9 8
f 11 12 10
f 9 11 10
f 13 14 12
f 11 13 12
f 15 18 14
f 13 15 14
f 23 24 18
f 15 23 18
f 25 28 24
f 23 25 24
f 26 27 28
f 25 26 28
f 29 32 27
f 26 29 27
f 30 31 32
f 29 30 32
f 1031 1032 31
f 30 1031 31
f 34 37 1032
f 1031 34 1032
f 33 38 37
f 34 33 37
f 35 36 38
f 33 35 38
f 39 42 36
f 35 39 36
f 43 44 42
f 39 43 42
f 1041 1042 44
f 43 1041 44
f 46 49 1042
f 1041 46 1042
f 45 50 49
f 46 45 49
f 55 56 50
f 45 55 50
f 57 58 56
f 55 57 56
f 61 62 58
f 57 61 58
f 63 64 62
f 61 63 62
f 65 68 64
f 63 65 64
f 71 72 68
f 65 71 68
f 73 74 72
f 71 73 72
f 77 78 74
f 73 77 74
f 79 82 78
f 77 79 78
f 83 84 82
f 79 83 82
f 85 88 84
f 83 85 84
f 86 87 88
f 85 86 88
f 89 92 87
f 86 89 87
f 90 91 92
f 89 90 92
f 93 96 91
f 90 93 91
f 99 100 96
f 93 99 96
f 1057 1058 100
f 99 1057 100
f 102 105 1058
f 1057 102 1058
f 101 106 105
f 102 101 105
f 107 108 106
f 101 107 106
f 109 112 108
f 107 109 108
f 113 114 112
f 109 113 112
f 115 118 114
f 113 115 114
f 116 117 118
f 115 116 118
f 1071 1072 117
f 116 1071 117
f 120 123 1072
f 1071 120 1072
f 119 124 123
f 120 119 123
f 121 122 124
f 119 121 124
f 125 128 122
f 121 125 122
f 126 127 128
f 125 126 128
f 129 132 127
f 126 129 127
f 135 136 132
f 129 135 132
f 1081 1082 136
f 135 1081 136
f 138 141 1082
f 1081 138 1082
f 137 142 141
f 138 137 141
f 145 146 142
f 137 145 142
f 147 148 146
f 145 147 146
f 153 154 148
f 147 153 148
f 159 160 154
f 153 159 154
f 157 158 160
f 159 157 160
f 155 156 158
f 157 155 158
f 151 152 156
f 155 151 156
f 149 150 152
f 151 149 152
f 143 144 150
f 149 143 150
f 139 140 144
f 143 139 144
f 1079 1080 140
f 139 1079 140
f 5027 5028 1080
f 1079 5027 1080
f 1077 1078 5028
f 5027 1077 5028
f 133 134 1078
f 1077 133 1078
f 130 131 134
f 133 130 134
f 1075 1076 131
f 130 1075 131
f 1073 1074 1076
f 1075 1073 1076
f 1621 1622 1074
f 1073 1621 1074
f 1069 1070 1622
f 1621 1069 1622
f 1619 1620 1070
f 1069 1619 1070
f 1067 1068 1620
f 1619 1067 1620
f 1617 1618 1068
f 1067 1617 1068
f 1064 1065 1618
f 1617 1064 1618
f 1063 1066 1065
f 1064 1063 1065
f 110 111 1066
f 1063 110 1066
f 1061 1062 111
f 110 1061 111
f 103 104 1062
f 1061 103 1062
f 1059 1060 104
f 103 1059 104
f 1054 1055 1060
f 1059 1054 1060
f 1053 1056 1055
f 1054 1053 1055
f 97 98 1056
f 1053 97 1056
f 1051 1052 98
f 97 1051 98
f 94 95 1052
f 1051 94 1052
f 1049 1050 95
f 94 1049 95
f 1047 1048 1050
f 1049 1047 1050
f 1615 1616 1048
f 1047 1615 1048
f 1045 1046 1616
f 1615 1045 1616
f 1043 1044 1046
f 1045 1043 1046
f 80 81 1044
f 1043 80 1044
f 75 76 81
f 80 75 81
f 69 70 76
f 75 69 76
f 66 67 70
f 69 66 70
f 59 60 67
f 66 59 67
f 53 54 60
f 59 53 60
f 51 52 54
f 53 51 54
f 47 48 52
f 51 47 52
f 1039 1040 48
f 47 1039 48
f 40 41 1040
f 1039 40 1040
f 1037 1038 41
f 40 1037 41
f 1035 1036 1038
f 1037 1035 1038
f 1033 1034 1036
f 1035 1033 1036
f 1029 1030 1034
f 1033 1029 1034
f 1027 1028 1030
f 1029 1027 1030
f 21 22 1028
f 1027 21 1028
f 19 20 22
f 21 19 22
f 16 17 20
f 19 16 20
f 1025 1026 17
f 16 1025 17
f 1023 1024 1026
f 1025 1023 1026
f 1020 1021 1024
f 1023 1020 1024
f 1571 1572 1021
f 1020 1571 1021
f 1568 1569 1572
f 1571 1568 1572
f 2127 2128 1569
f 1568 2127 1569
f 2131 2132 2128
f 2127 2131 2128
f 1574 1577 2132
f 2131 1574 2132
f 1573 1578 1577
f 1574 1573 1577
f 1583 1584 1578
f 1573 1583 1578
f 1585 1588 1584
f 1583 1585 1584
f 1595 1596 1588
f 1585 1595 1588
f 1603 1604 1596
f 1595 1603 1596
f 1605 1608 1604
f 1603 1605 1604
f 1613 1614 1608
f 1605 1613 1608
f 2153 2154 1614
f 1613 2153 1614
f 2150 2151 2154
f 2153 2150 2154
f 2155 2158 2151
f 2150 2155 2151
f 2156 2157 2158
f 2155 2156 2158
f 2159 2162 2157
f 2156 2159 2157
f 2160 2161 2162
f 2159 2160 2162
f 2163 2166 2161
f 2160 2163 2161
f 2169 2170 2166
f 2163 2169 2166
f 2171 2174 2170
f 2169 2171 2170
f 2172 2173 2174
f 2171 2172 2174
f 2175 2178 2173
f 2172 2175 2173
f 2176 2177 2178
f 2175 2176 2178
f 2179 2182 2177
f 2176 2179 2177
f 2180 2181 2182
f 2179 2180 2182
f 2801 2802 2181
f 2180 2801 2181
f 2184 2187 2802
f 2801 2184 2802
f 2183 2188 2187
f 2184 2183 2187
f 1624 1627 2188
f 2183 1624 2188
f 1623 1628 1627
f 1624 1623 1627
f 1629 1630 1628
f 1623 1629 1628
f 1631 1634 1630
f 1629 1631 1630
f 1635 1636 1634
f 1631 1635 1634
f 1637 1640 1636
f 1635 1637 1636
f 1641 1642 1640
f 1637 1641 1640
f 1643 1644 1642
f 1641 1643 1642
f 1647 1648 1644
f 1643 1647 1644
f 1649 1650 1648
f 1647 1649 1648
f 2199 2200 1650
f 1649 2199 1650
f 2196 2197 2200
f 2199 2196 2200
f 2201 2204 2197
f 2196 2201 2197
f 2205 2206 2204
f 2201 2205 2204
f 2207 2210 2206
f 2205 2207 2206
f 2211 2212 2210
f 2207 2211 2210
f 2213 2216 2212
f 2211 2213 2212
f 2217 2218 2216
f 2213 2217 2216
f 2219 2222 2218
f 2217 2219 2218
f 2225 2226 2222
f 2219 2225 2222
f 2227 2230 2226
f 2225 2227 2226
f 2233 2234 2230
f 2227 2233 2230
f 2235 2238 2234
f 2233 2235 2234
f 2239 2240 2238
f 2235 2239 2238
f 2241 2244 2240
f 2239 2241 2240
f 2242 2243 2244
f 2241 2242 2244
f 2245 2248 2243
f 2242 2245 2243
f 2251 2252 2248
f 2245 2251 2248
f 2253 2256 2252
f 2251 2253 2252
f 1658 1661 2256
f 2253 1658 2256
f 1657 1662 1661
f 1658 1657 1661
f 1663 1664 1662
f 1657 1663 1662
f 1665 1668 1664
f 1663 1665 1664
f 1669 1670 1668
f 1665 1669 1668
f 1671 1674 1670
f 1669 1671 1670
f 1675 1676 1674
f 1671 1675 1674
f 1683 1684 1676
f 1675 1683 1676
f 1689 1690 1684
f 1683 1689 1684
f 1691 1694 1690
f 1689 1691 1690
f 1692 1693 1694
f 1691 1692 1694
f 1695 1698 1693
f 1692 1695 1693
f 1696 1697 1698
f 1695 1696 1698
f 2269 2270 1697
f 1696 2269 1697
f 2267 2268 2270
f 2269 2267 2270
f 2271 2272 2268
f 2267 2271 2268
f 1700 1703 2272
f 2271 1700 2272
f 1699 1704 1703
f 1700 1699 1703
f 1707 1708 1704
f 1699 1707 1704
f 1709 1712 1708
f 1707 1709 1708
f 1717 1718 1712
f 1709 1717 1712
f 2283 2284 1718
f 1717 2283 1718
f 2285 2286 2284
f 2283 2285 2284
f 2280 2281 2286
f 2285 2280 2286
f 2287 2288 2281
f 2280 2287 2281
f 1720 1723 2288
f 2287 1720 2288
f 1719 1724 1723
f 1720 1719 1723
f 1725 1726 1724
f 1719 1725 1724
f 2291 2292 1726
f 1725 2291 1726
f 2295 2296 2292
f 2291 2295 2292
f 2297 2300 2296
f 2295 2297 2296
f 2298 2299 2300
f 2297 2298 2300
f 2301 2304 2299
f 2298 2301 2299
f 2307 2308 2304
f 2301 2307 2304
f 2309 2310 2308
f 2307 2309 2308
f 1728 1731 2310
f 2309 1728 2310
f 1727 1732 1731
f 1728 1727 1731
f 1735 1736 1732
f 1727 1735 1732
f 1737 1740 1736
f 1735 1737 1736
f 1741 1742 1740
f 1737 1741 1740
f 1743 1744 1742
f 1741 1743 1742
f 1747 1748 1744
f 1743 1747 1744
f 1745 1746 1748
f 1747 1745 1748
f 1749 1752 1746
f 1745 1749 1746
f 1753 1754 1752
f 1749 1753 1752
f 1755 1758 1754
f 1753 1755 1754
f 1759 1760 1758
f 1755 1759 1758
f 1761 1764 1760
f 1759 1761 1760
f 1762 1763 1764
f 1761 1762 1764
f 2325 2326 1763
f 1762 2325 1763
f 2327 2328 2326
f 2325 2327 2326
f 2329 2332 2328
f 2327 2329 2328
f 2335 2336 2332
f 2329 2335 2332
f 2337 2340 2336
f 2335 2337 2336
f 2343 2344 2340
f 2337 2343 2340
f 2345 2348 2344
f 2343 2345 2344
f 2351 2352 2348
f 2345 2351 2348
f 2353 2356 2352
f 2351 2353 2352
f 2357 2358 2356
f 2353 2357 2356
f 2359 2362 2358
f 2357 2359 2358
f 1772 1775 2362
f 2359 1772 2362
f 1771 1776 1775
f 1772 1771 1775
f 1777 1778 1776
f 1771 1777 1776
f 1779 1780 1778
f 1777 1779 1778
f 1781 1782 1780
f 1779 1781 1780
f 2367 2368 1782
f 1781 2367 1782
f 2369 2370 2368
f 2367 2369 2368
f 2371 2372 2370
f 2369 2371 2370
f 2373 2376 2372
f 2371 2373 2372
f 2374 2375 2376
f 2373 2374 2376
f 2377 2380 2375
f 2374 2377 2375
f 2383 2384 2380
f 2377 2383 2380
f 2381 2382 2384
f 2383 2381 2384
f 2910 2911 2382
f 2381 2910 2382
f 2909 2912 2911
f 2910 2909 2911
f 2378 2379 2912
f 2909 2378 2912
f 2907 2908 2379
f 2378 2907 2379
f 2365 2366 2908
f 2907 2365 2908
f 1773 1774 2366
f 2365 1773 2366
f 2363 2364 1774
f 1773 2363 1774
f 2360 2361 2364
f 2363 2360 2364
f 2905 2906 2361
f 2360 2905 2361
f 2354 2355 2906
f 2905 2354 2906
f 2903 2904 2355
f 2354 2903 2355
f 2900 2901 2904
f 2903 2900 2904
f 2899 2902 2901
f 2900 2899 2901
f 2349 2350 2902
f 2899 2349 2902
f 2897 2898 2350
f 2349 2897 2350
f 2346 2347 2898
f 2897 2346 2898
f 2895 2896 2347
f 2346 2895 2347
f 2341 2342 2896
f 2895 2341 2896
f 2893 2894 2342
f 2341 2893 2342
f 2338 2339 2894
f 2893 2338 2894
f 2891 2892 2339
f 2338 2891 2339
f 2333 2334 2892
f 2891 2333 2892
f 2889 2890 2334
f 2333 2889 2334
f 2330 2331 2890
f 2889 2330 2890
f 2887 2888 2331
f 2330 2887 2331
f 2884 2885 2888
f 2887 2884 2888
f 2883 2886 2885
f 2884 2883 2885
f 2323 2324 2886
f 2883 2323 2886
f 2321 2322 2324
f 2323 2321 2324
f 1756 1757 2322
f 2321 1756 2322
f 2319 2320 1757
f 1756 2319 1757
f 1750 1751 2320
f 2319 1750 2320
f 1738 1739 1751
f 1750 1738 1751
f 2317 2318 1739
f 1738 2317 1739
f 1733 1734 2318
f 2317 1733 2318
f 2315 2316 1734
f 1733 2315 1734
f 1729 1730 2316
f 2315 1729 2316
f 2313 2314 1730
f 1729 2313 1730
f 2311 2312 2314
f 2313 2311 2314
f 2861 2862 2312
f 2311 2861 2312
f 2859 2860 2862
f 2861 2859 2862
f 2305 2306 2860
f 2859 2305 2860
f 2302 2303 2306
f 2305 2302 2306
f 2293 2294 2303
f 2302 2293 2303
f 2289 2290 2294
f 2293 2289 2294
f 1721 1722 2290
f 2289 1721 2290
f 2279 2282 1722
f 1721 2279 1722
f 1715 1716 2282
f 2279 1715 2282
f 1713 1714 1716
f 1715 1713 1716
f 1710 1711 1714
f 1713 1710 1714
f 2277 2278 1711
f 1710 2277 1711
f 1705 1706 2278
f 2277 1705 2278
f 2275 2276 1706
f 1705 2275 1706
f 1701 1702 2276
f 2275 1701 2276
f 2273 2274 1702
f 1701 2273 1702
f 2265 2266 2274
f 2273 2265 2274
f 2263 2264 2266
f 2265 2263 2266
f 2261 2262 2264
f 2263 2261 2264
f 2259 2260 2262
f 2261 2259 2262
f 1687 1688 2260
f 2259 1687 2260
f 1685 1686 1688
f 1687 1685 1688
f 1681 1682 1686
f 1685 1681 1686
f 1679 1680 1682
f 1681 1679 1682
f 1677 1678 1680
f 1679 1677 1680
f 1672 1673 1678
f 1677 1672 1678
f 1666 1667 1673
f 1672 1666 1673
f 1659 1660 1667
f 1666 1659 1667
f 2257 2258 1660
f 1659 2257 1660
f 2254 2255 2258
f 2257 2254 2258
f 2823 2824 2255
f 2254 2823 2255
f 2249 2250 2824
f 2823 2249 2824
f 2821 2822 2250
f 2249 2821 2250
f 2246 2247 2822
f 2821 2246 2822
f 2819 2820 2247
f 2246 2819 2247
f 2817 2818 2820
f 2819 2817 2820
f 2815 2816 2818
f 2817 2815 2818
f 2236 2237 2816
f 2815 2236 2816
f 2813 2814 2237
f 2236 2813 2237
f 2231 2232 2814
f 2813 2231 2814
f 2228 2229 2232
f 2231 2228 2232
f 2223 2224 2229
f 2228 2223 2229
f 2811 2812 2224
f 2223 2811 2224
f 2220 2221 2812
f 2811 2220 2812
f 2809 2810 2221
f 2220 2809 2221
f 2214 2215 2810
f 2809 2214 2810
f 2807 2808 2215
f 2214 2807 2215
f 2208 2209 2808
f 2807 2208 2808
f 2805 2806 2209
f 2208 2805 2209
f 2202 2203 2806
f 2805 2202 2806
f 2195 2198 2203
f 2202 2195 2203
f 1645 1646 2198
f 2195 1645 2198
f 1638 1639 1646
f 1645 1638 1646
f 2193 2194 1639
f 1638 2193 1639
f 1632 1633 2194
f 2193 1632 2194
f 2191 2192 1633
f 1632 2191 1633
f 1625 1626 2192
f 2191 1625 2192
f 2189 2190 1626
f 1625 2189 1626
f 2185 2186 2190
f 2189 2185 2190
f 2803 2804 2186
f 2185 2803 2186
f 2799 2800 2804
f 2803 2799 2804
f 3237 3238 2800
f 2799 3237 2800
f 2797 2798 3238
f 3237 2797 3238
f 2795 2796 2798
f 2797 2795 2798
f 2792 2793 2796
f 2795 2792 2796
f 2791 2794 2793
f 2792 2791 2793
f 2167 2168 2794
f 2791 2167 2794
f 2164 2165 2168
f 2167 2164 2168
f 2789 2790 2165
f 2164 2789 2165
f 2149 2152 2790
f 2789 2149 2790
f 1611 1612 2152
f 2149 1611 2152
f 1609 1610 1612
f 1611 1609 1612
f 1606 1607 1610
f 1609 1606 1610
f 2147 2148 1607
f 1606 2147 1607
f 1601 1602 2148
f 2147 1601 2148
f 1599 1600 1602
f 1601 1599 1602
f 1597 1598 1600
f 1599 1597 1600
f 1593 1594 1598
f 1597 1593 1598
f 1591 1592 1594
f 1593 1591 1594
f 1589 1590 1592
f 1591 1589 1592
f 2145 2146 1590
f 1589 2145 1590
f 1586 1587 2146
f 2145 1586 2146
f 2143 2144 1587
f 1586 2143 1587
f 2140 2141 2144
f 2143 2140 2144
f 2139 2142 2141
f 2140 2139 2141
f 1581 1582 2142
f 2139 1581 2142
f 1579 1580 1582
f 1581 1579 1582
f 1575 1576 1580
f 1579 1575 1580
f 2137 2138 1576
f 1575 2137 1576
f 2135 2136 2138
f 2137 2135 2138
f 2749 2750 2136
f 2135 2749 2136
f 2133 2134 2750
f 2749 2133 2750
f 2747 2748 2134
f 2133 2747 2134
f 2129 2130 2748
f 2747 2129 2748
f 2745 2746 2130
f 2129 2745 2130
f 2125 2126 2746
f 2745 2125 2746
f 2123 2124 2126
f 2125 2123 2126
f 2121 2122 2124
f 2123 2121 2124
f 2117 2118 2122
f 2121 2117 2122
f 2743 2744 2118
f 2117 2743 2118
f 2740 2741 2744
f 2743 2740 2744
f 3193 3194 2741
f 2740 3193 2741
f 2734 2735 3194
f 3193 2734 3194
f 3191 3192 2735
f 2734 3191 2735
f 2729 2730 3192
f 3191 2729 3192
f 2725 2726 2730
f 2729 2725 2730
f 2107 2108 2726
f 2725 2107 2726
f 2104 2105 2108
f 2107 2104 2108
f 2099 2100 2105
f 2104 2099 2105
f 2095 2096 2100
f 2099 2095 2100
f 2089 2090 2096
f 2095 2089 2096
f 2086 2087 2090
f 2089 2086 2090
f 2079 2080 2087
f 2086 2079 2087
f 2722 2723 2080
f 2079 2722 2080
f 3157 3158 2723
f 2722 3157 2723
f 2717 2718 3158
f 3157 2717 3158
f 3155 3156 2718
f 2717 3155 2718
f 2714 2715 3156
f 3155 2714 3156
f 3153 3154 2715
f 2714 3153 2715
f 2708 2709 3154
f 3153 2708 3154
f 3151 3152 2709
f 2708 3151 2709
f 3149 3150 3152
f 3151 3149 3152
f 3549 3550 3150
f 3149 3549 3150
f 3141 3142 3550
f 3549 3141 3550
f 3547 3548 3142
f 3141 3547 3142
f 3139 3140 3548
f 3547 3139 3548
f 3545 3546 3140
f 3139 3545 3140
f 3137 3138 3546
f 3545 3137 3546
f 3135 3136 3138
f 3137 3135 3138
f 3132 3133 3136
f 3135 3132 3136
f 3131 3134 3133
f 3132 3131 3133
f 2683 2684 3134
f 3131 2683 3134
f 2681 2682 2684
f 2683 2681 2684
f 2057 2058 2682
f 2681 2057 2682
f 2047 2048 2058
f 2057 2047 2058
f 2679 2680 2048
f 2047 2679 2048
f 2677 2678 2680
f 2679 2677 2680
f 3129 3130 2678
f 2677 3129 2678
f 3127 3128 3130
f 3129 3127 3130
f 3521 3522 3128
f 3127 3521 3128
f 3125 3126 3522
f 3521 3125 3522
f 3519 3520 3126
f 3125 3519 3126
f 3123 3124 3520
f 3519 3123 3520
f 3121 3122 3124
f 3123 3121 3124
f 3119 3120 3122
f 3121 3119 3122
f 3117 3118 3120
f 3119 3117 3120
f 2646 2647 3118
f 3117 2646 3118
f 3115 3116 2647
f 2646 3115 2647
f 3113 3114 3116
f 3115 3113 3116
f 3517 3518 3114
f 3113 3517 3114
f 3111 3112 3518
f 3517 3111 3518
f 3515 3516 3112
f 3111 3515 3112
f 3108 3109 3516
f 3515 3108 3516
f 3107 3110 3109
f 3108 3107 3109
f 2627 2628 3110
f 3107 2627 3110
f 2625 2626 2628
f 2627 2625 2628
f 2030 2031 2626
f 2625 2030 2626
f 2623 2624 2031
f 2030 2623 2031
f 2621 2622 2624
f 2623 2621 2624
f 2619 2620 2622
f 2621 2619 2622
f 2021 2022 2620
f 2619 2021 2620
f 2016 2017 2022
f 2021 2016 2022
f 2010 2011 2017
f 2016 2010 2017
f 2004 2005 2011
f 2010 2004 2011
f 2617 2618 2005
f 2004 2617 2005
f 1999 2000 2618
f 2617 1999 2618
f 2615 2616 2000
f 1999 2615 2000
f 1996 1997 2616
f 2615 1996 2616
f 2613 2614 1997
f 1996 2613 1997
f 1989 1990 2614
f 2613 1989 2614
f 2611 2612 1990
f 1989 2611 1990
f 2608 2609 2612
f 2611 2608 2612
f 3075 3076 2609
f 2608 3075 2609
f 2602 2603 3076
f 3075 2602 3076
f 3073 3074 2603
f 2602 3073 2603
f 2597 2598 3074
f 3073 2597 3074
f 2595 2596 2598
f 2597 2595 2598
f 3070 3071 2596
f 2595 3070 2596
f 3069 3072 3071
f 3070 3069 3071
f 2591 2592 3072
f 3069 2591 3072
f 2588 2589 2592
f 2591 2588 2592
f 3067 3068 2589
f 2588 3067 2589
f 2582 2583 3068
f 3067 2582 3068
f 3065 3066 2583
f 2582 3065 2583
f 2576 2577 3066
f 3065 2576 3066
f 3063 3064 2577
f 2576 3063 2577
f 2571 2572 3064
f 3063 2571 3064
f 3061 3062 2572
f 2571 3061 2572
f 2567 2568 3062
f 3061 2567 3062
f 2565 2566 2568
f 2567 2565 2568
f 1975 1976 2566
f 2565 1975 2566
f 1973 1974 1976
f 1975 1973 1976
f 1969 1970 1974
f 1973 1969 1974
f 1967 1968 1970
f 1969 1967 1970
f 1963 1964 1968
f 1967 1963 1968
f 2559 2560 1964
f 1963 2559 1964
f 2557 2558 2560
f 2559 2557 2560
f 2554 2555 2558
f 2557 2554 2558
f 3029 3030 2555
f 2554 3029 2555
f 3027 3028 3030
f 3029 3027 3030
f 3459 3460 3028
f 3027 3459 3028
f 3025 3026 3460
f 3459 3025 3460
f 3023 3024 3026
f 3025 3023 3026
f 2535 2536 3024
f 3023 2535 3024
f 3021 3022 2536
f 2535 3021 2536
f 2533 2534 3022
f 3021 2533 3022
f 1953 1954 2534
f 2533 1953 2534
f 1949 1950 1954
f 1953 1949 1954
f 2531 2532 1950
f 1949 2531 1950
f 2529 2530 2532
f 2531 2529 2532
f 3007 3008 2530
f 2529 3007 2530
f 2526 2527 3008
f 3007 2526 3008
f 3005 3006 2527
f 2526 3005 2527
f 2520 2521 3006
f 3005 2520 3006
f 3003 3004 2521
f 2520 3003 2521
f 2512 2513 3004
f 3003 2512 3004
f 2511 2514 2513
f 2512 2511 2513
f 1941 1942 2514
f 2511 1941 2514
f 1939 1940 1942
f 1941 1939 1942
f 1933 1934 1940
f 1939 1933 1940
f 1931 1932 1934
f 1933 1931 1934
f 1928 1929 1932
f 1931 1928 1932
f 1917 1918 1929
f 1928 1917 1929
f 1915 1916 1918
f 1917 1915 1918
f 1909 1910 1916
f 1915 1909 1916
f 1907 1908 1910
f 1909 1907 1910
f 1903 1904 1908
f 1907 1903 1908
f 2509 2510 1904
f 1903 2509 1904
f 2507 2508 2510
f 2509 2507 2510
f 2975 2976 2508
f 2507 2975 2508
f 2972 2973 2976
f 2975 2972 2976
f 2971 2974 2973
f 2972 2971 2973
f 2493 2494 2974
f 2971 2493 2974
f 2969 2970 2494
f 2493 2969 2494
f 2490 2491 2970
f 2969 2490 2970
f 2967 2968 2491
f 2490 2967 2491
f 2485 2486 2968
f 2967 2485 2968
f 2482 2483 2486
f 2485 2482 2486
f 2964 2965 2483
f 2482 2964 2483
f 2963 2966 2965
f 2964 2963 2965
f 2477 2478 2966
f 2963 2477 2966
f 2961 2962 2478
f 2477 2961 2478
f 2474 2475 2962
f 2961 2474 2962
f 2959 2960 2475
f 2474 2959 2475
f 2468 2469 2960
f 2959 2468 2960
f 2957 2958 2469
f 2468 2957 2469
f 2461 2462 2958
f 2957 2461 2958
f 1891 1892 2462
f 2461 1891 2462
f 1884 1885 1892
f 1891 1884 1892
f 1872 1873 1885
f 1884 1872 1885
f 1867 1868 1873
f 1872 1867 1873
f 1863 1864 1868
f 1867 1863 1868
f 2459 2460 1864
f 1863 2459 1864
f 2457 2458 2460
f 2459 2457 2460
f 2947 2948 2458
f 2457 2947 2458
f 2455 2456 2948
f 2947 2455 2948
f 2449 2450 2456
f 2455 2449 2456
f 2445 2446 2450
f 2449 2445 2450
f 2443 2444 2446
f 2445 2443 2446
f 2441 2442 2444
f 2443 2441 2444
f 2439 2440 2442
f 2441 2439 2442
f 1845 1846 2440
f 2439 1845 2440
f 2437 2438 1846
f 1845 2437 1846
f 2435 2436 2438
f 2437 2435 2438
f 2431 2432 2436
f 2435 2431 2436
f 2945 2946 2432
f 2431 2945 2432
f 2943 2944 2946
f 2945 2943 2946
f 2937 2938 2944
f 2943 2937 2944
f 2934 2935 2938
f 2937 2934 2938
f 3383 3384 2935
f 2934 3383 2935
f 2923 2924 3384
f 3383 2923 3384
f 2421 2422 2924
f 2923 2421 2924
f 2418 2419 2422
f 2421 2418 2422
f 2921 2922 2419
f 2418 2921 2419
f 2413 2414 2922
f 2921 2413 2922
f 2409 2410 2414
f 2413 2409 2414
f 2919 2920 2410
f 2409 2919 2410
f 3365 3366 2920
f 2919 3365 2920
f 3367 3368 3366
f 3365 3367 3366
f 3369 3372 3368
f 3367 3369 3368
f 3373 3374 3372
f 3369 3373 3372
f 3375 3378 3374
f 3373 3375 3374
f 3381 3382 3378
f 3375 3381 3378
f 3771 3772 3382
f 3381 3771 3382
f 3773 3774 3772
f 3771 3773 3772
f 4171 4172 3774
f 3773 4171 3774
f 4167 4168 4172
f 4171 4167 4172
f 4482 4483 4168
f 4167 4482 4168
f 4174 4175 4483
f 4482 4174 4483
f 4173 4176 4175
f 4174 4173 4175
f 3776 3779 4176
f 4173 3776 4176
f 3775 3780 3779
f 3776 3775 3779
f 3781 3782 3780
f 3775 3781 3780
f 3783 3784 3782
f 3781 3783 3782
f 3789 3790 3784
f 3783 3789 3784
f 3791 3794 3790
f 3789 3791 3790
f 3795 3796 3794
f 3791 3795 3794
f 3801 3802 3796
f 3795 3801 3796
f 3386 3389 3802
f 3801 3386 3802
f 3385 3390 3389
f 3386 3385 3389
f 3393 3394 3390
f 3385 3393 3390
f 3397 3398 3394
f 3393 3397 3394
f 3399 3400 3398
f 3397 3399 3398
f 3395 3396 3400
f 3399 3395 3400
f 3807 3808 3396
f 3395 3807 3396
f 3805 3806 3808
f 3807 3805 3808
f 3391 3392 3806
f 3805 3391 3806
f 3387 3388 3392
f 3391 3387 3392
f 3803 3804 3388
f 3387 3803 3388
f 4183 4184 3804
f 3803 4183 3804
f 3799 3800 4184
f 4183 3799 4184
f 3797 3798 3800
f 3799 3797 3800
f 4180 4181 3798
f 3797 4180 3798
f 4495 4496 4181
f 4180 4495 4181
f 4186 4189 4496
f 4495 4186 4496
f 4185 4190 4189
f 4186 4185 4189
f 4187 4188 4190
f 4185 4187 4190
f 4191 4194 4188
f 4187 4191 4188
f 4192 4193 4194
f 4191 4192 4194
f 4195 4198 4193
f 4192 4195 4193
f 4196 4197 4198
f 4195 4196 4198
f 4503 4504 4197
f 4196 4503 4197
f 4501 4502 4504
f 4503 4501 4504
f 4741 4742 4502
f 4501 4741 4502
f 4739 4740 4742
f 4741 4739 4742
f 4905 4906 4740
f 4739 4905 4740
f 4907 4908 4906
f 4905 4907 4906
f 4743 4744 4908
f 4907 4743 4908
f 4506 4509 4744
f 4743 4506 4744
f 4505 4510 4509
f 4506 4505 4509
f 4507 4508 4510
f 4505 4507 4510
f 4511 4514 4508
f 4507 4511 4508
f 4512 4513 4514
f 4511 4512 4514
f 4515 4518 4513
f 4512 4515 4513
f 4200 4203 4518
f 4515 4200 4518
f 4199 4204 4203
f 4200 4199 4203
f 4209 4210 4204
f 4199 4209 4204
f 4211 4212 4210
f 4209 4211 4210
f 4213 4214 4212
f 4211 4213 4212
f 4522 4523 4214
f 4213 4522 4214
f 4525 4526 4523
f 4522 4525 4523
f 4527 4528 4526
f 4525 4527 4526
f 4529 4532 4528
f 4527 4529 4528
f 4533 4534 4532
f 4529 4533 4532
f 4535 4538 4534
f 4533 4535 4534
f 4536 4537 4538
f 4535 4536 4538
f 4539 4542 4537
f 4536 4539 4537
f 4543 4544 4542
f 4539 4543 4542
f 4545 4546 4544
f 4543 4545 4544
f 4216 4219 4546
f 4545 4216 4546
f 4215 4220 4219
f 4216 4215 4219
f 3834 3837 4220
f 4215 3834 4220
f 3833 3838 3837
f 3834 3833 3837
f 3841 3842 3838
f 3833 3841 3838
f 3843 3844 3842
f 3841 3843 3842
f 4227 4228 3844
f 3843 4227 3844
f 4224 4225 4228
f 4227 4224 4228
f 4229 4232 4225
f 4224 4229 4225
f 4233 4234 4232
f 4229 4233 4232
f 4235 4238 4234
f 4233 4235 4234
f 4236 4237 4238
f 4235 4236 4238
f 4239 4242 4237
f 4236 4239 4237
f 4240 4241 4242
f 4239 4240 4242
f 4243 4244 4241
f 4240 4243 4241
f 3864 3867 4244
f 4243 3864 4244
f 3863 3868 3867
f 3864 3863 3867
f 3871 3872 3868
f 3863 3871 3868
f 3873 3876 3872
f 3871 3873 3872
f 3877 3878 3876
f 3873 3877 3876
f 3879 3880 3878
f 3877 3879 3878
f 4259 4260 3880
f 3879 4259 3880
f 4261 4262 4260
f 4259 4261 4260
f 4263 4266 4262
f 4261 4263 4262
f 4264 4265 4266
f 4263 4264 4266
f 4267 4270 4265
f 4264 4267 4265
f 4273 4274 4270
f 4267 4273 4270
f 3890 3893 4274
f 4273 3890 4274
f 3889 3894 3893
f 3890 3889 3893
f 3891 3892 3894
f 3889 3891 3894
f 4275 4276 3892
f 3891 4275 3892
f 4271 4272 4276
f 4275 4271 4276
f 4569 4570 4272
f 4271 4569 4272
f 4268 4269 4570
f 4569 4268 4570
f 4567 4568 4269
f 4268 4567 4269
f 4257 4258 4568
f 4567 4257 4568
f 4255 4256 4258
f 4257 4255 4258
f 3874 3875 4256
f 4255 3874 4256
f 4252 4253 3875
f 3874 4252 3875
f 4251 4254 4253
f 4252 4251 4253
f 3869 3870 4254
f 4251 3869 4254
f 4249 4250 3870
f 3869 4249 3870
f 3865 3866 4250
f 4249 3865 4250
f 4247 4248 3866
f 3865 4247 3866
f 4245 4246 4248
f 4247 4245 4248
f 4565 4566 4246
f 4245 4565 4246
f 4562 4563 4566
f 4565 4562 4566
f 4561 4564 4563
f 4562 4561 4563
f 4230 4231 4564
f 4561 4230 4564
f 4559 4560 4231
f 4230 4559 4231
f 4557 4558 4560
f 4559 4557 4560
f 4223 4226 4558
f 4557 4223 4558
f 3839 3840 4226
f 4223 3839 4226
f 3835 3836 3840
f 3839 3835 3840
f 4221 4222 3836
f 3835 4221 3836
f 4217 4218 4222
f 4221 4217 4222
f 4547 4548 4218
f 4217 4547 4218
f 4551 4552 4548
f 4547 4551 4548
f 4550 4553 4552
f 4551 4550 4552
f 4549 4554 4553
f 4550 4549 4553
f 4555 4556 4554
f 4549 4555 4554
f 4756 4757 4556
f 4555 4756 4556
f 4749 4750 4757
f 4756 4749 4757
f 4921 4922 4750
f 4749 4921 4750
f 4919 4920 4922
f 4921 4919 4922
f 4915 4916 4920
f 4919 4915 4920
f 4923 4926 4916
f 4915 4923 4916
f 4927 4928 4926
f 4923 4927 4926
f 4965 4966 4928
f 4927 4965 4928
f 4967 4968 4966
f 4965 4967 4966
f 4970 4973 4968
f 4967 4970 4968
f 4969 4974 4973
f 4970 4969 4973
f 4975 4976 4974
f 4969 4975 4974
f 4985 4986 4976
f 4975 4985 4976
f 4978 4979 4986
f 4985 4978 4986
f 4977 4980 4979
f 4978 4977 4979
f 4939 4940 4980
f 4977 4939 4980
f 4937 4938 4940
f 4939 4937 4940
f 4885 4886 4938
f 4937 4885 4938
f 4880 4881 4886
f 4885 4880 4886
f 4935 4936 4881
f 4880 4935 4881
f 4932 4933 4936
f 4935 4932 4936
f 4931 4934 4933
f 4932 4931 4933
f 4871 4872 4934
f 4931 4871 4934
f 4929 4930 4872
f 4871 4929 4872
f 4867 4868 4930
f 4929 4867 4930
f 4865 4866 4868
f 4867 4865 4868
f 4694 4695 4866
f 4865 4694 4866
f 4693 4696 4695
f 4694 4693 4695
f 4443 4444 4696
f 4693 4443 4696
f 4438 4439 4444
f 4443 4438 4444
f 4691 4692 4439
f 4438 4691 4439
f 4689 4690 4692
f 4691 4689 4692
f 4687 4688 4690
f 4689 4687 4690
f 4685 4686 4688
f 4687 4685 4688
f 4673 4674 4686
f 4685 4673 4686
f 4671 4672 4674
f 4673 4671 4674
f 4665 4666 4672
f 4671 4665 4672
f 4663 4664 4666
f 4665 4663 4666
f 4417 4418 4664
f 4663 4417 4664
f 4414 4415 4418
f 4417 4414 4418
f 4661 4662 4415
f 4414 4661 4415
f 4659 4660 4662
f 4661 4659 4662
f 4408 4411 4660
f 4659 4408 4660
f 4407 4412 4411
f 4408 4407 4411
f 4409 4410 4412
f 4407 4409 4412
f 4413 4416 4410
f 4409 4413 4410
f 4419 4420 4416
f 4413 4419 4416
f 4667 4668 4420
f 4419 4667 4420
f 4669 4670 4668
f 4667 4669 4668
f 4675 4676 4670
f 4669 4675 4670
f 4677 4678 4676
f 4675 4677 4676
f 4679 4682 4678
f 4677 4679 4678
f 4680 4681 4682
f 4679 4680 4682
f 4683 4684 4681
f 4680 4683 4681
f 4432 4435 4684
f 4683 4432 4684
f 4431 4436 4435
f 4432 4431 4435
f 4433 4434 4436
f 4431 4433 4436
f 4437 4440 4434
f 4433 4437 4434
f 4441 4442 4440
f 4437 4441 4440
f 4445 4446 4442
f 4441 4445 4442
f 4697 4698 4446
f 4445 4697 4446
f 4699 4700 4698
f 4697 4699 4698
f 4869 4870 4700
f 4699 4869 4700
f 4873 4874 4870
f 4869 4873 4870
f 4875 4878 4874
f 4873 4875 4874
f 4876 4877 4878
f 4875 4876 4878
f 4879 4882 4877
f 4876 4879 4877
f 4883 4884 4882
f 4879 4883 4882
f 4887 4888 4884
f 4883 4887 4884
f 4943 4944 4888
f 4887 4943 4888
f 4941 4942 4944
f 4943 4941 4944
f 4945 4948 4942
f 4941 4945 4942
f 4946 4947 4948
f 4945 4946 4948
f 4949 4952 4947
f 4946 4949 4947
f 4950 4951 4952
f 4949 4950 4952
f 4981 4982 4951
f 4950 4981 4951
f 4971 4972 4982
f 4981 4971 4982
f 4983 4984 4972
f 4971 4983 4972
f 4963 4964 4984
f 4983 4963 4984
f 4924 4925 4964
f 4963 4924 4964
f 4914 4917 4925
f 4924 4914 4925
f 4913 4918 4917
f 4914 4913 4917
f 4748 4751 4918
f 4913 4748 4918
f 4747 4752 4751
f 4748 4747 4751
f 4753 4754 4752
f 4747 4753 4752
f 4755 4758 4754
f 4753 4755 4754
f 4767 4768 4758
f 4755 4767 4758
f 4540 4541 4768
f 4767 4540 4768
f 4765 4766 4541
f 4540 4765 4541
f 4762 4763 4766
f 4765 4762 4766
f 4761 4764 4763
f 4762 4761 4763
f 4530 4531 4764
f 4761 4530 4764
f 4759 4760 4531
f 4530 4759 4531
f 4521 4524 4760
f 4759 4521 4760
f 4207 4208 4524
f 4521 4207 4524
f 4205 4206 4208
f 4207 4205 4208
f 4201 4202 4206
f 4205 4201 4206
f 4519 4520 4202
f 4201 4519 4202
f 4516 4517 4520
f 4519 4516 4520
f 4745 4746 4517
f 4516 4745 4517
f 4909 4910 4746
f 4745 4909 4746
f 4911 4912 4910
f 4909 4911 4910
f 4961 4962 4912
f 4911 4961 4912
f 4953 4954 4962
f 4961 4953 4962
f 4897 4900 4954
f 4953 4897 4954
f 4731 4732 4900
f 4897 4731 4900
f 4728 4729 4732
f 4731 4728 4732
f 4895 4896 4729
f 4728 4895 4729
f 4722 4723 4896
f 4895 4722 4896
f 4893 4894 4723
f 4722 4893 4723
f 4891 4892 4894
f 4893 4891 4894
f 4889 4890 4892
f 4891 4889 4892
f 4711 4712 4890
f 4889 4711 4890
f 4708 4709 4712
f 4711 4708 4712
f 4707 4710 4709
f 4708 4707 4709
f 4466 4469 4710
f 4707 4466 4710
f 4465 4470 4469
f 4466 4465 4469
f 4473 4474 4470
f 4465 4473 4470
f 4471 4472 4474
f 4473 4471 4474
f 4467 4468 4472
f 4471 4467 4472
f 4713 4714 4468
f 4467 4713 4468
f 4715 4716 4714
f 4713 4715 4714
f 4717 4720 4716
f 4715 4717 4716
f 4718 4719 4720
f 4717 4718 4720
f 4721 4724 4719
f 4718 4721 4719
f 4725 4726 4724
f 4721 4725 4724
f 4727 4730 4726
f 4725 4727 4726
f 4733 4734 4730
f 4727 4733 4730
f 4898 4899 4734
f 4733 4898 4734
f 4955 4956 4899
f 4898 4955 4899
f 4957 4958 4956
f 4955 4957 4956
f 4959 4960 4958
f 4957 4959 4958
f 4903 4904 4960
f 4959 4903 4960
f 4901 4902 4904
f 4903 4901 4904
f 4736 4737 4902
f 4901 4736 4902
f 4735 4738 4737
f 4736 4735 4737
f 4499 4500 4738
f 4735 4499 4738
f 4497 4498 4500
f 4499 4497 4500
f 4486 4489 4498
f 4497 4486 4498
f 4485 4490 4489
f 4486 4485 4489
f 4487 4488 4490
f 4485 4487 4490
f 4491 4492 4488
f 4487 4491 4488
f 4493 4494 4492
f 4491 4493 4492
f 4179 4182 4494
f 4493 4179 4494
f 3792 3793 4182
f 4179 3792 4182
f 3787 3788 3793
f 3792 3787 3793
f 3785 3786 3788
f 3787 3785 3788
f 3777 3778 3786
f 3785 3777 3786
f 4177 4178 3778
f 3777 4177 3778
f 4161 4162 4178
f 4177 4161 4178
f 4158 4159 4162
f 4161 4158 4162
f 4475 4476 4159
f 4158 4475 4159
f 4151 4152 4476
f 4475 4151 4476
f 4149 4150 4152
f 4151 4149 4152
f 3758 3759 4150
f 4149 3758 4150
f 4147 4148 3759
f 3758 4147 3759
f 4144 4145 4148
f 4147 4144 4148
f 4143 4146 4145
f 4144 4143 4145
f 3749 3750 4146
f 4143 3749 4146
f 4141 4142 3750
f 3749 4141 3750
f 3746 3747 4142
f 4141 3746 4142
f 4139 4140 3747
f 3746 4139 3747
f 3740 3741 4140
f 4139 3740 4140
f 4137 4138 3741
f 3740 4137 3741
f 3734 3735 4138
f 4137 3734 4138
f 4135 4136 3735
f 3734 4135 3735
f 3733 3736 4136
f 4135 3733 4136
f 3354 3355 3736
f 3733 3354 3736
f 3731 3732 3355
f 3354 3731 3355
f 3347 3348 3732
f 3731 3347 3732
f 3729 3730 3348
f 3347 3729 3348
f 3726 3727 3730
f 3729 3726 3730
f 4133 4134 3727
f 3726 4133 3727
f 4130 4131 4134
f 4133 4130 4134
f 4129 4132 4131
f 4130 4129 4131
f 3717 3718 4132
f 4129 3717 4132
f 3714 3715 3718
f 3717 3714 3718
f 4126 4127 3715
f 3714 4126 3715
f 4125 4128 4127
f 4126 4125 4127
f 3709 3710 4128
f 4125 3709 4128
f 3705 3706 3710
f 3709 3705 3710
f 3703 3704 3706
f 3705 3703 3706
f 3701 3702 3704
f 3703 3701 3704
f 3335 3336 3702
f 3701 3335 3702
f 3333 3334 3336
f 3335 3333 3336
f 2878 2879 3334
f 3333 2878 3334
f 3331 3332 2879
f 2878 3331 2879
f 2873 2874 3332
f 3331 2873 3332
f 2869 2870 2874
f 2873 2869 2874
f 2865 2866 2870
f 2869 2865 2870
f 3329 3330 2866
f 2865 3329 2866
f 3327 3328 3330
f 3329 3327 3330
f 3325 3326 3328
f 3327 3325 3328
f 3322 3323 3326
f 3325 3322 3326
f 3688 3689 3323
f 3322 3688 3323
f 3687 3690 3689
f 3688 3687 3689
f 3313 3314 3690
f 3687 3313 3690
f 3685 3686 3314
f 3313 3685 3314
f 3309 3310 3686
f 3685 3309 3686
f 3307 3308 3310
f 3309 3307 3310
f 2854 2855 3308
f 3307 2854 3308
f 2845 2846 2855
f 2854 2845 2855
f 3305 3306 2846
f 2845 3305 2846
f 3302 3303 3306
f 3305 3302 3306
f 3683 3684 3303
f 3302 3683 3303
f 3293 3294 3684
f 3683 3293 3684
f 3289 3290 3294
f 3293 3289 3294
f 2839 2840 3290
f 3289 2839 3290
f 2837 2838 2840
f 2839 2837 2840
f 2833 2834 2838
f 2837 2833 2838
f 2831 2832 2834
f 2833 2831 2834
f 2827 2828 2832
f 2831 2827 2832
f 3285 3286 2828
f 2827 3285 2828
f 3663 3664 3286
f 3285 3663 3286
f 3661 3662 3664
f 3663 3661 3664
f 4071 4072 3662
f 3661 4071 3662
f 3659 3660 4072
f 4071 3659 4072
f 4069 4070 3660
f 3659 4069 3660
f 3653 3654 4070
f 4069 3653 4070
f 3651 3652 3654
f 3653 3651 3654
f 3646 3647 3652
f 3651 3646 3652
f 3645 3648 3647
f 3646 3645 3647
f 3278 3279 3648
f 3645 3278 3648
f 3643 3644 3279
f 3278 3643 3279
f 3640 3641 3644
f 3643 3640 3644
f 3639 3642 3641
f 3640 3639 3641
f 3271 3272 3642
f 3639 3271 3642
f 3637 3638 3272
f 3271 3637 3272
f 3633 3634 3638
f 3637 3633 3638
f 3265 3266 3634
f 3633 3265 3634
f 3259 3260 3266
f 3265 3259 3266
f 3251 3252 3260
f 3259 3251 3260
f 3249 3250 3252
f 3251 3249 3252
f 3246 3247 3250
f 3249 3246 3250
f 3631 3632 3247
f 3246 3631 3247
f 3629 3630 3632
f 3631 3629 3632
f 4047 4048 3630
f 3629 4047 3630
f 3622 3623 4048
f 4047 3622 4048
f 4045 4046 3623
f 3622 4045 3623
f 3614 3615 4046
f 4045 3614 4046
f 3613 3616 3615
f 3614 3613 3615
f 3233 3234 3616
f 3613 3233 3616
f 3611 3612 3234
f 3233 3611 3234
f 3230 3231 3612
f 3611 3230 3612
f 3609 3610 3231
f 3230 3609 3231
f 3607 3608 3610
f 3609 3607 3610
f 3219 3222 3608
f 3607 3219 3608
f 2784 2785 3222
f 3219 2784 3222
f 3217 3218 2785
f 2784 3217 2785
f 2775 2776 3218
f 3217 2775 3218
f 2770 2771 2776
f 2775 2770 2776
f 3215 3216 2771
f 2770 3215 2771
f 2765 2766 3216
f 3215 2765 3216
f 2763 2764 2766
f 2765 2763 2766
f 2760 2761 2764
f 2763 2760 2764
f 3213 3214 2761
f 2760 3213 2761
f 2753 2754 3214
f 3213 2753 3214
f 3211 3212 2754
f 2753 3211 2754
f 3208 3209 3212
f 3211 3208 3212
f 3577 3578 3209
f 3208 3577 3209
f 3203 3204 3578
f 3577 3203 3578
f 3197 3198 3204
f 3203 3197 3204
f 3575 3576 3198
f 3197 3575 3198
f 3573 3574 3576
f 3575 3573 3576
f 4015 4016 3574
f 3573 4015 3574
f 3569 3570 4016
f 4015 3569 4016
f 4013 4014 3570
f 3569 4013 3570
f 3567 3568 4014
f 4013 3567 4014
f 3187 3188 3568
f 3567 3187 3568
f 3184 3185 3188
f 3187 3184 3188
f 3565 3566 3185
f 3184 3565 3185
f 3177 3178 3566
f 3565 3177 3566
f 3171 3172 3178
f 3177 3171 3178
f 3169 3170 3172
f 3171 3169 3172
f 3166 3167 3170
f 3169 3166 3170
f 3563 3564 3167
f 3166 3563 3167
f 3561 3562 3564
f 3563 3561 3564
f 3979 3980 3562
f 3561 3979 3562
f 3559 3560 3980
f 3979 3559 3980
f 3977 3978 3560
f 3559 3977 3560
f 3975 3976 3978
f 3977 3975 3978
f 3969 3970 3976
f 3975 3969 3976
f 3966 3967 3970
f 3969 3966 3970
f 4329 4330 3967
f 3966 4329 3967
f 3961 3962 4330
f 4329 3961 4330
f 4327 4328 3962
f 3961 4327 3962
f 3957 3958 4328
f 4327 3957 4328
f 4323 4324 3958
f 3957 4323 3958
f 3951 3952 4324
f 4323 3951 4324
f 3947 3948 3952
f 3951 3947 3952
f 3945 3946 3948
f 3947 3945 3948
f 3942 3943 3946
f 3945 3942 3946
f 4321 4322 3943
f 3942 4321 3943
f 4610 4611 4322
f 4321 4610 4322
f 4843 4844 4611
f 4610 4843 4611
f 4840 4841 4844
f 4843 4840 4844
f 4845 4846 4841
f 4840 4845 4841
f 4614 4617 4846
f 4845 4614 4846
f 4613 4618 4617
f 4614 4613 4617
f 4615 4616 4618
f 4613 4615 4618
f 4619 4622 4616
f 4615 4619 4616
f 4332 4333 4622
f 4619 4332 4622
f 4331 4334 4333
f 4332 4331 4333
f 3982 3985 4334
f 4331 3982 4334
f 3981 3986 3985
f 3982 3981 3985
f 3987 3988 3986
f 3981 3987 3986
f 3989 3992 3988
f 3987 3989 3988
f 3995 3996 3992
f 3989 3995 3992
f 3997 3998 3996
f 3995 3997 3996
f 3999 4002 3998
f 3997 3999 3998
f 4007 4008 4002
f 3999 4007 4002
f 4009 4012 4008
f 4007 4009 4008
f 4010 4011 4012
f 4009 4010 4012
f 4018 4021 4011
f 4010 4018 4011
f 4017 4022 4021
f 4018 4017 4021
f 3580 3583 4022
f 4017 3580 4022
f 3579 3584 3583
f 3580 3579 3583
f 3587 3588 3584
f 3579 3587 3584
f 3589 3592 3588
f 3587 3589 3588
f 3593 3594 3592
f 3589 3593 3592
f 3595 3596 3594
f 3593 3595 3594
f 3597 3598 3596
f 3595 3597 3596
f 3601 3602 3598
f 3597 3601 3598
f 3603 3604 3602
f 3601 3603 3602
f 3605 3606 3604
f 3603 3605 3604
f 4033 4034 3606
f 3605 4033 3606
f 4037 4038 4034
f 4033 4037 4034
f 4039 4042 4038
f 4037 4039 4038
f 4043 4044 4042
f 4039 4043 4042
f 4379 4380 4044
f 4043 4379 4044
f 4377 4378 4380
f 4379 4377 4380
f 4381 4382 4378
f 4377 4381 4378
f 4050 4053 4382
f 4381 4050 4382
f 4049 4054 4053
f 4050 4049 4053
f 4055 4056 4054
f 4049 4055 4054
f 4057 4060 4056
f 4055 4057 4056
f 4058 4059 4060
f 4057 4058 4060
f 4061 4062 4059
f 4058 4061 4059
f 4063 4066 4062
f 4061 4063 4062
f 4067 4068 4066
f 4063 4067 4066
f 4389 4390 4068
f 4067 4389 4068
f 4391 4392 4390
f 4389 4391 4390
f 4393 4396 4392
f 4391 4393 4392
f 4394 4395 4396
f 4393 4394 4396
f 4397 4400 4395
f 4394 4397 4395
f 4398 4399 4400
f 4397 4398 4400
f 4401 4402 4399
f 4398 4401 4399
f 4074 4075 4402
f 4401 4074 4402
f 4073 4076 4075
f 4074 4073 4075
f 3666 3669 4076
f 4073 3666 4076
f 3665 3670 3669
f 3666 3665 3669
f 3673 3674 3670
f 3665 3673 3670
f 3675 3676 3674
f 3673 3675 3674
f 3679 3680 3676
f 3675 3679 3676
f 3681 3682 3680
f 3679 3681 3680
f 4083 4084 3682
f 3681 4083 3682
f 4087 4088 4084
f 4083 4087 4084
f 4423 4424 4088
f 4087 4423 4088
f 4090 4093 4424
f 4423 4090 4424
f 4089 4094 4093
f 4090 4089 4093
f 4095 4096 4094
f 4089 4095 4094
f 4097 4100 4096
f 4095 4097 4096
f 4103 4104 4100
f 4097 4103 4100
f 4109 4110 4104
f 4103 4109 4104
f 4111 4114 4110
f 4109 4111 4110
f 3692 3695 4114
f 4111 3692 4114
f 3691 3696 3695
f 3692 3691 3695
f 3699 3700 3696
f 3691 3699 3696
f 4123 4124 3700
f 3699 4123 3700
f 4121 4122 4124
f 4123 4121 4124
f 4118 4119 4122
f 4121 4118 4122
f 4451 4452 4119
f 4118 4451 4119
f 4449 4450 4452
f 4451 4449 4452
f 4453 4456 4450
f 4449 4453 4450
f 4459 4460 4456
f 4453 4459 4456
f 4461 4464 4460
f 4459 4461 4460
f 4462 4463 4464
f 4461 4462 4464
f 4705 4706 4463
f 4462 4705 4463
f 4457 4458 4706
f 4705 4457 4706
f 4703 4704 4458
f 4457 4703 4458
f 4454 4455 4704
f 4703 4454 4704
f 4701 4702 4455
f 4454 4701 4455
f 4447 4448 4702
f 4701 4447 4702
f 4117 4120 4448
f 4447 4117 4448
f 3697 3698 4120
f 4117 3697 4120
f 3693 3694 3698
f 3697 3693 3698
f 4115 4116 3694
f 3693 4115 3694
f 4112 4113 4116
f 4115 4112 4116
f 4429 4430 4113
f 4112 4429 4113
f 4107 4108 4430
f 4429 4107 4430
f 4105 4106 4108
f 4107 4105 4108
f 4101 4102 4106
f 4105 4101 4106
f 4098 4099 4102
f 4101 4098 4102
f 4427 4428 4099
f 4098 4427 4099
f 4091 4092 4428
f 4427 4091 4428
f 4425 4426 4092
f 4091 4425 4092
f 4421 4422 4426
f 4425 4421 4426
f 4085 4086 4422
f 4421 4085 4422
f 4080 4081 4086
f 4085 4080 4086
f 4079 4082 4081
f 4080 4079 4081
f 3677 3678 4082
f 4079 3677 4082
f 3671 3672 3678
f 3677 3671 3678
f 3667 3668 3672
f 3671 3667 3672
f 4077 4078 3668
f 3667 4077 3668
f 4405 4406 4078
f 4077 4405 4078
f 4403 4404 4406
f 4405 4403 4406
f 5023 5024 4404
f 4403 5023 4404
f 5021 5022 5024
f 5023 5021 5024
f 5025 5026 5022
f 5021 5025 5022
f 5018 5019 5026
f 5025 5018 5026
f 5017 5020 5019
f 5018 5017 5019
f 4386 4387 5020
f 5017 4386 5020
f 4385 4388 4387
f 4386 4385 4387
f 4064 4065 4388
f 4385 4064 4388
f 4051 4052 4065
f 4064 4051 4065
f 4383 4384 4052
f 4051 4383 4052
f 4655 4656 4384
f 4383 4655 4384
f 4653 4654 4656
f 4655 4653 4656
f 4651 4652 4654
f 4653 4651 4654
f 4645 4646 4652
f 4651 4645 4652
f 4364 4365 4646
f 4645 4364 4646
f 4643 4644 4365
f 4364 4643 4365
f 4358 4359 4644
f 4643 4358 4644
f 4641 4642 4359
f 4358 4641 4359
f 4353 4354 4642
f 4641 4353 4642
f 4349 4350 4354
f 4353 4349 4354
f 4639 4640 4350
f 4349 4639 4350
f 4637 4638 4640
f 4639 4637 4640
f 4863 4864 4638
f 4637 4863 4638
f 4633 4634 4864
f 4863 4633 4864
f 4629 4630 4634
f 4633 4629 4634
f 4861 4862 4630
f 4629 4861 4630
f 4859 4860 4862
f 4861 4859 4862
f 5011 5012 4860
f 4859 5011 4860
f 5009 5010 5012
f 5011 5009 5012
f 5013 5014 5010
f 5009 5013 5010
f 4991 4994 5014
f 5013 4991 5014
f 4827 4828 4994
f 4991 4827 4994
f 4989 4990 4828
f 4827 4989 4828
f 4824 4825 4990
f 4989 4824 4990
f 4987 4988 4825
f 4824 4987 4825
f 4818 4819 4988
f 4987 4818 4988
f 4813 4816 4819
f 4818 4813 4819
f 4585 4586 4816
f 4813 4585 4816
f 4582 4583 4586
f 4585 4582 4586
f 4577 4578 4583
f 4582 4577 4583
f 4573 4574 4578
f 4577 4573 4578
f 4811 4812 4574
f 4573 4811 4574
f 4803 4804 4812
f 4811 4803 4812
f 4797 4798 4804
f 4803 4797 4804
f 4795 4796 4798
f 4797 4795 4798
f 4787 4788 4796
f 4795 4787 4796
f 4780 4781 4788
f 4787 4780 4788
f 4771 4772 4781
f 4780 4771 4781
f 4770 4773 4772
f 4771 4770 4772
f 4769 4774 4773
f 4770 4769 4773
f 4777 4778 4774
f 4769 4777 4774
f 4775 4776 4778
f 4777 4775 4778
f 4779 4782 4776
f 4775 4779 4776
f 4783 4784 4782
f 4779 4783 4782
f 4785 4786 4784
f 4783 4785 4784
f 4789 4790 4786
f 4785 4789 4786
f 4791 4792 4790
f 4789 4791 4790
f 4793 4794 4792
f 4791 4793 4792
f 4799 4800 4794
f 4793 4799 4794
f 4801 4802 4800
f 4799 4801 4800
f 4805 4806 4802
f 4801 4805 4802
f 4807 4808 4806
f 4805 4807 4806
f 4809 4810 4808
f 4807 4809 4808
f 4572 4575 4810
f 4809 4572 4810
f 4571 4576 4575
f 4572 4571 4575
f 4579 4580 4576
f 4571 4579 4576
f 4581 4584 4580
f 4579 4581 4580
f 4587 4588 4584
f 4581 4587 4584
f 4814 4815 4588
f 4587 4814 4588
f 4817 4820 4815
f 4814 4817 4815
f 4821 4822 4820
f 4817 4821 4820
f 4823 4826 4822
f 4821 4823 4822
f 4829 4830 4826
f 4823 4829 4826
f 4995 4996 4830
f 4829 4995 4830
f 4992 4993 4996
f 4995 4992 4996
f 4997 4998 4993
f 4992 4997 4993
f 5015 5016 4998
f 4997 5015 4998
f 5000 5003 5016
f 5015 5000 5016
f 4999 5004 5003
f 5000 4999 5003
f 5001 5002 5004
f 4999 5001 5004
f 5007 5008 5002
f 5001 5007 5002
f 4854 4857 5008
f 5007 4854 5008
f 4853 4858 4857
f 4854 4853 4857
f 4855 4856 4858
f 4853 4855 4858
f 4628 4631 4856
f 4855 4628 4856
f 4627 4632 4631
f 4628 4627 4631
f 4635 4636 4632
f 4627 4635 4632
f 4348 4351 4636
f 4635 4348 4636
f 4347 4352 4351
f 4348 4347 4351
f 4355 4356 4352
f 4347 4355 4352
f 4357 4360 4356
f 4355 4357 4356
f 4361 4362 4360
f 4357 4361 4360
f 4363 4366 4362
f 4361 4363 4362
f 4367 4368 4366
f 4363 4367 4366
f 4647 4648 4368
f 4367 4647 4368
f 4649 4650 4648
f 4647 4649 4648
f 4657 4658 4650
f 4649 4657 4650
f 4375 4376 4658
f 4657 4375 4658
f 4373 4374 4376
f 4375 4373 4376
f 4040 4041 4374
f 4373 4040 4374
f 4371 4372 4041
f 4040 4371 4041
f 4035 4036 4372
f 4371 4035 4372
f 4369 4370 4036
f 4035 4369 4036
f 4031 4032 4370
f 4369 4031 4370
f 4029 4030 4032
f 4031 4029 4032
f 3599 3600 4030
f 4029 3599 4030
f 3590 3591 3600
f 3599 3590 3600
f 4027 4028 3591
f 3590 4027 3591
f 3585 3586 4028
f 4027 3585 4028
f 3581 3582 3586
f 3585 3581 3586
f 4025 4026 3582
f 3581 4025 3582
f 4023 4024 4026
f 4025 4023 4026
f 4019 4020 4024
f 4023 4019 4024
f 4345 4346 4020
f 4019 4345 4020
f 4343 4344 4346
f 4345 4343 4346
f 4005 4006 4344
f 4343 4005 4344
f 4003 4004 4006
f 4005 4003 4006
f 4000 4001 4004
f 4003 4000 4004
f 4341 4342 4001
f 4000 4341 4001
f 3993 3994 4342
f 4341 3993 4342
f 3990 3991 3994
f 3993 3990 3994
f 4339 4340 3991
f 3990 4339 3991
f 3983 3984 4340
f 4339 3983 4340
f 4337 4338 3984
f 3983 4337 3984
f 4335 4336 4338
f 4337 4335 4338
f 4625 4626 4336
f 4335 4625 4336
f 4623 4624 4626
f 4625 4623 4626
f 4851 4852 4624
f 4623 4851 4624
f 4620 4621 4852
f 4851 4620 4852
f 4849 4850 4621
f 4620 4849 4621
f 4847 4848 4850
f 4849 4847 4850
f 5005 5006 4848
f 4847 5005 4848
f 4839 4842 5006
f 5005 4839 5006
f 4609 4612 4842
f 4839 4609 4842
f 4319 4320 4612
f 4609 4319 4612
f 4607 4608 4320
f 4319 4607 4320
f 4605 4606 4608
f 4607 4605 4608
f 4313 4314 4606
f 4605 4313 4606
f 4603 4604 4314
f 4313 4603 4314
f 4599 4600 4604
f 4603 4599 4604
f 4837 4838 4600
f 4599 4837 4600
f 4833 4834 4838
f 4837 4833 4838
f 4831 4832 4834
f 4833 4831 4834
f 4591 4592 4832
f 4831 4591 4832
f 4589 4590 4592
f 4591 4589 4592
f 4283 4284 4590
f 4589 4283 4590
f 4281 4282 4284
f 4283 4281 4284
f 4278 4279 4282
f 4281 4278 4282
f 4277 4280 4279
f 4278 4277 4279
f 3896 3899 4280
f 4277 3896 4280
f 3895 3900 3899
f 3896 3895 3899
f 3897 3898 3900
f 3895 3897 3900
f 3901 3902 3898
f 3897 3901 3898
f 4285 4286 3902
f 3901 4285 3902
f 4287 4288 4286
f 4285 4287 4286
f 4593 4594 4288
f 4287 4593 4288
f 4595 4596 4594
f 4593 4595 4594
f 4835 4836 4596
f 4595 4835 4596
f 4598 4601 4836
f 4835 4598 4836
f 4597 4602 4601
f 4598 4597 4601
f 4312 4315 4602
f 4597 4312 4602
f 4311 4316 4315
f 4312 4311 4315
f 4317 4318 4316
f 4311 4317 4316
f 3941 3944 4318
f 4317 3941 4318
f 3540 3541 3944
f 3941 3540 3944
f 3533 3534 3541
f 3540 3533 3541
f 3525 3526 3534
f 3533 3525 3534
f 3939 3940 3526
f 3525 3939 3526
f 3936 3937 3940
f 3939 3936 3940
f 4309 4310 3937
f 3936 4309 3937
f 4306 4307 4310
f 4309 4306 4310
f 4305 4308 4307
f 4306 4305 4307
f 3927 3928 4308
f 4305 3927 4308
f 4303 4304 3928
f 3927 4303 3928
f 3924 3925 4304
f 4303 3924 4304
f 4301 4302 3925
f 3924 4301 3925
f 4299 4300 4302
f 4301 4299 4302
f 4297 4298 4300
f 4299 4297 4300
f 3913 3914 4298
f 4297 3913 4298
f 4289 4292 3914
f 3913 4289 3914
f 4290 4291 4292
f 4289 4290 4292
f 4293 4294 4291
f 4290 4293 4291
f 3904 3905 4294
f 4293 3904 4294
f 3903 3906 3905
f 3904 3903 3905
f 3505 3506 3906
f 3903 3505 3906
f 3103 3104 3506
f 3505 3103 3506
f 3101 3102 3104
f 3103 3101 3104
f 3097 3098 3102
f 3101 3097 3102
f 3095 3096 3098
f 3097 3095 3098
f 3093 3094 3096
f 3095 3093 3096
f 3091 3092 3094
f 3093 3091 3094
f 3087 3088 3092
f 3091 3087 3092
f 3503 3504 3088
f 3087 3503 3088
f 3499 3500 3504
f 3503 3499 3504
f 3497 3498 3500
f 3499 3497 3500
f 3079 3080 3498
f 3497 3079 3498
f 3495 3496 3080
f 3079 3495 3080
f 3493 3494 3496
f 3495 3493 3496
f 3489 3490 3494
f 3493 3489 3494
f 3887 3888 3490
f 3489 3887 3490
f 3881 3882 3888
f 3887 3881 3888
f 3483 3484 3882
f 3881 3483 3882
f 3480 3481 3484
f 3483 3480 3484
f 3473 3474 3481
f 3480 3473 3481
f 3056 3057 3474
f 3473 3056 3474
f 3471 3472 3057
f 3056 3471 3057
f 3050 3051 3472
f 3471 3050 3472
f 3469 3470 3051
f 3050 3469 3051
f 3045 3046 3470
f 3469 3045 3470
f 3043 3044 3046
f 3045 3043 3046
f 3039 3040 3044
f 3043 3039 3044
f 3037 3038 3040
f 3039 3037 3040
f 3033 3034 3038
f 3037 3033 3038
f 3467 3468 3034
f 3033 3467 3034
f 3463 3464 3468
f 3467 3463 3468
f 3861 3862 3464
f 3463 3861 3464
f 3856 3857 3862
f 3861 3856 3862
f 3855 3858 3857
f 3856 3855 3857
f 3453 3454 3858
f 3855 3453 3858
f 3451 3452 3454
f 3453 3451 3454
f 3016 3017 3452
f 3451 3016 3452
f 3449 3450 3017
f 3016 3449 3017
f 3447 3448 3450
f 3449 3447 3450
f 3853 3854 3448
f 3447 3853 3448
f 3445 3446 3854
f 3853 3445 3854
f 3851 3852 3446
f 3445 3851 3446
f 3443 3444 3852
f 3851 3443 3852
f 3849 3850 3444
f 3443 3849 3444
f 3845 3846 3850
f 3849 3845 3850
f 3433 3436 3846
f 3845 3433 3846
f 2999 3000 3436
f 3433 2999 3436
f 2997 2998 3000
f 2999 2997 3000
f 2991 2992 2998
f 2997 2991 2998
f 2983 2984 2992
f 2991 2983 2992
f 2979 2980 2984
f 2983 2979 2984
f 3431 3432 2980
f 2979 3431 2980
f 3831 3832 3432
f 3431 3831 3432
f 3828 3829 3832
f 3831 3828 3832
f 3821 3822 3829
f 3828 3821 3829
f 3819 3820 3822
f 3821 3819 3822
f 3817 3818 3820
f 3819 3817 3820
f 3418 3419 3818
f 3817 3418 3818
f 3815 3816 3419
f 3418 3815 3419
f 3413 3414 3816
f 3815 3413 3816
f 3813 3814 3414
f 3413 3813 3414
f 3410 3411 3814
f 3813 3410 3814
f 3811 3812 3411
f 3410 3811 3411
f 3403 3404 3812
f 3811 3403 3812
f 3809 3810 3404
f 3403 3809 3404
f 3401 3402 3810
f 3809 3401 3810
f 2950 2953 3402
f 3401 2950 3402
f 2949 2954 2953
f 2950 2949 2953
f 2955 2956 2954
f 2949 2955 2954
f 2951 2952 2956
f 2955 2951 2956
f 3407 3408 2952
f 2951 3407 2952
f 3405 3406 3408
f 3407 3405 3408
f 3409 3412 3406
f 3405 3409 3406
f 3415 3416 3412
f 3409 3415 3412
f 3417 3420 3416
f 3415 3417 3416
f 3421 3422 3420
f 3417 3421 3420
f 3423 3426 3422
f 3421 3423 3422
f 3424 3425 3426
f 3423 3424 3426
f 3825 3826 3425
f 3424 3825 3425
f 3823 3824 3826
f 3825 3823 3826
f 3827 3830 3824
f 3823 3827 3824
f 3428 3429 3830
f 3827 3428 3830
f 3427 3430 3429
f 3428 3427 3429
f 2978 2981 3430
f 3427 2978 3430
f 2977 2982 2981
f 2978 2977 2981
f 2985 2986 2982
f 2977 2985 2982
f 2987 2988 2986
f 2985 2987 2986
f 2989 2990 2988
f 2987 2989 2988
f 2993 2994 2990
f 2989 2993 2990
f 2995 2996 2994
f 2993 2995 2994
f 3001 3002 2996
f 2995 3001 2996
f 3437 3438 3002
f 3001 3437 3002
f 3434 3435 3438
f 3437 3434 3438
f 3847 3848 3435
f 3434 3847 3435
f 3440 3441 3848
f 3847 3440 3848
f 3439 3442 3441
f 3440 3439 3441
f 3010 3013 3442
f 3439 3010 3442
f 3009 3014 3013
f 3010 3009 3013
f 3011 3012 3014
f 3009 3011 3014
f 3015 3018 3012
f 3011 3015 3012
f 3019 3020 3018
f 3015 3019 3018
f 3457 3458 3020
f 3019 3457 3020
f 3455 3456 3458
f 3457 3455 3458
f 3859 3860 3456
f 3455 3859 3456
f 3462 3465 3860
f 3859 3462 3860
f 3461 3466 3465
f 3462 3461 3465
f 3032 3035 3466
f 3461 3032 3466
f 3031 3036 3035
f 3032 3031 3035
f 3041 3042 3036
f 3031 3041 3036
f 3047 3048 3042
f 3041 3047 3042
f 3049 3052 3048
f 3047 3049 3048
f 3053 3054 3052
f 3049 3053 3052
f 3055 3058 3054
f 3053 3055 3054
f 3059 3060 3058
f 3055 3059 3058
f 3477 3478 3060
f 3059 3477 3060
f 3475 3476 3478
f 3477 3475 3478
f 3479 3482 3476
f 3475 3479 3476
f 3485 3486 3482
f 3479 3485 3482
f 3885 3886 3486
f 3485 3885 3486
f 3883 3884 3886
f 3885 3883 3886
f 3488 3491 3884
f 3883 3488 3884
f 3487 3492 3491
f 3488 3487 3491
f 3078 3081 3492
f 3487 3078 3492
f 3077 3082 3081
f 3078 3077 3081
f 3083 3084 3082
f 3077 3083 3082
f 3501 3502 3084
f 3083 3501 3084
f 3086 3089 3502
f 3501 3086 3502
f 3085 3090 3089
f 3086 3085 3089
f 3099 3100 3090
f 3085 3099 3090
f 3105 3106 3100
f 3099 3105 3100
f 3507 3508 3106
f 3105 3507 3106
f 3509 3510 3508
f 3507 3509 3508
f 3511 3514 3510
f 3509 3511 3510
f 3512 3513 3514
f 3511 3512 3514
f 3909 3910 3513
f 3512 3909 3513
f 3907 3908 3910
f 3909 3907 3910
f 4295 4296 3908
f 3907 4295 3908
f 3912 3915 4296
f 4295 3912 4296
f 3911 3916 3915
f 3912 3911 3915
f 3917 3918 3916
f 3911 3917 3916
f 3919 3922 3918
f 3917 3919 3918
f 3920 3921 3922
f 3919 3920 3922
f 3923 3926 3921
f 3920 3923 3921
f 3929 3930 3926
f 3923 3929 3926
f 3931 3934 3930
f 3929 3931 3930
f 3932 3933 3934
f 3931 3932 3934
f 3935 3938 3933
f 3932 3935 3933
f 3524 3527 3938
f 3935 3524 3938
f 3523 3528 3527
f 3524 3523 3527
f 3529 3530 3528
f 3523 3529 3528
f 3531 3532 3530
f 3529 3531 3530
f 3535 3536 3532
f 3531 3535 3532
f 3537 3538 3536
f 3535 3537 3536
f 3539 3542 3538
f 3537 3539 3538
f 3543 3544 3542
f 3539 3543 3542
f 3949 3950 3544
f 3543 3949 3544
f 3953 3954 3950
f 3949 3953 3950
f 4325 4326 3954
f 3953 4325 3954
f 3956 3959 4326
f 4325 3956 4326
f 3955 3960 3959
f 3956 3955 3959
f 3963 3964 3960
f 3955 3963 3960
f 3965 3968 3964
f 3963 3965 3964
f 3971 3972 3968
f 3965 3971 3968
f 3973 3974 3972
f 3971 3973 3972
f 3552 3555 3974
f 3973 3552 3974
f 3551 3556 3555
f 3552 3551 3555
f 3553 3554 3556
f 3551 3553 3556
f 3557 3558 3554
f 3553 3557 3554
f 3160 3163 3558
f 3557 3160 3558
f 3159 3164 3163
f 3160 3159 3163
f 3161 3162 3164
f 3159 3161 3164
f 3165 3168 3162
f 3161 3165 3162
f 3173 3174 3168
f 3165 3173 3168
f 3175 3176 3174
f 3173 3175 3174
f 3179 3180 3176
f 3175 3179 3176
f 3181 3182 3180
f 3179 3181 3180
f 3183 3186 3182
f 3181 3183 3182
f 3189 3190 3186
f 3183 3189 3186
f 3571 3572 3190
f 3189 3571 3190
f 3196 3199 3572
f 3571 3196 3572
f 3195 3200 3199
f 3196 3195 3199
f 3201 3202 3200
f 3195 3201 3200
f 3205 3206 3202
f 3201 3205 3202
f 3207 3210 3206
f 3205 3207 3206
f 2752 2755 3210
f 3207 2752 3210
f 2751 2756 2755
f 2752 2751 2755
f 2757 2758 2756
f 2751 2757 2756
f 2759 2762 2758
f 2757 2759 2758
f 2767 2768 2762
f 2759 2767 2762
f 2769 2772 2768
f 2767 2769 2768
f 2773 2774 2772
f 2769 2773 2772
f 2777 2778 2774
f 2773 2777 2774
f 2779 2780 2778
f 2777 2779 2778
f 2781 2782 2780
f 2779 2781 2780
f 2783 2786 2782
f 2781 2783 2782
f 2787 2788 2786
f 2783 2787 2786
f 3223 3224 2788
f 2787 3223 2788
f 3220 3221 3224
f 3223 3220 3224
f 3225 3228 3221
f 3220 3225 3221
f 3226 3227 3228
f 3225 3226 3228
f 3229 3232 3227
f 3226 3229 3227
f 3235 3236 3232
f 3229 3235 3232
f 3619 3620 3236
f 3235 3619 3236
f 3617 3618 3620
f 3619 3617 3620
f 3621 3624 3618
f 3617 3621 3618
f 3625 3626 3624
f 3621 3625 3624
f 3627 3628 3626
f 3625 3627 3626
f 3240 3243 3628
f 3627 3240 3628
f 3239 3244 3243
f 3240 3239 3243
f 3241 3242 3244
f 3239 3241 3244
f 3245 3248 3242
f 3241 3245 3242
f 3253 3254 3248
f 3245 3253 3248
f 3255 3256 3254
f 3253 3255 3254
f 3257 3258 3256
f 3255 3257 3256
f 3261 3262 3258
f 3257 3261 3258
f 3263 3264 3262
f 3261 3263 3262
f 3267 3268 3264
f 3263 3267 3264
f 3635 3636 3268
f 3267 3635 3268
f 3270 3273 3636
f 3635 3270 3636
f 3269 3274 3273
f 3270 3269 3273
f 3275 3276 3274
f 3269 3275 3274
f 3277 3280 3276
f 3275 3277 3276
f 3281 3282 3280
f 3277 3281 3280
f 3649 3650 3282
f 3281 3649 3282
f 3655 3656 3650
f 3649 3655 3650
f 3657 3658 3656
f 3655 3657 3656
f 3284 3287 3658
f 3657 3284 3658
f 3283 3288 3287
f 3284 3283 3287
f 2826 2829 3288
f 3283 2826 3288
f 2825 2830 2829
f 2826 2825 2829
f 2835 2836 2830
f 2825 2835 2830
f 2841 2842 2836
f 2835 2841 2836
f 3291 3292 2842
f 2841 3291 2842
f 3295 3296 3292
f 3291 3295 3292
f 3297 3300 3296
f 3295 3297 3296
f 3298 3299 3300
f 3297 3298 3300
f 3301 3304 3299
f 3298 3301 3299
f 2844 2847 3304
f 3301 2844 3304
f 2843 2848 2847
f 2844 2843 2847
f 2849 2850 2848
f 2843 2849 2848
f 2851 2852 2850
f 2849 2851 2850
f 2853 2856 2852
f 2851 2853 2852
f 2857 2858 2856
f 2853 2857 2856
f 3311 3312 2858
f 2857 3311 2858
f 3315 3316 3312
f 3311 3315 3312
f 3317 3320 3316
f 3315 3317 3316
f 3318 3319 3320
f 3317 3318 3320
f 3321 3324 3319
f 3318 3321 3319
f 2864 2867 3324
f 3321 2864 3324
f 2863 2868 2867
f 2864 2863 2867
f 2871 2872 2868
f 2863 2871 2868
f 2875 2876 2872
f 2871 2875 2872
f 2877 2880 2876
f 2875 2877 2876
f 2881 2882 2880
f 2877 2881 2880
f 3337 3338 2882
f 2881 3337 2882
f 3339 3340 3338
f 3337 3339 3338
f 3341 3344 3340
f 3339 3341 3340
f 3342 3343 3344
f 3341 3342 3344
f 3707 3708 3343
f 3342 3707 3343
f 3711 3712 3708
f 3707 3711 3708
f 3713 3716 3712
f 3711 3713 3712
f 3719 3720 3716
f 3713 3719 3716
f 3721 3724 3720
f 3719 3721 3720
f 3722 3723 3724
f 3721 3722 3724
f 3725 3728 3723
f 3722 3725 3723
f 3346 3349 3728
f 3725 3346 3728
f 3345 3350 3349
f 3346 3345 3349
f 3351 3352 3350
f 3345 3351 3350
f 3353 3356 3352
f 3351 3353 3352
f 3357 3358 3356
f 3353 3357 3356
f 3737 3738 3358
f 3357 3737 3358
f 3739 3742 3738
f 3737 3739 3738
f 3743 3744 3742
f 3739 3743 3742
f 3745 3748 3744
f 3743 3745 3744
f 3751 3752 3748
f 3745 3751 3748
f 3753 3756 3752
f 3751 3753 3752
f 3754 3755 3756
f 3753 3754 3756
f 3757 3760 3755
f 3754 3757 3755
f 3761 3762 3760
f 3757 3761 3760
f 3763 3766 3762
f 3761 3763 3762
f 3764 3765 3766
f 3763 3764 3766
f 4155 4156 3765
f 3764 4155 3765
f 4153 4154 4156
f 4155 4153 4156
f 4157 4160 4154
f 4153 4157 4154
f 4163 4164 4160
f 4157 4163 4160
f 4477 4478 4164
f 4163 4477 4164
f 4479 4480 4478
f 4477 4479 4478
f 4481 4484 4480
f 4479 4481 4480
f 4166 4169 4484
f 4481 4166 4484
f 4165 4170 4169
f 4166 4165 4169
f 3769 3770 4170
f 4165 3769 4170
f 3379 3380 3770
f 3769 3379 3770
f 3376 3377 3380
f 3379 3376 3380
f 3767 3768 3377
f 3376 3767 3377
f 3370 3371 3768
f 3767 3370 3768
f 3363 3364 3371
f 3370 3363 3371
f 3360 3361 3364
f 3363 3360 3364
f 3359 3362 3361
f 3360 3359 3361
f 2917 2918 3362
f 3359 2917 3362
f 2407 2408 2918
f 2917 2407 2918
f 2404 2405 2408
f 2407 2404 2408
f 2397 2398 2405
f 2404 2397 2405
f 2914 2915 2398
f 2397 2914 2398
f 2913 2916 2915
f 2914 2913 2915
f 2396 2399 2916
f 2913 2396 2916
f 2395 2400 2399
f 2396 2395 2399
f 2401 2402 2400
f 2395 2401 2400
f 2403 2406 2402
f 2401 2403 2402
f 2411 2412 2406
f 2403 2411 2406
f 2415 2416 2412
f 2411 2415 2412
f 2417 2420 2416
f 2415 2417 2416
f 2423 2424 2420
f 2417 2423 2420
f 2425 2428 2424
f 2423 2425 2424
f 2426 2427 2428
f 2425 2426 2428
f 2927 2928 2427
f 2426 2927 2427
f 2925 2926 2928
f 2927 2925 2928
f 2929 2932 2926
f 2925 2929 2926
f 2930 2931 2932
f 2929 2930 2932
f 2933 2936 2931
f 2930 2933 2931
f 2939 2940 2936
f 2933 2939 2936
f 2941 2942 2940
f 2939 2941 2940
f 2430 2433 2942
f 2941 2430 2942
f 2429 2434 2433
f 2430 2429 2433
f 1844 1847 2434
f 2429 1844 2434
f 1843 1848 1847
f 1844 1843 1847
f 1849 1850 1848
f 1843 1849 1848
f 1851 1852 1850
f 1849 1851 1850
f 1853 1854 1852
f 1851 1853 1852
f 1855 1856 1854
f 1853 1855 1854
f 1857 1860 1856
f 1855 1857 1856
f 1858 1859 1860
f 1857 1858 1860
f 2447 2448 1859
f 1858 2447 1859
f 2451 2452 2448
f 2447 2451 2448
f 2453 2454 2452
f 2451 2453 2452
f 1862 1865 2454
f 2453 1862 2454
f 1861 1866 1865
f 1862 1861 1865
f 1869 1870 1866
f 1861 1869 1866
f 1871 1874 1870
f 1869 1871 1870
f 1875 1876 1874
f 1871 1875 1874
f 1877 1878 1876
f 1875 1877 1876
f 1881 1882 1878
f 1877 1881 1878
f 1879 1880 1882
f 1881 1879 1882
f 1883 1886 1880
f 1879 1883 1880
f 1887 1888 1886
f 1883 1887 1886
f 1889 1890 1888
f 1887 1889 1888
f 1893 1894 1890
f 1889 1893 1890
f 2465 2466 1894
f 1893 2465 1894
f 2463 2464 2466
f 2465 2463 2466
f 2467 2470 2464
f 2463 2467 2464
f 2471 2472 2470
f 2467 2471 2470
f 2473 2476 2472
f 2471 2473 2472
f 2479 2480 2476
f 2473 2479 2476
f 2481 2484 2480
f 2479 2481 2480
f 2487 2488 2484
f 2481 2487 2484
f 2489 2492 2488
f 2487 2489 2488
f 2495 2496 2492
f 2489 2495 2492
f 2497 2500 2496
f 2495 2497 2496
f 2498 2499 2500
f 2497 2498 2500
f 2501 2504 2499
f 2498 2501 2499
f 2502 2503 2504
f 2501 2502 2504
f 2505 2506 2503
f 2502 2505 2503
f 1902 1905 2506
f 2505 1902 2506
f 1901 1906 1905
f 1902 1901 1905
f 1911 1912 1906
f 1901 1911 1906
f 1913 1914 1912
f 1911 1913 1912
f 1919 1920 1914
f 1913 1919 1914
f 1921 1924 1920
f 1919 1921 1920
f 1925 1926 1924
f 1921 1925 1924
f 1922 1923 1926
f 1925 1922 1926
f 1927 1930 1923
f 1922 1927 1923
f 1935 1936 1930
f 1927 1935 1930
f 1937 1938 1936
f 1935 1937 1936
f 1943 1944 1938
f 1937 1943 1938
f 2517 2518 1944
f 1943 2517 1944
f 2515 2516 2518
f 2517 2515 2518
f 2519 2522 2516
f 2515 2519 2516
f 2523 2524 2522
f 2519 2523 2522
f 2525 2528 2524
f 2523 2525 2524
f 1948 1951 2528
f 2525 1948 2528
f 1947 1952 1951
f 1948 1947 1951
f 1955 1956 1952
f 1947 1955 1952
f 1957 1960 1956
f 1955 1957 1956
f 1958 1959 1960
f 1957 1958 1960
f 2539 2540 1959
f 1958 2539 1959
f 2537 2538 2540
f 2539 2537 2540
f 2541 2544 2538
f 2537 2541 2538
f 2542 2543 2544
f 2541 2542 2544
f 2545 2548 2543
f 2542 2545 2543
f 2546 2547 2548
f 2545 2546 2548
f 2549 2552 2547
f 2546 2549 2547
f 2550 2551 2552
f 2549 2550 2552
f 2553 2556 2551
f 2550 2553 2551
f 2561 2562 2556
f 2553 2561 2556
f 2563 2564 2562
f 2561 2563 2562
f 1962 1965 2564
f 2563 1962 2564
f 1961 1966 1965
f 1962 1961 1965
f 1971 1972 1966
f 1961 1971 1966
f 1977 1978 1972
f 1971 1977 1972
f 1979 1980 1978
f 1977 1979 1978
f 1981 1982 1980
f 1979 1981 1980
f 1983 1986 1982
f 1981 1983 1982
f 1984 1985 1986
f 1983 1984 1986
f 2569 2570 1985
f 1984 2569 1985
f 2573 2574 2570
f 2569 2573 2570
f 2575 2578 2574
f 2573 2575 2574
f 2579 2580 2578
f 2575 2579 2578
f 2581 2584 2580
f 2579 2581 2580
f 2585 2586 2584
f 2581 2585 2584
f 2587 2590 2586
f 2585 2587 2586
f 2593 2594 2590
f 2587 2593 2590
f 2599 2600 2594
f 2593 2599 2594
f 2601 2604 2600
f 2599 2601 2600
f 2605 2606 2604
f 2601 2605 2604
f 2607 2610 2606
f 2605 2607 2606
f 1988 1991 2610
f 2607 1988 2610
f 1987 1992 1991
f 1988 1987 1991
f 1993 1994 1992
f 1987 1993 1992
f 1995 1998 1994
f 1993 1995 1994
f 2001 2002 1998
f 1995 2001 1998
f 2003 2006 2002
f 2001 2003 2002
f 2007 2008 2006
f 2003 2007 2006
f 2009 2012 2008
f 2007 2009 2008
f 2013 2014 2012
f 2009 2013 2012
f 2015 2018 2014
f 2013 2015 2014
f 2019 2020 2018
f 2015 2019 2018
f 2023 2024 2020
f 2019 2023 2020
f 2025 2026 2024
f 2023 2025 2024
f 2027 2028 2026
f 2025 2027 2026
f 2029 2032 2028
f 2027 2029 2028
f 2033 2034 2032
f 2029 2033 2032
f 2631 2632 2034
f 2033 2631 2034
f 2629 2630 2632
f 2631 2629 2632
f 2633 2636 2630
f 2629 2633 2630
f 2634 2635 2636
f 2633 2634 2636
f 2637 2640 2635
f 2634 2637 2635
f 2638 2639 2640
f 2637 2638 2640
f 2641 2644 2639
f 2638 2641 2639
f 2642 2643 2644
f 2641 2642 2644
f 2645 2648 2643
f 2642 2645 2643
f 2649 2650 2648
f 2645 2649 2648
f 2651 2654 2650
f 2649 2651 2650
f 2652 2653 2654
f 2651 2652 2654
f 2655 2658 2653
f 2652 2655 2653
f 2656 2657 2658
f 2655 2656 2658
f 2659 2662 2657
f 2656 2659 2657
f 2660 2661 2662
f 2659 2660 2662
f 2663 2666 2661
f 2660 2663 2661
f 2664 2665 2666
f 2663 2664 2666
f 2667 2670 2665
f 2664 2667 2665
f 2668 2669 2670
f 2667 2668 2670
f 2671 2674 2669
f 2668 2671 2669
f 2672 2673 2674
f 2671 2672 2674
f 2675 2676 2673
f 2672 2675 2673
f 2040 2043 2676
f 2675 2040 2676
f 2039 2044 2043
f 2040 2039 2043
f 2041 2042 2044
f 2039 2041 2044
f 2046 2049 2042
f 2041 2046 2042
f 2045 2050 2049
f 2046 2045 2049
f 2051 2052 2050
f 2045 2051 2050
f 2053 2054 2052
f 2051 2053 2052
f 2055 2056 2054
f 2053 2055 2054
f 2059 2060 2056
f 2055 2059 2056
f 2061 2062 2060
f 2059 2061 2060
f 2063 2064 2062
f 2061 2063 2062
f 2065 2068 2064
f 2063 2065 2064
f 2066 2067 2068
f 2065 2066 2068
f 2687 2688 2067
f 2066 2687 2067
f 2685 2686 2688
f 2687 2685 2688
f 2689 2692 2686
f 2685 2689 2686
f 2690 2691 2692
f 2689 2690 2692
f 2693 2696 2691
f 2690 2693 2691
f 2694 2695 2696
f 2693 2694 2696
f 2697 2700 2695
f 2694 2697 2695
f 2698 2699 2700
f 2697 2698 2700
f 3145 3146 2699
f 2698 3145 2699
f 3143 3144 3146
f 3145 3143 3146
f 3147 3148 3144
f 3143 3147 3144
f 2702 2705 3148
f 3147 2702 3148
f 2701 2706 2705
f 2702 2701 2705
f 2703 2704 2706
f 2701 2703 2706
f 2707 2710 2704
f 2703 2707 2704
f 2711 2712 2710
f 2707 2711 2710
f 2713 2716 2712
f 2711 2713 2712
f 2719 2720 2716
f 2713 2719 2716
f 2721 2724 2720
f 2719 2721 2720
f 2078 2081 2724
f 2721 2078 2724
f 2077 2082 2081
f 2078 2077 2081
f 2083 2084 2082
f 2077 2083 2082
f 2085 2088 2084
f 2083 2085 2084
f 2091 2092 2088
f 2085 2091 2088
f 2094 2097 2092
f 2091 2094 2092
f 2093 2098 2097
f 2094 2093 2097
f 2101 2102 2098
f 2093 2101 2098
f 2103 2106 2102
f 2101 2103 2102
f 2109 2110 2106
f 2103 2109 2106
f 2111 2112 2110
f 2109 2111 2110
f 2113 2114 2112
f 2111 2113 2112
f 2727 2728 2114
f 2113 2727 2114
f 2731 2732 2728
f 2727 2731 2728
f 2733 2736 2732
f 2731 2733 2732
f 2737 2738 2736
f 2733 2737 2736
f 2739 2742 2738
f 2737 2739 2738
f 2116 2119 2742
f 2739 2116 2742
f 2115 2120 2119
f 2116 2115 2119
f 1567 1570 2120
f 2115 1567 2120
f 1019 1022 1570
f 1567 1019 1570
f 3 4 1022
f 1019 3 1022
f 1016 1017 4
f 3 1016 4
f 1565 1566 1017
f 1016 1565 1017
f 1010 1011 1566
f 1565 1010 1566
f 1563 1564 1011
f 1010 1563 1011
f 1004 1005 1564
f 1563 1004 1564
f 1561 1562 1005
f 1004 1561 1005
f 1556 1557 1562
f 1561 1556 1562
f 1555 1558 1557
f 1556 1555 1557
f 993 994 1558
f 1555 993 1558
f 1553 1554 994
f 993 1553 994
f 990 991 1554
f 1553 990 1554
f 1551 1552 991
f 990 1551 991
f 977 978 1552
f 1551 977 1552
f 975 976 978
f 977 975 978
f 969 970 976
f 975 969 976
f 964 965 970
f 969 964 970
f 1549 1550 965
f 964 1549 965
f 959 960 1550
f 1549 959 1550
f 956 957 960
f 959 956 960
f 1546 1547 957
f 956 1546 957
f 1545 1548 1547
f 1546 1545 1547
f 951 952 1548
f 1545 951 1548
f 1543 1544 952
f 951 1543 952
f 948 949 1544
f 1543 948 1544
f 1541 1542 949
f 948 1541 949
f 1539 1540 1542
f 1541 1539 1542
f 1537 1538 1540
f 1539 1537 1540
f 1535 1536 1538
f 1537 1535 1538
f 2075 2076 1536
f 1535 2075 1536
f 1533 1534 2076
f 2075 1533 2076
f 1531 1532 1534
f 1533 1531 1534
f 1527 1528 1532
f 1531 1527 1532
f 2073 2074 1528
f 1527 2073 1528
f 1523 1524 2074
f 2073 1523 2074
f 2071 2072 1524
f 1523 2071 1524
f 1521 1522 2072
f 2071 1521 2072
f 1519 1520 1522
f 1521 1519 1522
f 909 910 1520
f 1519 909 1520
f 1517 1518 910
f 909 1517 910
f 1515 1516 1518
f 1517 1515 1518
f 2069 2070 1516
f 1515 2069 1516
f 1511 1512 2070
f 2069 1511 2070
f 1509 1510 1512
f 1511 1509 1512
f 1507 1508 1510
f 1509 1507 1510
f 1505 1506 1508
f 1507 1505 1508
f 895 896 1506
f 1505 895 1506
f 892 893 896
f 895 892 896
f 1503 1504 893
f 892 1503 893
f 1501 1502 1504
f 1503 1501 1504
f 887 888 1502
f 1501 887 1502
f 885 886 888
f 887 885 888
f 1499 1500 886
f 885 1499 886
f 881 882 1500
f 1499 881 1500
f 878 879 882
f 881 878 882
f 1497 1498 879
f 878 1497 879
f 1495 1496 1498
f 1497 1495 1498
f 873 874 1496
f 1495 873 1496
f 870 871 874
f 873 870 874
f 1493 1494 871
f 870 1493 871
f 864 865 1494
f 1493 864 1494
f 1491 1492 865
f 864 1491 865
f 1487 1488 1492
f 1491 1487 1492
f 2037 2038 1488
f 1487 2037 1488
f 1484 1485 2038
f 2037 1484 2038
f 1483 1486 1485
f 1484 1483 1485
f 852 853 1486
f 1483 852 1486
f 1481 1482 853
f 852 1481 853
f 1479 1480 1482
f 1481 1479 1482
f 2035 2036 1480
f 1479 2035 1480
f 1476 1477 2036
f 2035 1476 2036
f 1475 1478 1477
f 1476 1475 1477
f 838 839 1478
f 1475 838 1478
f 1473 1474 839
f 838 1473 839
f 831 832 1474
f 1473 831 1474
f 1471 1472 832
f 831 1471 832
f 1467 1468 1472
f 1471 1467 1472
f 1465 1466 1468
f 1467 1465 1468
f 824 825 1466
f 1465 824 1466
f 1463 1464 825
f 824 1463 825
f 813 814 1464
f 1463 813 1464
f 1461 1462 814
f 813 1461 814
f 1459 1460 1462
f 1461 1459 1462
f 1455 1458 1460
f 1459 1455 1460
f 807 808 1458
f 1455 807 1458
f 805 806 808
f 807 805 808
f 802 803 806
f 805 802 806
f 1453 1454 803
f 802 1453 803
f 797 798 1454
f 1453 797 1454
f 792 793 798
f 797 792 798
f 786 787 793
f 792 786 793
f 780 781 787
f 786 780 787
f 1451 1452 781
f 780 1451 781
f 1449 1450 1452
f 1451 1449 1452
f 775 776 1450
f 1449 775 1450
f 772 773 776
f 775 772 776
f 1447 1448 773
f 772 1447 773
f 1443 1444 1448
f 1447 1443 1448
f 1441 1442 1444
f 1443 1441 1444
f 761 762 1442
f 1441 761 1442
f 1439 1440 762
f 761 1439 762
f 758 759 1440
f 1439 758 1440
f 1437 1438 759
f 758 1437 759
f 752 753 1438
f 1437 752 1438
f 1435 1436 753
f 752 1435 753
f 745 746 1436
f 1435 745 1436
f 742 743 746
f 745 742 746
f 1433 1434 743
f 742 1433 743
f 733 734 1434
f 1433 733 1434
f 1431 1432 734
f 733 1431 734
f 731 732 1432
f 1431 731 1432
f 1429 1430 732
f 731 1429 732
f 728 729 1430
f 1429 728 1430
f 1427 1428 729
f 728 1427 729
f 722 723 1428
f 1427 722 1428
f 1425 1426 723
f 722 1425 723
f 716 717 1426
f 1425 716 1426
f 711 712 717
f 716 711 717
f 708 709 712
f 711 708 712
f 1423 1424 709
f 708 1423 709
f 703 704 1424
f 1423 703 1424
f 701 702 704
f 703 701 704
f 693 694 702
f 701 693 702
f 687 688 694
f 693 687 694
f 684 685 688
f 687 684 688
f 677 678 685
f 684 677 685
f 1421 1422 678
f 677 1421 678
f 1416 1417 1422
f 1421 1416 1422
f 1415 1418 1417
f 1416 1415 1417
f 671 672 1418
f 1415 671 1418
f 1413 1414 672
f 671 1413 672
f 668 669 1414
f 1413 668 1414
f 1411 1412 669
f 668 1411 669
f 1409 1410 1412
f 1411 1409 1412
f 1407 1408 1410
f 1409 1407 1410
f 658 659 1408
f 1407 658 1408
f 1405 1406 659
f 658 1405 659
f 653 654 1406
f 1405 653 1406
f 650 651 654
f 653 650 654
f 1402 1403 651
f 650 1402 651
f 1401 1404 1403
f 1402 1401 1403
f 643 644 1404
f 1401 643 1404
f 1399 1400 644
f 643 1399 644
f 1397 1398 1400
f 1399 1397 1400
f 1945 1946 1398
f 1397 1945 1398
f 1393 1394 1946
f 1945 1393 1946
f 1391 1392 1394
f 1393 1391 1394
f 631 632 1392
f 1391 631 1392
f 1387 1388 632
f 631 1387 632
f 625 626 1388
f 1387 625 1388
f 1385 1386 626
f 625 1385 626
f 622 623 1386
f 1385 622 1386
f 617 618 623
f 622 617 623
f 614 615 618
f 617 614 618
f 609 610 615
f 614 609 615
f 605 606 610
f 609 605 610
f 1383 1384 606
f 605 1383 606
f 1379 1380 1384
f 1383 1379 1384
f 585 586 1380
f 1379 585 1380
f 582 583 586
f 585 582 586
f 1377 1378 583
f 582 1377 583
f 577 578 1378
f 1377 577 1378
f 574 575 578
f 577 574 578
f 568 569 575
f 574 568 575
f 561 562 569
f 568 561 569
f 1375 1376 562
f 561 1375 562
f 1371 1372 1376
f 1375 1371 1376
f 1369 1370 1372
f 1371 1369 1372
f 554 555 1370
f 1369 554 1370
f 1367 1368 555
f 554 1367 555
f 1365 1366 1368
f 1367 1365 1368
f 1899 1900 1366
f 1365 1899 1366
f 1363 1364 1900
f 1899 1363 1900
f 1897 1898 1364
f 1363 1897 1364
f 1361 1362 1898
f 1897 1361 1898
f 1895 1896 1362
f 1361 1895 1362
f 1355 1356 1896
f 1895 1355 1896
f 1351 1352 1356
f 1355 1351 1356
f 534 535 1352
f 1351 534 1352
f 1349 1350 535
f 534 1349 535
f 1347 1348 1350
f 1349 1347 1350
f 1345 1346 1348
f 1347 1345 1348
f 524 525 1346
f 1345 524 1346
f 1343 1344 525
f 524 1343 525
f 515 516 1344
f 1343 515 1344
f 513 514 516
f 515 513 516
f 509 510 514
f 513 509 514
f 1341 1342 510
f 509 1341 510
f 1337 1338 1342
f 1341 1337 1342
f 503 504 1338
f 1337 503 1338
f 500 501 504
f 503 500 504
f 495 496 501
f 500 495 501
f 493 494 496
f 495 493 496
f 489 490 494
f 493 489 494
f 482 483 490
f 489 482 490
f 477 478 483
f 482 477 483
f 474 475 478
f 477 474 478
f 1335 1336 475
f 474 1335 475
f 467 468 1336
f 1335 467 1336
f 1333 1334 468
f 467 1333 468
f 1329 1330 1334
f 1333 1329 1334
f 1327 1328 1330
f 1329 1327 1330
f 457 458 1328
f 1327 457 1328
f 455 456 458
f 457 455 458
f 452 453 456
f 455 452 456
f 447 448 453
f 452 447 453
f 444 445 448
f 447 444 448
f 1323 1324 445
f 444 1323 445
f 1320 1321 1324
f 1323 1320 1324
f 1311 1312 1321
f 1320 1311 1321
f 1841 1842 1312
f 1311 1841 1312
f 1308 1309 1842
f 1841 1308 1842
f 1839 1840 1309
f 1308 1839 1309
f 1303 1304 1840
f 1839 1303 1840
f 1837 1838 1304
f 1303 1837 1304
f 1300 1301 1838
f 1837 1300 1838
f 1835 1836 1301
f 1300 1835 1301
f 1294 1295 1836
f 1835 1294 1836
f 1833 1834 1295
f 1294 1833 1295
f 1288 1289 1834
f 1833 1288 1834
f 1283 1284 1289
f 1288 1283 1289
f 1277 1278 1284
f 1283 1277 1284
f 1275 1276 1278
f 1277 1275 1278
f 1271 1272 1276
f 1275 1271 1276
f 1269 1270 1272
f 1271 1269 1272
f 1267 1268 1270
f 1269 1267 1270
f 1264 1265 1268
f 1267 1264 1268
f 1831 1832 1265
f 1264 1831 1265
f 1259 1260 1832
f 1831 1259 1832
f 1256 1257 1260
f 1259 1256 1260
f 1251 1252 1257
f 1256 1251 1257
f 1248 1249 1252
f 1251 1248 1252
f 1828 1829 1249
f 1248 1828 1249
f 1827 1830 1829
f 1828 1827 1829
f 1241 1242 1830
f 1827 1241 1830
f 1825 1826 1242
f 1241 1825 1242
f 1822 1823 1826
f 1825 1822 1826
f 2393 2394 1823
f 1822 2393 1823
f 1814 1815 2394
f 2393 1814 2394
f 1813 1816 1815
f 1814 1813 1815
f 1233 1234 1816
f 1813 1233 1816
f 1811 1812 1234
f 1233 1811 1234
f 1809 1810 1812
f 1811 1809 1812
f 2391 2392 1810
f 1809 2391 1810
f 1805 1806 2392
f 2391 1805 2392
f 2389 2390 1806
f 1805 2389 1806
f 1802 1803 2390
f 2389 1802 2390
f 1801 1804 1803
f 1802 1801 1803
f 1223 1224 1804
f 1801 1223 1804
f 1799 1800 1224
f 1223 1799 1224
f 1220 1221 1800
f 1799 1220 1800
f 1797 1798 1221
f 1220 1797 1221
f 1795 1796 1798
f 1797 1795 1798
f 2387 2388 1796
f 1795 2387 1796
f 1792 1793 2388
f 2387 1792 2388
f 2385 2386 1793
f 1792 2385 1793
f 1784 1785 2386
f 2385 1784 2386
f 1783 1786 1785
f 1784 1783 1785
f 1209 1210 1786
f 1783 1209 1786
f 1207 1208 1210
f 1209 1207 1210
f 1204 1205 1208
f 1207 1204 1208
f 1199 1200 1205
f 1204 1199 1205
f 1193 1194 1200
f 1199 1193 1200
f 1191 1192 1194
f 1193 1191 1194
f 1189 1190 1192
f 1191 1189 1192
f 433 434 1190
f 1189 433 1190
f 431 432 434
f 433 431 434
f 425 426 432
f 431 425 432
f 422 423 426
f 425 422 426
f 415 416 423
f 422 415 423
f 1187 1188 416
f 415 1187 416
f 1183 1184 1188
f 1187 1183 1188
f 1769 1770 1184
f 1183 1769 1184
f 1180 1181 1770
f 1769 1180 1770
f 1179 1182 1181
f 1180 1179 1181
f 408 409 1182
f 1179 408 1182
f 1177 1178 409
f 408 1177 409
f 1175 1176 1178
f 1177 1175 1178
f 1767 1768 1176
f 1175 1767 1176
f 1172 1173 1768
f 1767 1172 1768
f 1171 1174 1173
f 1172 1171 1173
f 393 394 1174
f 1171 393 1174
f 1169 1170 394
f 393 1169 394
f 1165 1166 1170
f 1169 1165 1170
f 1163 1164 1166
f 1165 1163 1166
f 386 387 1164
f 1163 386 1164
f 1161 1162 387
f 386 1161 387
f 1159 1160 1162
f 1161 1159 1162
f 1765 1766 1160
f 1159 1765 1160
f 1157 1158 1766
f 1765 1157 1766
f 1155 1156 1158
f 1157 1155 1158
f 364 365 1156
f 1155 364 1156
f 359 360 365
f 364 359 365
f 356 357 360
f 359 356 360
f 351 352 357
f 356 351 357
f 345 346 352
f 351 345 352
f 343 344 346
f 345 343 346
f 341 342 344
f 343 341 344
f 337 338 342
f 341 337 342
f 335 336 338
f 337 335 338
f 332 333 336
f 335 332 336
f 326 327 333
f 332 326 333
f 317 318 327
f 326 317 327
f 1153 1154 318
f 317 1153 318
f 313 314 1154
f 1153 313 1154
f 1151 1152 314
f 313 1151 314
f 1142 1143 1152
f 1151 1142 1152
f 1141 1144 1143
f 1142 1141 1143
f 307 308 1144
f 1141 307 1144
f 1139 1140 308
f 307 1139 308
f 304 305 1140
f 1139 304 1140
f 1137 1138 305
f 304 1137 305
f 294 295 1138
f 1137 294 1138
f 1135 1136 295
f 294 1135 295
f 288 289 1136
f 1135 288 1136
f 276 277 289
f 288 276 289
f 1133 1134 277
f 276 1133 277
f 270 271 1134
f 1133 270 1134
f 1131 1132 271
f 270 1131 271
f 1129 1130 1132
f 1131 1129 1132
f 261 262 1130
f 1129 261 1130
f 258 259 262
f 261 258 262
f 1127 1128 259
f 258 1127 259
f 252 253 1128
f 1127 252 1128
f 1125 1126 253
f 252 1125 253
f 238 239 1126
f 1125 238 1126
f 233 234 239
f 238 233 239
f 225 226 234
f 233 225 234
f 219 220 226
f 225 219 226
f 216 217 220
f 219 216 220
f 209 210 217
f 216 209 217
f 1123 1124 210
f 209 1123 210
f 1114 1115 1124
f 1123 1114 1124
f 1113 1116 1115
f 1114 1113 1115
f 203 204 1116
f 1113 203 1116
f 1111 1112 204
f 203 1111 204
f 200 201 1112
f 1111 200 1112
f 1109 1110 201
f 200 1109 201
f 1107 1108 1110
f 1109 1107 1110
f 1655 1656 1108
f 1107 1655 1108
f 1105 1106 1656
f 1655 1105 1656
f 1103 1104 1106
f 1105 1103 1106
f 1098 1099 1104
f 1103 1098 1104
f 1097 1100 1099
f 1098 1097 1099
f 188 189 1100
f 1097 188 1100
f 1095 1096 189
f 188 1095 189
f 1093 1094 1096
f 1095 1093 1096
f 1653 1654 1094
f 1093 1653 1094
f 1090 1091 1654
f 1653 1090 1654
f 1089 1092 1091
f 1090 1089 1091
f 170 171 1092
f 1089 170 1092
f 1086 1087 171
f 170 1086 171
f 1651 1652 1087
f 1086 1651 1087
f 1085 1088 1652
f 1651 1085 1652
f 163 164 1088
f 1085 163 1088
f 1083 1084 164
f 163 1083 164
f 162 165 1084
f 1083 162 1084
f 161 166 165
f 162 161 165
f 167 168 166
f 161 167 166
f 169 172 168
f 167 169 168
f 173 174 172
f 169 173 172
f 175 178 174
f 173 175 174
f 176 177 178
f 175 176 178
f 179 182 177
f 176 179 177
f 180 181 182
f 179 180 182
f 183 186 181
f 180 183 181
f 184 185 186
f 183 184 186
f 187 190 185
f 184 187 185
f 191 192 190
f 187 191 190
f 1101 1102 192
f 191 1101 192
f 194 197 1102
f 1101 194 1102
f 193 198 197
f 194 193 197
f 195 196 198
f 193 195 198
f 199 202 196
f 195 199 196
f 205 206 202
f 199 205 202
f 1119 1120 206
f 205 1119 206
f 1117 1118 1120
f 1119 1117 1120
f 1121 1122 1118
f 1117 1121 1118
f 208 211 1122
f 1121 208 1122
f 207 212 211
f 208 207 211
f 213 214 212
f 207 213 212
f 215 218 214
f 213 215 214
f 221 222 218
f 215 221 218
f 223 224 222
f 221 223 222
f 227 228 224
f 223 227 224
f 229 230 228
f 227 229 228
f 231 232 230
f 229 231 230
f 235 236 232
f 231 235 232
f 237 240 236
f 235 237 236
f 241 242 240
f 237 241 240
f 243 246 242
f 241 243 242
f 244 245 246
f 243 244 246
f 247 250 245
f 244 247 245
f 248 249 250
f 247 248 250
f 251 254 249
f 248 251 249
f 255 256 254
f 251 255 254
f 257 260 256
f 255 257 256
f 263 264 260
f 257 263 260
f 265 268 264
f 263 265 264
f 266 267 268
f 265 266 268
f 269 272 267
f 266 269 267
f 273 274 272
f 269 273 272
f 275 278 274
f 273 275 274
f 279 280 278
f 275 279 278
f 281 284 280
f 279 281 280
f 285 286 284
f 281 285 284
f 282 283 286
f 285 282 286
f 287 290 283
f 282 287 283
f 291 292 290
f 287 291 290
f 293 296 292
f 291 293 292
f 297 298 296
f 293 297 296
f 299 302 298
f 297 299 298
f 300 301 302
f 299 300 302
f 303 306 301
f 300 303 301
f 309 310 306
f 303 309 306
f 1147 1148 310
f 309 1147 310
f 1145 1146 1148
f 1147 1145 1148
f 1149 1150 1146
f 1145 1149 1146
f 312 315 1150
f 1149 312 1150
f 311 316 315
f 312 311 315
f 319 320 316
f 311 319 316
f 321 322 320
f 319 321 320
f 323 324 322
f 321 323 322
f 325 328 324
f 323 325 324
f 329 330 328
f 325 329 328
f 331 334 330
f 329 331 330
f 339 340 334
f 331 339 334
f 347 348 340
f 339 347 340
f 349 350 348
f 347 349 348
f 353 354 350
f 349 353 350
f 355 358 354
f 353 355 354
f 361 362 358
f 355 361 358
f 363 366 362
f 361 363 362
f 367 368 366
f 363 367 366
f 369 372 368
f 367 369 368
f 370 371 372
f 369 370 372
f 373 376 371
f 370 373 371
f 374 375 376
f 373 374 376
f 377 380 375
f 374 377 375
f 378 379 380
f 377 378 380
f 381 384 379
f 378 381 379
f 382 383 384
f 381 382 384
f 385 388 383
f 382 385 383
f 389 390 388
f 385 389 388
f 1167 1168 390
f 389 1167 390
f 392 395 1168
f 1167 392 1168
f 391 396 395
f 392 391 395
f 397 398 396
f 391 397 396
f 399 402 398
f 397 399 398
f 400 401 402
f 399 400 402
f 403 406 401
f 400 403 401
f 404 405 406
f 403 404 406
f 407 410 405
f 404 407 405
f 411 412 410
f 407 411 410
f 1185 1186 412
f 411 1185 412
f 414 417 1186
f 1185 414 1186
f 413 418 417
f 414 413 417
f 419 420 418
f 413 419 418
f 421 424 420
f 419 421 420
f 427 428 424
f 421 427 424
f 429 430 428
f 427 429 428
f 435 436 430
f 429 435 430
f 1195 1196 436
f 435 1195 436
f 1197 1198 1196
f 1195 1197 1196
f 1201 1202 1198
f 1197 1201 1198
f 1203 1206 1202
f 1201 1203 1202
f 1211 1212 1206
f 1203 1211 1206
f 1789 1790 1212
f 1211 1789 1212
f 1787 1788 1790
f 1789 1787 1790
f 1791 1794 1788
f 1787 1791 1788
f 1214 1217 1794
f 1791 1214 1794
f 1213 1218 1217
f 1214 1213 1217
f 1215 1216 1218
f 1213 1215 1218
f 1219 1222 1216
f 1215 1219 1216
f 1225 1226 1222
f 1219 1225 1222
f 1227 1230 1226
f 1225 1227 1226
f 1228 1229 1230
f 1227 1228 1230
f 1807 1808 1229
f 1228 1807 1229
f 1232 1235 1808
f 1807 1232 1808
f 1231 1236 1235
f 1232 1231 1235
f 1237 1238 1236
f 1231 1237 1236
f 1819 1820 1238
f 1237 1819 1238
f 1817 1818 1820
f 1819 1817 1820
f 1821 1824 1818
f 1817 1821 1818
f 1240 1243 1824
f 1821 1240 1824
f 1239 1244 1243
f 1240 1239 1243
f 1245 1246 1244
f 1239 1245 1244
f 1247 1250 1246
f 1245 1247 1246
f 1253 1254 1250
f 1247 1253 1250
f 1255 1258 1254
f 1253 1255 1254
f 1261 1262 1258
f 1255 1261 1258
f 1263 1266 1262
f 1261 1263 1262
f 1273 1274 1266
f 1263 1273 1266
f 1279 1280 1274
f 1273 1279 1274
f 1281 1282 1280
f 1279 1281 1280
f 1285 1286 1282
f 1281 1285 1282
f 1287 1290 1286
f 1285 1287 1286
f 1291 1292 1290
f 1287 1291 1290
f 1293 1296 1292
f 1291 1293 1292
f 1297 1298 1296
f 1293 1297 1296
f 1299 1302 1298
f 1297 1299 1298
f 1305 1306 1302
f 1299 1305 1302
f 1307 1310 1306
f 1305 1307 1306
f 1313 1314 1310
f 1307 1313 1310
f 1315 1318 1314
f 1313 1315 1314
f 1316 1317 1318
f 1315 1316 1318
f 1319 1322 1317
f 1316 1319 1317
f 1325 1326 1322
f 1319 1325 1322
f 438 441 1326
f 1325 438 1326
f 437 442 441
f 438 437 441
f 439 440 442
f 437 439 442
f 443 446 440
f 439 443 440
f 449 450 446
f 443 449 446
f 451 454 450
f 449 451 450
f 459 460 454
f 451 459 454
f 461 464 460
f 459 461 460
f 462 463 464
f 461 462 464
f 1331 1332 463
f 462 1331 463
f 466 469 1332
f 1331 466 1332
f 465 470 469
f 466 465 469
f 471 472 470
f 465 471 470
f 473 476 472
f 471 473 472
f 479 480 476
f 473 479 476
f 481 484 480
f 479 481 480
f 485 486 484
f 481 485 484
f 487 488 486
f 485 487 486
f 491 492 488
f 487 491 488
f 497 498 492
f 491 497 492
f 499 502 498
f 497 499 498
f 505 506 502
f 499 505 502
f 1339 1340 506
f 505 1339 506
f 508 511 1340
f 1339 508 1340
f 507 512 511
f 508 507 511
f 517 518 512
f 507 517 512
f 519 522 518
f 517 519 518
f 520 521 522
f 519 520 522
f 523 526 521
f 520 523 521
f 527 528 526
f 523 527 526
f 529 532 528
f 527 529 528
f 530 531 532
f 529 530 532
f 533 536 531
f 530 533 531
f 537 538 536
f 533 537 536
f 1353 1354 538
f 537 1353 538
f 1357 1358 1354
f 1353 1357 1354
f 1359 1360 1358
f 1357 1359 1358
f 540 543 1360
f 1359 540 1360
f 539 544 543
f 540 539 543
f 541 542 544
f 539 541 544
f 545 548 542
f 541 545 542
f 546 547 548
f 545 546 548
f 549 552 547
f 546 549 547
f 550 551 552
f 549 550 552
f 553 556 551
f 550 553 551
f 557 558 556
f 553 557 556
f 1373 1374 558
f 557 1373 558
f 560 563 1374
f 1373 560 1374
f 559 564 563
f 560 559 563
f 565 566 564
f 559 565 564
f 567 570 566
f 565 567 566
f 571 572 570
f 567 571 570
f 573 576 572
f 571 573 572
f 579 580 576
f 573 579 576
f 581 584 580
f 579 581 580
f 587 588 584
f 581 587 584
f 589 592 588
f 587 589 588
f 4764 4556 4758
f 4758 4768 4764
f 4755 4555 4761
f 4761 4767 4755

